{"type":"FeatureCollection","timeStamp":"2026-08-27T09:39:53Z","links":[{"rel":"self","title":"This document as GeoJSON","type":"application/geo+json","href":"https://api.pdok.nl/kadaster/brk-administratieve-eenheden/ogc/v1/collections/administrativeunit/items?crs=http%3A%2F%2Fwww.opengis.net%2Fdef%2Fcrs%2FEPSG%2F0%2F4258&f=json"},{"rel":"alternate","title":"This document as JSON-FG","type":"application/vnd.ogc.fg+json","href":"https://api.pdok.nl/kadaster/brk-administratieve-eenheden/ogc/v1/collections/administrativeunit/items?crs=http%3A%2F%2Fwww.opengis.net%2Fdef%2Fcrs%2FEPSG%2F0%2F4258&f=jsonfg"},{"rel":"alternate","title":"This document as HTML","type":"text/html","href":"https://api.pdok.nl/kadaster/brk-administratieve-eenheden/ogc/v1/collections/administrativeunit/items?crs=http%3A%2F%2Fwww.opengis.net%2Fdef%2Fcrs%2FEPSG%2F0%2F4258&f=html"},{"rel":"next","title":"Next page","type":"application/geo+json","href":"https://api.pdok.nl/kadaster/brk-administratieve-eenheden/ogc/v1/collections/administrativeunit/items?crs=http%3A%2F%2Fwww.opengis.net%2Fdef%2Fcrs%2FEPSG%2F0%2F4258&cursor=Cw%7C764qTA&f=json"}],"features":[{"type":"Feature","properties":{"begin_lifespan_version":"2025-12-31T23:00:00Z","local_id":"GM0263","name":"Maasdriel","national_code":"0263","national_level":"3rdOrder","national_level_name":"Gemeente","residence_of_authority":null,"upper_level_unit":"Gelderland"},"geometry":{"type":"MultiPolygon","coordinates":[[[[51.73929595,5.26612832],[51.73946028,5.26703537],[51.7396351,5.26843146],[51.73964152,5.26848268],[51.73966009,5.26865698],[51.73979578,5.26993008],[51.73994103,5.27137751],[51.74006829,5.272825],[51.7401416,5.27427263],[51.74016995,5.27572037],[51.7401803,5.27716816],[51.7401457,5.27861606],[51.74008411,5.28006402],[51.73999554,5.28151204],[51.73983504,5.28296022],[51.73978803,5.28322273],[51.73963532,5.28407545],[51.73957565,5.28440861],[51.73920838,5.28585723],[51.73875122,5.28730602],[51.73822212,5.28875494],[51.737702,5.29020381],[51.73726275,5.29165247],[51.73697629,5.29310079],[51.73679767,5.29454887],[51.73671791,5.29599674],[51.73674915,5.29649361],[51.73680891,5.29744426],[51.73700775,5.29889158],[51.73728748,5.30033876],[51.73771099,5.30178568],[51.73778417,5.30197228],[51.73827831,5.30323236],[51.7389265,5.30467893],[51.73956569,5.30612556],[51.7397653,5.30657734],[51.74020486,5.30757223],[51.740853,5.30901893],[51.74151011,5.31046565],[51.74151072,5.31046698],[51.74217619,5.3119124],[51.74287821,5.31335914],[51.74357122,5.31480593],[51.74425523,5.31625278],[51.74488528,5.31769976],[51.74546139,5.31914686],[51.74559517,5.31950531],[51.74600153,5.32059405],[51.74652367,5.3220413],[51.74698287,5.32348867],[51.74743307,5.32493608],[51.74789428,5.32641396],[51.74805474,5.32691956],[51.7482862,5.32768314],[51.74832442,5.32783101],[51.74877457,5.32927851],[51.74922469,5.33072603],[51.74964784,5.33217362],[51.74987499,5.33300367],[51.750044,5.33362127],[51.75044014,5.33506895],[51.75082728,5.33651666],[51.75121439,5.33796439],[51.75161947,5.33941213],[51.75187461,5.34034476],[51.75201554,5.34085991],[51.75237564,5.34230775],[51.75272673,5.34375562],[51.75294918,5.34469713],[51.75306882,5.34520352],[51.75341987,5.34665143],[51.75353917,5.34710839],[51.75379788,5.34809934],[51.75419384,5.34954726],[51.75449251,5.3505698],[51.75461675,5.35099519],[51.75508459,5.35244311],[51.75547729,5.35351444],[51.75561532,5.35389101],[51.75630783,5.35533883],[51.75684893,5.35619851],[51.75699124,5.35642462],[51.75789038,5.35756823],[51.75878945,5.35850911],[51.75968848,5.3592907],[51.76058748,5.35992748],[51.76148641,5.36031803],[51.76192904,5.36043902],[51.76238531,5.36056375],[51.76328417,5.36066462],[51.76418302,5.36069307],[51.76508185,5.3606346],[51.76598067,5.36056164],[51.76648829,5.36052862],[51.76665415,5.36051783],[51.7668795,5.36050316],[51.76777833,5.36044469],[51.76867717,5.36042967],[51.76957602,5.36044363],[51.77047486,5.36047207],[51.77137372,5.3605295],[51.77227258,5.3606159],[51.77317145,5.36076026],[51.77339927,5.36080419],[51.7735307,5.36082954],[51.77407033,5.36093361],[51.77496921,5.36110696],[51.7758681,5.36132379],[51.776767,5.36158409],[51.7776659,5.36187339],[51.77856481,5.36219168],[51.77946373,5.36253896],[51.78036265,5.36294422],[51.78126157,5.36333501],[51.78190095,5.36364389],[51.7821605,5.36376928],[51.78302672,5.36424362],[51.78305944,5.36426154],[51.78395838,5.36478281],[51.78485732,5.36531859],[51.78575626,5.36591236],[51.78665522,5.36654963],[51.78755417,5.36718693],[51.78845313,5.36791121],[51.78935209,5.36865002],[51.79009114,5.36926935],[51.79025104,5.36940336],[51.79115,5.37024369],[51.79204896,5.37109854],[51.79294792,5.37201142],[51.79327329,5.37237229],[51.79332549,5.3724302],[51.79384689,5.3730113],[51.79425218,5.37346865],[51.79474584,5.37402571],[51.79564479,5.37505466],[51.79654372,5.37601118],[51.79744264,5.37688075],[51.79834155,5.37773586],[51.79836202,5.37775467],[51.79924045,5.37856201],[51.80013934,5.3793447],[51.80103823,5.38017091],[51.80193712,5.38096816],[51.80283599,5.38173645],[51.80373487,5.38257726],[51.80463373,5.3834906],[51.8055326,5.38450546],[51.80643146,5.38560737],[51.8073303,5.38676732],[51.80807512,5.38786071],[51.80822914,5.38808681],[51.80912762,5.38934898],[51.80914522,5.3893737],[51.81002676,5.39066795],[51.81092555,5.3919876],[51.81182433,5.3932348],[51.8127231,5.39440954],[51.81362187,5.39539581],[51.81448743,5.39627583],[51.81452064,5.3963096],[51.8154194,5.39713641],[51.81631818,5.39780374],[51.81721696,5.39842757],[51.81788699,5.39890347],[51.81811573,5.39906594],[51.8190145,5.39968983],[51.81991325,5.40050229],[51.82089284,5.40170642],[51.82161172,5.40315709],[51.82208789,5.4046077],[51.82242023,5.40605829],[51.82259077,5.40750882],[51.82262646,5.4089593],[51.82254529,5.41040972],[51.82232028,5.41186005],[51.82195144,5.41331029],[51.82148625,5.41444675],[51.82135787,5.41476037],[51.82129022,5.41488552],[51.82178762,5.41555041],[51.82192624,5.41574034],[51.82214881,5.41592594],[51.82246931,5.41616545],[51.82256315,5.41619712],[51.82263985,5.416223],[51.82304103,5.41614858],[51.82314142,5.41612486],[51.82328259,5.41605643],[51.82336821,5.41600052],[51.82348775,5.41592466],[51.82357247,5.4158646],[51.82360859,5.41583539],[51.82368744,5.41577],[51.82373533,5.41572122],[51.8237905,5.41565876],[51.82386004,5.41558907],[51.82398791,5.41543451],[51.8240666,5.41534998],[51.82418218,5.41525621],[51.82435359,5.4151433],[51.82440076,5.41511834],[51.82451864,5.41504396],[51.82456477,5.41502823],[51.82469748,5.41500169],[51.82476289,5.41499294],[51.82489488,5.41496776],[51.82493784,5.41496505],[51.82501749,5.41501553],[51.82580853,5.41313097],[51.82584607,5.41300968],[51.82585038,5.41299989],[51.82585098,5.41299853],[51.82696428,5.41130867],[51.8271566,5.41102778],[51.8271662,5.41101372],[51.82715336,5.41097693],[51.82777901,5.41022941],[51.8277802,5.41022797],[51.8281033,5.40983964],[51.82844861,5.40942558],[51.82840568,5.40930641],[51.82838809,5.4092577],[51.82852603,5.40909843],[51.82855787,5.40906548],[51.82865088,5.40896934],[51.82866478,5.40895542],[51.82873459,5.40888573],[51.82892708,5.40869089],[51.82893203,5.40868588],[51.82912039,5.40849318],[51.82928066,5.40833145],[51.82928707,5.40832549],[51.82932587,5.40828943],[51.82933003,5.40828556],[51.82935751,5.40826001],[51.82936496,5.40825311],[51.82946044,5.40816267],[51.82948046,5.40814368],[51.8295204,5.4081055],[51.82962019,5.40801012],[51.82984401,5.40779259],[51.83016426,5.40756305],[51.83018258,5.4075525],[51.8301884,5.40754915],[51.83043289,5.40741048],[51.83047358,5.40738809],[51.83061662,5.40733364],[51.83070954,5.40729779],[51.8309966,5.40715776],[51.83125986,5.40706784],[51.83129187,5.4070603],[51.83135251,5.40704601],[51.83137788,5.40704413],[51.83138668,5.40704347],[51.83160494,5.40706453],[51.83250264,5.40699452],[51.83251476,5.40699359],[51.83251656,5.40699343],[51.83264248,5.40698336],[51.83280058,5.40697072],[51.83279322,5.40670122],[51.83277994,5.40669602],[51.83277027,5.4062241],[51.83276959,5.40619047],[51.83276781,5.40618603],[51.83275752,5.40616029],[51.83271877,5.40614645],[51.83271785,5.40612512],[51.83271688,5.40610267],[51.83270874,5.40591416],[51.83270567,5.40584336],[51.83272999,5.40585735],[51.83292173,5.40566622],[51.83323211,5.40564071],[51.83336656,5.40562967],[51.83376748,5.40559672],[51.83376869,5.40559662],[51.83401617,5.4055763],[51.83402049,5.40557598],[51.83402163,5.40557589],[51.8341522,5.40556763],[51.83420299,5.40556461],[51.83421685,5.40556379],[51.83440394,5.40555262],[51.8344657,5.40557409],[51.83449766,5.40554154],[51.83450326,5.40553586],[51.83453156,5.40550704],[51.83453907,5.40549666],[51.83454084,5.40549421],[51.83465417,5.40533771],[51.83470626,5.40525177],[51.8347233,5.40522051],[51.83483264,5.40514545],[51.83497221,5.40530705],[51.83499166,5.4053232],[51.83503566,5.40538262],[51.83534372,5.40500556],[51.83534595,5.40498834],[51.83535485,5.40491841],[51.8353888,5.40461025],[51.83538893,5.40460884],[51.83540363,5.40457791],[51.83691434,5.40193399],[51.83693027,5.4019085],[51.83697027,5.40184449],[51.83699633,5.40178015],[51.83708471,5.40162634],[51.83758408,5.40076821],[51.83765881,5.40063329],[51.83382904,5.39348219],[51.83357864,5.39304411],[51.83342679,5.39282198],[51.83253036,5.39135261],[51.83170948,5.39013473],[51.8309385,5.38900298],[51.8301945,5.38795806],[51.8296708,5.38726854],[51.82903151,5.38646881],[51.82859289,5.38594223],[51.82818566,5.38538614],[51.82729184,5.38439149],[51.82469071,5.38170844],[51.82271108,5.37986935],[51.82209401,5.37931615],[51.8215002,5.37883104],[51.82045824,5.37801996],[51.81925253,5.37710935],[51.81868034,5.37669432],[51.81774558,5.37599572],[51.81700735,5.37541608],[51.81628227,5.37481796],[51.81571774,5.3743362],[51.81488367,5.37358021],[51.81410139,5.37287758],[51.81362724,5.37242068],[51.81278524,5.37162082],[51.81235018,5.37112244],[51.81169227,5.37039721],[51.81084667,5.36940069],[51.81052727,5.36902508],[51.81034423,5.3688207],[51.80979579,5.3681824],[51.80969515,5.36805901],[51.80942765,5.36775498],[51.80929039,5.36758659],[51.80888333,5.36706336],[51.80841442,5.36644516],[51.80809902,5.36600949],[51.80795359,5.36579638],[51.80779325,5.3655439],[51.80755857,5.36514559],[51.80735992,5.36479765],[51.80702692,5.36419191],[51.80676961,5.36364538],[51.80660766,5.363287],[51.80630314,5.36258474],[51.80624226,5.36243328],[51.80588073,5.36153439],[51.80571973,5.36109594],[51.80543586,5.36021523],[51.80523921,5.35956388],[51.80514809,5.35924121],[51.80504613,5.35885889],[51.80487028,5.35817706],[51.80470995,5.35752379],[51.80463661,5.35718674],[51.80460132,5.35700197],[51.80451427,5.35648963],[51.80438237,5.35557395],[51.80429323,5.35483981],[51.80425606,5.35451528],[51.8042065,5.35408263],[51.80416369,5.353629],[51.80410004,5.35304422],[51.8040253,5.35225088],[51.80400272,5.35193617],[51.80397565,5.35127496],[51.80396265,5.35040909],[51.80396945,5.34958375],[51.80397733,5.34939512],[51.80401194,5.34888755],[51.80405871,5.3484301],[51.80412178,5.34776194],[51.80414113,5.34773325],[51.80429496,5.34664275],[51.80436821,5.34616997],[51.80444352,5.34571645],[51.80460367,5.34485219],[51.80464452,5.34463499],[51.80474436,5.344172],[51.80485919,5.34367748],[51.80494435,5.34333254],[51.80503557,5.34300117],[51.80513512,5.34266504],[51.80527001,5.34223579],[51.80547297,5.34164243],[51.80563265,5.34124289],[51.80588816,5.34073362],[51.80623716,5.33992623],[51.80659418,5.33903217],[51.80711442,5.33812865],[51.8074751,5.33749675],[51.80776317,5.33698707],[51.80823075,5.3363391],[51.8091335,5.3350883],[51.80938559,5.33476449],[51.80948956,5.33463346],[51.80949153,5.33463098],[51.81014317,5.33381049],[51.81065661,5.3331635],[51.81105309,5.33274435],[51.8114418,5.3323327],[51.8119067,5.33183333],[51.8122097,5.33151929],[51.81241496,5.33132121],[51.81276346,5.33098147],[51.81323184,5.33052844],[51.81380732,5.32997687],[51.81410867,5.32962541],[51.81458227,5.32907512],[51.8151402,5.32842579],[51.81542883,5.32809527],[51.81584473,5.3275551],[51.8162003,5.3271259],[51.8167,5.32649651],[51.81700864,5.32610523],[51.81866309,5.32348901],[51.81976032,5.32136115],[51.82056312,5.31980634],[51.82189589,5.31604963],[51.8220538,5.3156045],[51.82314445,5.31126963],[51.82396339,5.30460038],[51.82396697,5.30421781],[51.82398042,5.30323819],[51.82399532,5.30218163],[51.82400288,5.30173023],[51.82401514,5.30085726],[51.82402619,5.30013085],[51.82403578,5.29935008],[51.82404742,5.29841765],[51.82405732,5.29784578],[51.82399283,5.29697704],[51.82393413,5.29619366],[51.82390815,5.29584697],[51.82379684,5.2943941],[51.82371441,5.29326618],[51.82365477,5.29248145],[51.82332645,5.2909735],[51.82321506,5.29046053],[51.82317799,5.29028973],[51.82299789,5.28936772],[51.82288073,5.28883573],[51.82279136,5.288434],[51.82267506,5.28789669],[51.82260353,5.28756827],[51.82245641,5.28699379],[51.82208268,5.28549495],[51.82193255,5.28488386],[51.82180662,5.28437969],[51.82171404,5.28402127],[51.82145493,5.28283517],[51.82120755,5.28171805],[51.82008419,5.28264004],[51.81981517,5.28286083],[51.81902568,5.28350876],[51.81805754,5.28430326],[51.81791847,5.28441738],[51.81777496,5.28453515],[51.81743354,5.28469546],[51.81693626,5.2839195],[51.81697141,5.28381083],[51.81706873,5.28353122],[51.81711495,5.28341442],[51.81705021,5.28334384],[51.81699399,5.28325872],[51.81684278,5.2832293],[51.816786,5.28321715],[51.81610962,5.28305746],[51.81607366,5.28304899],[51.81604597,5.28304282],[51.81602474,5.28303779],[51.81600183,5.28303119],[51.81600135,5.28303103],[51.81596511,5.28301925],[51.8159217,5.28300585],[51.81586729,5.2829943],[51.81582649,5.28298688],[51.81576449,5.28297557],[51.81572105,5.28296717],[51.81565759,5.28295718],[51.81557573,5.2829368],[51.8155137,5.28292113],[51.81543614,5.2829022],[51.81538653,5.28289344],[51.81523132,5.28286589],[51.8151578,5.28285218],[51.81511884,5.2828393],[51.81505571,5.28282577],[51.81503229,5.28282193],[51.81498356,5.28280902],[51.81493571,5.28279678],[51.81487631,5.28278136],[51.81483117,5.28277082],[51.81479824,5.28276217],[51.81473349,5.28274154],[51.81468105,5.28273445],[51.81460281,5.28271623],[51.81458773,5.28271271],[51.81438577,5.28266194],[51.81417691,5.28262653],[51.81406835,5.28264987],[51.81398879,5.28268067],[51.81391771,5.2827254],[51.81360933,5.28277634],[51.81336659,5.28281995],[51.81311821,5.28286732],[51.81270757,5.2829904],[51.81242701,5.28299757],[51.81239943,5.28301269],[51.81234754,5.28302133],[51.81230587,5.28301969],[51.81225912,5.28297735],[51.81224799,5.28295899],[51.81216026,5.28281425],[51.81209438,5.28273534],[51.81168985,5.28227232],[51.81130883,5.28192412],[51.81125687,5.28187442],[51.81123746,5.28185584],[51.81118873,5.28181074],[51.81112494,5.28173942],[51.81103263,5.28161697],[51.81094635,5.28150454],[51.81086122,5.2813881],[51.81082761,5.28134212],[51.81078848,5.28128411],[51.81071277,5.28117143],[51.81066229,5.28108122],[51.81044282,5.2808605],[51.81040466,5.28085348],[51.81040069,5.28085275],[51.8103529,5.28087211],[51.81033041,5.2808964],[51.81026664,5.2809355],[51.81018211,5.28097542],[51.81006015,5.28104978],[51.80975914,5.28125875],[51.80961208,5.28138469],[51.80935539,5.28160451],[51.80890637,5.28198184],[51.80884305,5.28204676],[51.80873127,5.28216158],[51.80856524,5.2823651],[51.80832555,5.28264629],[51.80821013,5.28278116],[51.80813442,5.28285542],[51.80807246,5.28292725],[51.80797245,5.28305416],[51.80792339,5.28310561],[51.80784088,5.28318199],[51.80776913,5.28324442],[51.80767867,5.28333311],[51.80759234,5.28343208],[51.80748365,5.2835483],[51.80741304,5.28363665],[51.80731017,5.2837773],[51.80709497,5.28410941],[51.80702687,5.28425074],[51.8069975,5.28428063],[51.80695571,5.28431525],[51.80686468,5.28437374],[51.80680604,5.28440135],[51.80670403,5.28441809],[51.8065403,5.28448026],[51.80648272,5.28430819],[51.80645608,5.28422098],[51.80640748,5.28406189],[51.80636432,5.28391473],[51.80627379,5.28360701],[51.80623008,5.28347616],[51.80614484,5.28321903],[51.80609869,5.28311284],[51.80606734,5.28308643],[51.80604529,5.28311423],[51.80588989,5.28328404],[51.80586678,5.28330193],[51.80580637,5.28334524],[51.80564866,5.28347566],[51.80562919,5.28349241],[51.80559971,5.28352016],[51.8054389,5.28364299],[51.8054107,5.28366448],[51.80540443,5.28366864],[51.80537935,5.28369419],[51.80521296,5.28382553],[51.80515073,5.28387465],[51.80515016,5.283875],[51.80508823,5.28391485],[51.8048749,5.28393506],[51.80482386,5.28392819],[51.80480223,5.28392258],[51.8047814,5.28392021],[51.80464818,5.28391225],[51.80463893,5.28390954],[51.80456934,5.28389614],[51.80438584,5.28388066],[51.80429823,5.28387328],[51.80429434,5.28387224],[51.80422699,5.28386578],[51.80421585,5.28386556],[51.80404831,5.28385248],[51.8040689,5.28382129],[51.80382776,5.28379634],[51.80342535,5.28376119],[51.80342229,5.28377963],[51.80337776,5.28376024],[51.80330272,5.28373551],[51.80326217,5.28371505],[51.80323269,5.28369372],[51.80320359,5.28366934],[51.80316878,5.28362761],[51.80314056,5.28358884],[51.8031218,5.28356273],[51.80309246,5.2835076],[51.80298195,5.28324292],[51.80296694,5.28320697],[51.80291304,5.28307785],[51.80283456,5.28289167],[51.80283355,5.28288928],[51.8028333,5.28288869],[51.80279666,5.28280175],[51.80277148,5.28274201],[51.8027809,5.28273126],[51.80265361,5.28241001],[51.80262541,5.28233805],[51.80258018,5.28221962],[51.80256408,5.28224036],[51.80254784,5.28219532],[51.80254344,5.28218311],[51.8025132,5.28209929],[51.8022271,5.28145446],[51.80219487,5.28137543],[51.80213375,5.28125191],[51.80212191,5.28123858],[51.80192414,5.28101595],[51.8019173,5.28100736],[51.8018883,5.28103871],[51.80158344,5.28216675],[51.8015685,5.282222],[51.80147519,5.28256728],[51.80132647,5.2831764],[51.80113932,5.28393928],[51.80087773,5.28501154],[51.80070603,5.28571927],[51.80061067,5.28611234],[51.80056183,5.28629742],[51.80054333,5.2863854],[51.80053149,5.28644166],[51.80043733,5.28683993],[51.80027344,5.28758373],[51.80023369,5.28779255],[51.80021884,5.28787055],[51.80021568,5.28788712],[51.80020419,5.28795287],[51.80019011,5.28806395],[51.80017675,5.28817063],[51.79990774,5.28828767],[51.79957434,5.28843675],[51.79955132,5.28823974],[51.79950017,5.28812721],[51.79941961,5.28798893],[51.79937091,5.28769968],[51.7994333,5.28739332],[51.79943539,5.28738309],[51.79943915,5.28736464],[51.79940237,5.28719695],[51.79924233,5.28657593],[51.79911114,5.2861828],[51.79909375,5.28613069],[51.79907828,5.28608435],[51.79898192,5.28581105],[51.79894426,5.28572323],[51.79887594,5.2855639],[51.79875848,5.28529],[51.79859194,5.28491103],[51.79837198,5.28441049],[51.79833167,5.28434925],[51.7982934,5.2842737],[51.79795425,5.28350469],[51.79788477,5.28334501],[51.79787208,5.28331549],[51.79785882,5.2832857],[51.79744003,5.28233172],[51.79734643,5.28211922],[51.79733149,5.28208587],[51.79731722,5.2820565],[51.79676763,5.28076564],[51.79659839,5.28034453],[51.7964445,5.27996158],[51.79643654,5.27993974],[51.79614644,5.27914377],[51.79607903,5.27895207],[51.79583423,5.27825604],[51.79582339,5.27823138],[51.79581486,5.27820097],[51.79581071,5.27818812],[51.79562125,5.2776026],[51.79560781,5.2775612],[51.79559428,5.27751953],[51.79541308,5.27696163],[51.79521062,5.27631249],[51.79507353,5.27583786],[51.7950707,5.27582806],[51.79505811,5.27578447],[51.79505644,5.2757786],[51.79494085,5.27537096],[51.79482774,5.27495414],[51.79466819,5.27436364],[51.79464539,5.27427927],[51.79461929,5.2741806],[51.79447724,5.2736436],[51.79445384,5.27354765],[51.79430929,5.27295463],[51.79427395,5.27279318],[51.79415963,5.27227111],[51.79401209,5.27159229],[51.79396859,5.27138419],[51.79383428,5.27070813],[51.79371773,5.27010569],[51.79370273,5.27002102],[51.79370197,5.27001674],[51.79369754,5.26999075],[51.79369565,5.26995597],[51.79354458,5.26905546],[51.79353074,5.26898269],[51.79352568,5.26895609],[51.79352234,5.2689375],[51.79350929,5.2688651],[51.7934955,5.26878853],[51.79349532,5.26878752],[51.793481,5.26870805],[51.79347947,5.26869841],[51.79344835,5.26850227],[51.79342454,5.26837723],[51.79340543,5.26826736],[51.79338703,5.2681572],[51.79336932,5.26804673],[51.79335231,5.26793598],[51.79333599,5.26782496],[51.79332037,5.26771368],[51.79330513,5.26759965],[51.79329667,5.26753371],[51.79328506,5.26744123],[51.79323542,5.2670462],[51.79322403,5.26689113],[51.79318549,5.266535],[51.79312193,5.26645262],[51.79301735,5.26646904],[51.79286372,5.26650292],[51.79286346,5.26650298],[51.79281255,5.26651421],[51.79280961,5.26651485],[51.79268571,5.26654219],[51.79217823,5.26663702],[51.79157601,5.26674599],[51.79098588,5.26685146],[51.79061354,5.26692014],[51.79052864,5.26693582],[51.78997173,5.26703599],[51.78934088,5.26715436],[51.78877633,5.26725491],[51.78855788,5.26729986],[51.78856165,5.26735558],[51.78791416,5.26747547],[51.7872994,5.26758795],[51.78665944,5.26770095],[51.7859534,5.2678316],[51.78591502,5.2678387],[51.78569763,5.26787952],[51.78497806,5.26801865],[51.78452624,5.26809658],[51.78444406,5.26811075],[51.78385377,5.26821738],[51.78380998,5.26822561],[51.78362656,5.26826011],[51.78335852,5.26829521],[51.7832481,5.26831021],[51.78301341,5.26835821],[51.78281879,5.26839386],[51.78255677,5.2684403],[51.78230254,5.2684836],[51.78202558,5.26853836],[51.78181703,5.26857478],[51.78177849,5.26858152],[51.78149799,5.26862801],[51.78125837,5.26866585],[51.78121114,5.26867619],[51.78112852,5.2686918],[51.78103537,5.26870571],[51.78079043,5.26876947],[51.78075641,5.2687771],[51.78067798,5.26878539],[51.78052451,5.26881121],[51.78033068,5.26884331],[51.77990465,5.26892523],[51.77986291,5.268931],[51.77984433,5.26893276],[51.77977958,5.26893888],[51.77976003,5.26894073],[51.77943467,5.26900676],[51.77931972,5.26903219],[51.77924353,5.269047],[51.77922385,5.26905183],[51.77912425,5.26907629],[51.77910782,5.26908033],[51.77901159,5.26908805],[51.77885381,5.26912257],[51.77857815,5.26917438],[51.77801249,5.2692724],[51.77778922,5.26931739],[51.77770972,5.26933138],[51.77768203,5.26933729],[51.77767385,5.26933943],[51.77751374,5.26937194],[51.77747439,5.26937994],[51.77737181,5.26939987],[51.77727364,5.26941893],[51.77718045,5.26943704],[51.77702901,5.26946698],[51.77681791,5.26950577],[51.77657239,5.26955474],[51.77630841,5.26960341],[51.77604573,5.26964983],[51.77578845,5.26969663],[51.77553017,5.26973913],[51.77527374,5.2697837],[51.77496527,5.26983593],[51.77485322,5.26985544],[51.77479,5.26986649],[51.77432525,5.26994787],[51.77433723,5.26966954],[51.77435269,5.26931037],[51.77436184,5.26909772],[51.77439702,5.26828034],[51.77442039,5.26773411],[51.77444457,5.26716849],[51.77449764,5.26599472],[51.77454425,5.26496347],[51.77456049,5.26460606],[51.7745606,5.26456668],[51.77456165,5.26450017],[51.77456344,5.2644637],[51.77457291,5.26426198],[51.77461075,5.26346602],[51.77463115,5.26301748],[51.77463891,5.26276639],[51.77464235,5.2626552],[51.77464647,5.26252186],[51.7742348,5.26253889],[51.7738296,5.2625578],[51.77382274,5.26255813],[51.77381176,5.26237162],[51.77376807,5.26225452],[51.77373611,5.26216886],[51.77370211,5.2620777],[51.77369107,5.26200065],[51.773684,5.26189035],[51.77368453,5.26180453],[51.77368945,5.26167376],[51.77369547,5.26152191],[51.77374157,5.26107168],[51.77378709,5.26062727],[51.77382197,5.26028661],[51.77385869,5.25992809],[51.77388773,5.25966699],[51.77389096,5.25963795],[51.77379494,5.25916999],[51.77377622,5.25908053],[51.7737693,5.25904742],[51.77375081,5.25895904],[51.77372836,5.25885169],[51.77372529,5.25883699],[51.77371851,5.25880461],[51.77371844,5.25879318],[51.77371837,5.25878383],[51.77372185,5.25855152],[51.77372049,5.25851231],[51.77371663,5.25845281],[51.77370979,5.25839628],[51.7737031,5.25833526],[51.77369612,5.25829123],[51.77366581,5.25813563],[51.77356253,5.25759322],[51.77346653,5.25707471],[51.77336042,5.25653471],[51.7732419,5.25591883],[51.77313488,5.25538593],[51.77301187,5.2547522],[51.77289416,5.25411998],[51.7728786,5.25412692],[51.77286432,5.25404429],[51.77272804,5.25332656],[51.77271088,5.25323664],[51.77266906,5.25301196],[51.77264232,5.25288039],[51.77254068,5.25236398],[51.77250492,5.25215856],[51.77248555,5.25203235],[51.77246463,5.25192743],[51.77244179,5.25183201],[51.77241574,5.25173833],[51.77238776,5.25165454],[51.77235694,5.2515602],[51.77233998,5.2515243],[51.77225722,5.25133262],[51.77219104,5.25119052],[51.77211732,5.25103226],[51.77203456,5.25085455],[51.77188852,5.25052082],[51.77180158,5.25032752],[51.77170978,5.25011505],[51.77167458,5.25003457],[51.77163604,5.24994505],[51.77147586,5.24957302],[51.77134979,5.24929607],[51.77130575,5.24917973],[51.77127838,5.24907129],[51.77126577,5.24901966],[51.77125463,5.24897404],[51.77123626,5.24886512],[51.771228,5.2487568],[51.7712239,5.2486074],[51.77121922,5.24838463],[51.7712089,5.24807966],[51.77119434,5.24764544],[51.771175,5.24722982],[51.77116056,5.24688086],[51.77114204,5.2465532],[51.77113076,5.24624307],[51.7711248,5.2460443],[51.77110789,5.24571208],[51.77108361,5.24523966],[51.77106482,5.24486676],[51.77105525,5.24464807],[51.7710485,5.24440694],[51.77102897,5.24393534],[51.7710469,5.2439162],[51.77105308,5.2439096],[51.77106974,5.24389182],[51.77103919,5.24326248],[51.77102309,5.24290629],[51.77100562,5.24247668],[51.77098835,5.24192556],[51.7709704,5.24156021],[51.77096514,5.24139096],[51.77095822,5.24125338],[51.77095687,5.24113096],[51.77096267,5.24099309],[51.77097406,5.24087555],[51.77098678,5.24074952],[51.77100777,5.24061178],[51.77101221,5.24059288],[51.77101038,5.24053242],[51.77100742,5.24043527],[51.77100698,5.24036642],[51.77100674,5.24028828],[51.77100669,5.24027438],[51.7710072,5.24019759],[51.77101403,5.24011655],[51.77102301,5.24005004],[51.77103107,5.24001134],[51.77103323,5.24000093],[51.77104426,5.23996562],[51.77121243,5.23959218],[51.77122555,5.23956307],[51.77153876,5.23880804],[51.77175677,5.2382604],[51.77181749,5.2380802],[51.7718912,5.2378452],[51.77194003,5.2376519],[51.77195569,5.2375661],[51.77196467,5.23744415],[51.77195621,5.23732629],[51.77194277,5.23720308],[51.7719159,5.23704988],[51.77189177,5.23687958],[51.77183961,5.23654602],[51.77180529,5.23633179],[51.77177663,5.23613692],[51.77174984,5.23596419],[51.77171225,5.23580087],[51.77167199,5.23567605],[51.77163814,5.23558144],[51.7715469,5.23535883],[51.77147006,5.23517807],[51.77137071,5.23496243],[51.77130825,5.23482331],[51.77118959,5.23450706],[51.77100051,5.23396244],[51.77083037,5.23348216],[51.77075306,5.23325208],[51.77067839,5.23299172],[51.77066659,5.23291992],[51.77064642,5.23271116],[51.77064237,5.23258817],[51.77063542,5.23211825],[51.77063076,5.23170179],[51.77062251,5.23139989],[51.77061194,5.23133127],[51.77060695,5.23129878],[51.77059713,5.23123033],[51.7705676,5.23084771],[51.77049046,5.23024036],[51.77039321,5.22946058],[51.77031256,5.22883773],[51.77022765,5.22814932],[51.77013313,5.22663519],[51.77002534,5.22661409],[51.76990823,5.22568512],[51.76975697,5.2245478],[51.76964289,5.22358138],[51.7695627,5.22293304],[51.7694237,5.22180646],[51.76938972,5.22154869],[51.7692793,5.22097925],[51.76915996,5.22039428],[51.76907747,5.21999984],[51.76902742,5.21960472],[51.76901597,5.21949581],[51.76895366,5.2187659],[51.76890731,5.2181443],[51.76890665,5.21813605],[51.76889221,5.21795484],[51.76889073,5.21793621],[51.76884636,5.21737934],[51.76878794,5.21661114],[51.76874618,5.21612369],[51.76873666,5.21593092],[51.76861695,5.21446156],[51.76861637,5.21445448],[51.76859535,5.21419664],[51.76859155,5.21414986],[51.76859138,5.21414985],[51.76862067,5.21402008],[51.76871643,5.21359173],[51.76880982,5.2131638],[51.76889998,5.21275352],[51.7689989,5.21230161],[51.76903976,5.21211498],[51.76907379,5.21195955],[51.76921898,5.21129619],[51.769249,5.2111591],[51.76925626,5.21112592],[51.76925787,5.2110312],[51.7692617,5.21080629],[51.76926849,5.2104079],[51.76927827,5.20983304],[51.76927364,5.20939693],[51.76928145,5.20879196],[51.76928011,5.20828931],[51.76928285,5.20788783],[51.7692808,5.20779308],[51.76927255,5.20771818],[51.76925524,5.20761062],[51.7692428,5.20753702],[51.76910475,5.20685066],[51.7690531,5.20659531],[51.76901874,5.20642046],[51.76895911,5.20610854],[51.76893858,5.20599078],[51.76892451,5.20591691],[51.7688941,5.20577428],[51.76887398,5.20555939],[51.76885654,5.20532314],[51.76882551,5.2049511],[51.76879916,5.20455043],[51.76876856,5.20414613],[51.76873795,5.20376376],[51.76871165,5.20340474],[51.76868481,5.20315071],[51.76865249,5.20290895],[51.76863067,5.20274033],[51.76854769,5.20214237],[51.76850467,5.20186771],[51.76846434,5.20160004],[51.76841556,5.20128264],[51.76835424,5.20089924],[51.76831119,5.20061387],[51.76824764,5.20014116],[51.76820844,5.19989549],[51.76816731,5.19967398],[51.76812042,5.19943255],[51.76805271,5.19911371],[51.7679707,5.19873349],[51.76780808,5.19797146],[51.76774289,5.19765035],[51.76758151,5.19692671],[51.76753187,5.19666582],[51.76747065,5.19639991],[51.7674392,5.19627025],[51.76741144,5.19611422],[51.76741133,5.19604703],[51.76742353,5.19598743],[51.76744043,5.1959049],[51.76746207,5.19582237],[51.76748851,5.19574104],[51.76751015,5.1956646],[51.76752331,5.19560958],[51.76753171,5.19553472],[51.76753635,5.19547363],[51.76753623,5.19540339],[51.76752807,5.1950547],[51.76753152,5.19485137],[51.76750687,5.19421255],[51.76748046,5.19329401],[51.76746137,5.19255594],[51.76745153,5.19192875],[51.7674186,5.19194704],[51.76741765,5.19191755],[51.76741117,5.191921],[51.76711492,5.19207824],[51.76666042,5.1923054],[51.76648846,5.19239513],[51.76648373,5.1923976],[51.76645588,5.19241214],[51.76640791,5.19229765],[51.76634423,5.19215415],[51.76627428,5.19198746],[51.76619986,5.19181354],[51.76611377,5.19161425],[51.76599629,5.19134105],[51.76594383,5.19121785],[51.76590392,5.19112727],[51.76587432,5.19106058],[51.7658331,5.19092944],[51.76578203,5.19076209],[51.76577353,5.19072369],[51.76574984,5.19058825],[51.76569931,5.19031083],[51.76565057,5.19004718],[51.76562741,5.18981979],[51.7655962,5.18953951],[51.76557572,5.18933528],[51.76556236,5.18919987],[51.76555404,5.18894932],[51.76555692,5.18874515],[51.76556254,5.18849102],[51.76556865,5.18819489],[51.76557279,5.18807471],[51.76558868,5.18789083],[51.76562301,5.18769033],[51.76565012,5.18751517],[51.76569213,5.18726617],[51.76571606,5.18712937],[51.76573506,5.18699039],[51.7657586,5.18679133],[51.76577804,5.18664943],[51.76578618,5.1865843],[51.76580297,5.1864062],[51.76582517,5.18619555],[51.76583379,5.18610577],[51.76585325,5.18594073],[51.765889,5.18565117],[51.76592338,5.18537175],[51.76596047,5.18509234],[51.76597632,5.1849548],[51.76599442,5.18479626],[51.76601027,5.18465437],[51.76603201,5.18445313],[51.7660524,5.1842584],[51.76608135,5.1840224],[51.76611033,5.18376975],[51.76611047,5.18376853],[51.76612039,5.18368676],[51.76612175,5.18367561],[51.76614019,5.18352364],[51.76616914,5.18328764],[51.76620897,5.18295827],[51.76624791,5.18262244],[51.76624835,5.18261875],[51.76626182,5.18251346],[51.76626648,5.18247702],[51.76627141,5.1824385],[51.76627842,5.18239353],[51.7663133,5.18217043],[51.76631769,5.18214234],[51.76633149,5.18205413],[51.7664091,5.1815702],[51.76641415,5.18153875],[51.76641945,5.18150573],[51.76647422,5.18116523],[51.76652707,5.18082357],[51.76655521,5.18065173],[51.76627971,5.17981349],[51.7659472,5.17880727],[51.76567832,5.17799603],[51.76536321,5.17703738],[51.76536127,5.17703964],[51.76528661,5.17712183],[51.7652256,5.17693488],[51.76518444,5.17682353],[51.76501776,5.17637261],[51.76483192,5.17586989],[51.7647005,5.17551435],[51.76455476,5.17512008],[51.76441272,5.17473587],[51.76428051,5.17437821],[51.76412663,5.17396198],[51.76403925,5.17372562],[51.76402584,5.17368931],[51.76401959,5.17367243],[51.76329956,5.17448842],[51.76316864,5.17463576],[51.76303063,5.1747942],[51.76282325,5.1750344],[51.76276955,5.17509594],[51.76271873,5.17515418],[51.76270273,5.17517252],[51.76268772,5.17518972],[51.76265014,5.17517489],[51.7626419,5.17517164],[51.7625812,5.17514766],[51.76253922,5.17513108],[51.76246371,5.17510128],[51.76244478,5.1750938],[51.76223737,5.17501192],[51.76199485,5.17491594],[51.76195712,5.17490101],[51.7613701,5.17467825],[51.7610728,5.17456543],[51.76092763,5.17520422],[51.76084835,5.17555037],[51.76076458,5.17589],[51.76066592,5.17626489],[51.7605502,5.1766696],[51.76047562,5.17689988],[51.76039915,5.17712175],[51.76030673,5.1773696],[51.76022997,5.17756602],[51.76007081,5.17792777],[51.75995558,5.17819329],[51.75985327,5.17842095],[51.75976182,5.178614],[51.75960342,5.17892464],[51.75944189,5.1792358],[51.75930275,5.17948784],[51.75916083,5.17972505],[51.75896121,5.18004115],[51.7587963,5.18029315],[51.75862248,5.18056776],[51.75855311,5.18065516],[51.75841291,5.18082799],[51.75830535,5.18096074],[51.75800918,5.18128742],[51.75764678,5.18168048],[51.75731731,5.18203748],[51.75703125,5.18234874],[51.75658898,5.18278896],[51.75626435,5.18311384],[51.75603407,5.18332993],[51.75581775,5.18351875],[51.75565565,5.18365736],[51.75545787,5.18381467],[51.75531333,5.18392009],[51.75500174,5.1841291],[51.75437505,5.18453651],[51.75413913,5.18467472],[51.7538841,5.18482073],[51.75363652,5.18495101],[51.75335682,5.1850866],[51.75309287,5.18521223],[51.75302223,5.18524446],[51.75237195,5.18543627],[51.75204558,5.18553275],[51.75201054,5.18554029],[51.75183541,5.185578],[51.75158962,5.18562379],[51.75142874,5.1856451],[51.75105826,5.18568155],[51.75064577,5.18572524],[51.75054445,5.18572266],[51.75002056,5.18568693],[51.74984806,5.18565981],[51.74962553,5.18562286],[51.7494246,5.18558282],[51.74926751,5.18554375],[51.74905171,5.18547225],[51.74880002,5.18539606],[51.74870479,5.18536829],[51.74849683,5.18532778],[51.74827003,5.18530026],[51.74797936,5.18525389],[51.74763743,5.18520569],[51.74752589,5.18518913],[51.74746032,5.18440965],[51.74721438,5.18448428],[51.74697246,5.18455918],[51.74677931,5.18460719],[51.74668007,5.18463296],[51.74665885,5.18462894],[51.74664418,5.18462083],[51.74662618,5.18460892],[51.74660311,5.18459085],[51.74658389,5.18457205],[51.7465727,5.1845538],[51.74655125,5.18450406],[51.74655239,5.18442893],[51.74647598,5.18445105],[51.74641423,5.1844589],[51.74636473,5.18445948],[51.7460923,5.1844542],[51.74606013,5.18445286],[51.74590878,5.18444654],[51.74586414,5.18444469],[51.74584449,5.18459027],[51.74581334,5.18488983],[51.74580291,5.18502061],[51.74565447,5.18504712],[51.74415448,5.185315],[51.74341639,5.18544355],[51.74272911,5.18556325],[51.74191759,5.18569987],[51.74180573,5.18631946],[51.74159404,5.18744593],[51.74147837,5.18803013],[51.74136835,5.18853815],[51.7409227,5.19041746],[51.74085234,5.19074919],[51.74074265,5.1913562],[51.74052214,5.19277226],[51.74045744,5.1932387],[51.74043644,5.19339008],[51.74033959,5.1942051],[51.74030263,5.19468398],[51.74027322,5.19552444],[51.74025947,5.1961955],[51.74027165,5.19665327],[51.74029998,5.19720183],[51.74033986,5.19785632],[51.74037254,5.19826126],[51.74041428,5.1987329],[51.74054179,5.19998452],[51.74068297,5.20114642],[51.74089344,5.20276],[51.74109046,5.20417805],[51.74109903,5.20423978],[51.74120144,5.20484623],[51.74147722,5.20649425],[51.74173044,5.20766683],[51.74209218,5.20911328],[51.74244492,5.21055978],[51.74277067,5.2120064],[51.74307843,5.21345312],[51.74330528,5.21490017],[51.74345121,5.21634753],[51.74348538,5.21710842],[51.74351623,5.21779521],[51.7435273,5.21924309],[51.74349341,5.22069114],[51.74338759,5.22213945],[51.74320985,5.22358801],[51.74296918,5.22503679],[51.74266556,5.22648577],[51.74229901,5.22793496],[51.74189649,5.22938425],[51.74140407,5.23083383],[51.74134225,5.23100059],[51.74092301,5.23213158],[51.74086668,5.23228352],[51.74054582,5.23303596],[51.74024838,5.23373346],[51.73959411,5.23518348],[51.73885893,5.23663372],[51.73801587,5.23808428],[51.73710088,5.23953501],[51.73618587,5.24098569],[51.7361846,5.24098799],[51.73539113,5.24242969],[51.7353877,5.24243593],[51.73471534,5.24388572],[51.73444258,5.24462116],[51.73442127,5.2446786],[51.7341778,5.24533505],[51.73382,5.24678378],[51.73361499,5.24823203],[51.73358074,5.24967973],[51.7337622,5.25112679],[51.73406948,5.25257349],[51.73445763,5.25401997],[51.7348997,5.25546631],[51.73552152,5.25691217],[51.73553262,5.2569347],[51.73604594,5.25800508],[51.73621523,5.25835786],[51.73696285,5.25980344],[51.73767449,5.26124917],[51.73832321,5.26269512],[51.73882809,5.2641415],[51.73919812,5.26558828],[51.73929595,5.26612832]]]]},"id":"205d4d63-1bde-5d87-8a9c-512ec1247eca"},{"type":"Feature","properties":{"begin_lifespan_version":"2025-12-31T23:00:00Z","local_id":"GM0441","name":"Schagen","national_code":"0441","national_level":"3rdOrder","national_level_name":"Gemeente","residence_of_authority":null,"upper_level_unit":"Noord-Holland"},"geometry":{"type":"MultiPolygon","coordinates":[[[[52.70421916,4.71722608],[52.70380357,4.71739676],[52.70346269,4.71753415],[52.70244944,4.71793846],[52.70117449,4.71845558],[52.70080715,4.71856213],[52.70034158,4.71871415],[52.69954199,4.7190131],[52.69906056,4.71922573],[52.6985876,4.71944771],[52.6982324,4.71963363],[52.69798638,4.71978038],[52.69777821,4.71994028],[52.69745779,4.7202233],[52.69728111,4.72041129],[52.69711674,4.72059884],[52.69694679,4.72080538],[52.69648517,4.72140563],[52.69627404,4.72169587],[52.69579086,4.72238779],[52.69405199,4.72492224],[52.69383961,4.72523724],[52.69380722,4.72528691],[52.69357568,4.72564786],[52.69309875,4.72637405],[52.6924968,4.72727208],[52.69198882,4.72801039],[52.69140383,4.72885388],[52.69152526,4.72908602],[52.69154383,4.72912175],[52.6916081,4.72924545],[52.69163851,4.729304],[52.69179504,4.72960539],[52.69181911,4.72965177],[52.69213039,4.73025122],[52.69222697,4.73043703],[52.69253158,4.73098734],[52.69256826,4.73106421],[52.69259392,4.73111797],[52.69268812,4.7313581],[52.69273687,4.73154581],[52.69277778,4.73171707],[52.69279652,4.73188792],[52.69280913,4.73203658],[52.69281865,4.73220425],[52.69281787,4.73229139],[52.6928173,4.73235633],[52.69280824,4.73250718],[52.69278098,4.73284017],[52.6927734,4.73303303],[52.69277613,4.73321504],[52.69278367,4.73337469],[52.6927937,4.73352137],[52.69281756,4.73370443],[52.69287315,4.73407399],[52.69284224,4.73418498],[52.69282735,4.73423842],[52.69282264,4.73425531],[52.69280607,4.73431481],[52.6928802,4.73456982],[52.69294138,4.73476676],[52.69319758,4.73559042],[52.69329229,4.73590536],[52.69337652,4.73619677],[52.69345462,4.73648105],[52.69351157,4.73667806],[52.69355575,4.73685773],[52.69362484,4.73712669],[52.69396225,4.73858332],[52.69398167,4.73866714],[52.69418951,4.73957531],[52.69457548,4.74127154],[52.69506145,4.74341802],[52.69522088,4.74411393],[52.69548385,4.74527846],[52.69574582,4.74644089],[52.69590375,4.74713255],[52.69609967,4.74799287],[52.69636913,4.74919164],[52.69661678,4.75023864],[52.69684912,4.75107063],[52.69698828,4.75154091],[52.69707224,4.75184729],[52.69717329,4.75223416],[52.6972305,4.75248091],[52.69731297,4.75289338],[52.6973682,4.75321736],[52.69740845,4.75348711],[52.69747434,4.75402544],[52.69770808,4.75646161],[52.69774505,4.75689532],[52.6977699,4.75725133],[52.69778446,4.75750447],[52.69783664,4.75912252],[52.69784788,4.75955995],[52.69786609,4.75989179],[52.69786764,4.76018633],[52.69788315,4.76090342],[52.69790562,4.76167042],[52.69794337,4.76241293],[52.69796718,4.76286064],[52.69797989,4.76317459],[52.69798876,4.76345918],[52.69802339,4.76456812],[52.69806768,4.76566589],[52.69810541,4.76653862],[52.69813364,4.76687296],[52.69817095,4.76721381],[52.69827166,4.7678208],[52.69835928,4.76823303],[52.69844664,4.76859597],[52.69853627,4.76891855],[52.69856625,4.76900282],[52.6987103,4.76941137],[52.69879353,4.76964709],[52.69885572,4.76963652],[52.69896451,4.76965427],[52.69910823,4.76969798],[52.69922813,4.76974835],[52.69940116,4.76983355],[52.69971372,4.77000973],[52.70006617,4.77018545],[52.70046729,4.77037753],[52.70067819,4.77046995],[52.70097326,4.77057604],[52.70098495,4.77058024],[52.70109655,4.77060026],[52.70112812,4.77060999],[52.70148687,4.77068723],[52.70168837,4.77072085],[52.70185262,4.77074396],[52.7020432,4.77076234],[52.70213538,4.77076525],[52.7024922,4.77075098],[52.70267624,4.77072669],[52.70281554,4.7707133],[52.70298964,4.7706873],[52.70316468,4.77065169],[52.70380738,4.77048847],[52.70442276,4.77036958],[52.7048459,4.77026086],[52.70512874,4.77021243],[52.70548285,4.77017479],[52.70587946,4.77014359],[52.70633853,4.77011966],[52.70664236,4.7701134],[52.70699643,4.77014245],[52.70728355,4.7701603],[52.70782701,4.77024917],[52.70839136,4.77035848],[52.70872467,4.77045952],[52.70884763,4.77052873],[52.7092345,4.77064445],[52.71051337,4.77098656],[52.71109574,4.77115998],[52.71225269,4.77147122],[52.71376043,4.77189843],[52.71438922,4.77206602],[52.715159,4.77226613],[52.7158923,4.77246582],[52.71665639,4.7726891],[52.71748318,4.77290808],[52.71768612,4.77296723],[52.717859,4.77300297],[52.71795807,4.77300235],[52.71811589,4.77297806],[52.71823971,4.77292224],[52.71834699,4.77285388],[52.71871627,4.77258727],[52.71882507,4.77251809],[52.71891589,4.77248975],[52.71900012,4.77248644],[52.71907702,4.77248794],[52.7192281,4.77252068],[52.71926636,4.77252897],[52.71932322,4.77254128],[52.71934937,4.77254645],[52.719446,4.77256157],[52.71947151,4.77256672],[52.71953764,4.77258518],[52.71959118,4.77260381],[52.71965241,4.77262972],[52.71970508,4.77265427],[52.71973614,4.77266797],[52.71976813,4.77268831],[52.71981636,4.77272104],[52.71986643,4.77276634],[52.71992916,4.77283294],[52.71998204,4.77290188],[52.72004351,4.772987],[52.72009777,4.77306406],[52.72014486,4.77314787],[52.72019332,4.77323832],[52.72023906,4.77332065],[52.72027348,4.77338168],[52.72030651,4.77343458],[52.72031735,4.77345146],[52.72035894,4.77351091],[52.7203942,4.77355786],[52.7204267,4.77359226],[52.72048083,4.7736427],[52.72052728,4.77368137],[52.72058047,4.77371997],[52.72059714,4.7737294],[52.72063452,4.77375188],[52.72067687,4.77377655],[52.72071425,4.77379684],[52.72074712,4.773812],[52.72077322,4.77382279],[52.72080922,4.77383717],[52.72081103,4.77383863],[52.72086323,4.77385727],[52.72092174,4.77388026],[52.72097037,4.77390263],[52.72100548,4.77391851],[52.72105228,4.7739372],[52.72110585,4.77395655],[52.72114859,4.7739716],[52.72123364,4.77399871],[52.72130491,4.77402219],[52.72131823,4.77402658],[52.72139295,4.774059],[52.7214816,4.77408905],[52.72161345,4.77413487],[52.72173405,4.77417713],[52.72178489,4.77419578],[52.72188075,4.77423018],[52.72195952,4.77426256],[52.72204278,4.77429267],[52.72216478,4.77434675],[52.72226784,4.77438699],[52.72234391,4.77441718],[52.72245642,4.77445804],[52.72252932,4.77448531],[52.72262385,4.7745227],[52.72271342,4.7745616],[52.722812,4.77460265],[52.72289573,4.77464016],[52.72300376,4.77468402],[52.72310461,4.77473021],[52.72319733,4.77476687],[52.72324733,4.77478639],[52.72325808,4.77479058],[52.72337192,4.774827],[52.72346151,4.77486592],[52.7235691,4.77491426],[52.72364924,4.77495253],[52.72374201,4.77499955],[52.72384601,4.77505014],[52.72393383,4.77509649],[52.72403559,4.77514489],[52.724131,4.77518298],[52.72421704,4.7752301],[52.72431068,4.77527562],[52.72440884,4.77532407],[52.7245543,4.77539933],[52.72465157,4.77545149],[52.72472903,4.77549055],[52.72480963,4.77552957],[52.72490554,4.77557953],[52.72503524,4.77564905],[52.72517126,4.77572444],[52.7252476,4.77576069],[52.72541139,4.77584684],[52.72554805,4.77591913],[52.72566979,4.77598601],[52.72589971,4.77611358],[52.72607262,4.77621051],[52.72625511,4.77631899],[52.72650152,4.77646967],[52.72674244,4.77661315],[52.72698842,4.7767668],[52.7272701,4.77693479],[52.72748667,4.7770717],[52.72759493,4.77713868],[52.72772627,4.7772182],[52.72798074,4.77736713],[52.72814246,4.77746818],[52.72821669,4.77751005],[52.7283533,4.77757863],[52.72845103,4.77763007],[52.72853431,4.77767681],[52.72856189,4.77768993],[52.72856417,4.77769208],[52.72858689,4.77771127],[52.72866324,4.77777899],[52.7287173,4.77782377],[52.72874769,4.77784716],[52.72884975,4.77788839],[52.72893651,4.77792968],[52.72925776,4.77810571],[52.72941483,4.77817847],[52.72958343,4.77824893],[52.72963223,4.77826528],[52.72968258,4.7782761],[52.7297693,4.77828579],[52.72985215,4.77828306],[52.7299293,4.77827687],[52.73001656,4.77826304],[52.73010207,4.77824855],[52.73017205,4.77822777],[52.73023438,4.77818972],[52.73030118,4.7781438],[52.73037027,4.77818527],[52.73051808,4.77827866],[52.73061463,4.77833873],[52.73067482,4.77837618],[52.73085653,4.77849433],[52.73108669,4.77864042],[52.73130195,4.77878036],[52.73134692,4.77881232],[52.73132183,4.77887042],[52.73125272,4.77903094],[52.73124495,4.77905254],[52.73122148,4.77911783],[52.73113134,4.77935358],[52.73105137,4.77957479],[52.73099473,4.77969138],[52.73090673,4.77987539],[52.73083894,4.78001715],[52.73070908,4.78024156],[52.73063421,4.78037094],[52.73037709,4.78080654],[52.7301969,4.78112455],[52.73018074,4.78109964],[52.73015103,4.7810538],[52.73014251,4.78107125],[52.72998491,4.7814361],[52.72993532,4.78155545],[52.72989163,4.78165552],[52.72986384,4.78172762],[52.72985324,4.78175774],[52.72986675,4.78176897],[52.7298546,4.7817962],[52.72981176,4.78193211],[52.72974263,4.7821896],[52.72971376,4.78228344],[52.72969366,4.78236227],[52.72960721,4.78269066],[52.72947593,4.78315049],[52.72937857,4.78347709],[52.72930626,4.78372141],[52.72926541,4.78382806],[52.72912287,4.78427471],[52.72900737,4.78462054],[52.72891558,4.78487296],[52.72884479,4.7850561],[52.72875709,4.78525665],[52.72867748,4.78541382],[52.7286719,4.78543286],[52.72863287,4.78550205],[52.72827067,4.78611071],[52.72812873,4.78632463],[52.7279927,4.78651446],[52.72794575,4.78656609],[52.72789831,4.78657329],[52.72782166,4.7865885],[52.727727,4.78661607],[52.72766829,4.78663315],[52.72756144,4.7866526],[52.72722652,4.78676637],[52.7269748,4.78687199],[52.7269571,4.78687923],[52.72690237,4.78689773],[52.7268886,4.78690412],[52.7267539,4.78691573],[52.72658602,4.78690932],[52.72646811,4.78688931],[52.72637234,4.78687305],[52.72614694,4.78680807],[52.72570322,4.78663109],[52.72568017,4.78661824],[52.72563104,4.786587],[52.72531011,4.7864462],[52.72494542,4.78627828],[52.72471919,4.78618292],[52.72463234,4.78614254],[52.7244663,4.78609502],[52.724366,4.78607286],[52.72428275,4.78607114],[52.72428489,4.78601555],[52.72428444,4.78598852],[52.72428429,4.7859793],[52.72427969,4.78595567],[52.72427194,4.7859269],[52.72426283,4.78589888],[52.72424694,4.78586057],[52.72422931,4.78583338],[52.72420986,4.78580548],[52.72419268,4.78577978],[52.72416966,4.78575562],[52.72413721,4.78572862],[52.72410701,4.78570973],[52.72407642,4.78570119],[52.72404855,4.78569708],[52.7240216,4.78569885],[52.7239673,4.78571502],[52.72393637,4.78573239],[52.72390857,4.78574602],[52.72387719,4.78576562],[52.72383643,4.78579273],[52.7237979,4.78582129],[52.72375672,4.78587621],[52.72369925,4.78595315],[52.72363122,4.78594105],[52.72330537,4.78587082],[52.72299891,4.78580395],[52.72289949,4.78576122],[52.72283857,4.785719],[52.72275786,4.78564075],[52.72261294,4.78547363],[52.7225591,4.78542924],[52.72250847,4.78541386],[52.7224513,4.78541205],[52.72241551,4.78543382],[52.72238302,4.7854576],[52.72218799,4.78561226],[52.72199529,4.78576065],[52.72182758,4.78588571],[52.72161367,4.78605256],[52.72161744,4.78606879],[52.7213014,4.78633265],[52.72108443,4.78650659],[52.72103403,4.78656517],[52.72099833,4.78662613],[52.72098516,4.78665312],[52.72097259,4.78668881],[52.72096945,4.78670028],[52.72096082,4.78673185],[52.72094757,4.78682286],[52.72094354,4.78687192],[52.72094799,4.78697458],[52.72096468,4.78712079],[52.72104119,4.78779115],[52.72105517,4.7879546],[52.72105765,4.78801673],[52.72105721,4.78806931],[52.72104341,4.78821891],[52.72101857,4.78833557],[52.72100267,4.78842357],[52.72085499,4.78911422],[52.7208498,4.78913933],[52.72077962,4.78947917],[52.72075473,4.78961394],[52.72074127,4.78968801],[52.72071987,4.78980567],[52.72071318,4.78984567],[52.72068068,4.79005994],[52.72065892,4.79021098],[52.72062385,4.79053712],[52.72060398,4.79070353],[52.72059815,4.7909349],[52.72059701,4.79098018],[52.72059501,4.79105957],[52.72059277,4.79114216],[52.72055042,4.79231555],[52.72054263,4.79244842],[52.72053203,4.79255871],[52.72052727,4.79257683],[52.72051289,4.79263398],[52.72049799,4.79268535],[52.72049303,4.79270248],[52.72045478,4.79280059],[52.72034515,4.79305135],[52.72017175,4.7934597],[52.72008299,4.79366457],[52.72007675,4.79370532],[52.72007345,4.793755],[52.72006837,4.79390337],[52.72007941,4.79398413],[52.72007781,4.79407555],[52.72028738,4.79408932],[52.72032239,4.79409453],[52.72032365,4.79409472],[52.72061224,4.79405977],[52.72071373,4.7940384],[52.72068738,4.79417444],[52.72057481,4.79475575],[52.72053874,4.79494202],[52.72053908,4.79494517],[52.72049171,4.79518363],[52.72046326,4.79532774],[52.72043203,4.79548592],[52.72044647,4.7954932],[52.72054731,4.79554752],[52.72054105,4.79558348],[52.72052672,4.79566594],[52.72056883,4.79568892],[52.72056238,4.79590513],[52.72056832,4.79593438],[52.72058748,4.79602267],[52.72061387,4.79614421],[52.72063048,4.79622071],[52.72073066,4.79668226],[52.72075454,4.79679228],[52.72087668,4.79736635],[52.72086354,4.79749222],[52.72085961,4.79752123],[52.72084758,4.79760253],[52.72067542,4.79753015],[52.72062878,4.79751094],[52.7205834,4.79748796],[52.7205244,4.79745675],[52.72047217,4.79742744],[52.72040659,4.79739237],[52.72040362,4.79739078],[52.72035782,4.7973693],[52.72030752,4.7973473],[52.72029575,4.79734267],[52.72026022,4.79734217],[52.7201739,4.79734265],[52.72004257,4.79734013],[52.71994055,4.79734284],[52.71988529,4.79734552],[52.71984259,4.79737129],[52.71980032,4.79739629],[52.71976566,4.79741943],[52.71972229,4.79745782],[52.71967455,4.79750382],[52.71963611,4.79754196],[52.71961408,4.79756748],[52.71957515,4.79762785],[52.71949671,4.79774271],[52.71939817,4.79788965],[52.7193426,4.79797602],[52.71927782,4.79807393],[52.71920815,4.79817653],[52.71913789,4.79827027],[52.7190304,4.79841986],[52.71889061,4.79859915],[52.71871594,4.79883862],[52.71853669,4.79907387],[52.71835008,4.79932503],[52.71826135,4.7994426],[52.71817867,4.79954583],[52.71813329,4.79959837],[52.71806848,4.79967037],[52.71803137,4.79970696],[52.7179898,4.799746],[52.71795314,4.79978257],[52.71792829,4.79980155],[52.71791687,4.7998094],[52.71788653,4.79983023],[52.71783277,4.79986614],[52.71775774,4.79992013],[52.71769682,4.79995786],[52.71766995,4.79998878],[52.71762394,4.80002589],[52.71761064,4.80003751],[52.71757884,4.80008576],[52.71753867,4.80014908],[52.71750955,4.80019654],[52.717484,4.80024168],[52.71746108,4.80028156],[52.71743319,4.80031712],[52.7174053,4.80035494],[52.71736495,4.80039977],[52.71733787,4.80042941],[52.71729303,4.8004751],[52.71725044,4.80052222],[52.71722247,4.80055188],[52.71721003,4.80056334],[52.71720341,4.80057315],[52.71718603,4.80058623],[52.71713435,4.80062251],[52.71709514,4.80065028],[52.71704747,4.80068423],[52.71702435,4.80070415],[52.71696739,4.80075167],[52.71689792,4.80080327],[52.71685209,4.80084159],[52.71682183,4.80086541],[52.71679517,4.80089061],[52.71677565,4.80091337],[52.71676152,4.80093524],[52.71674028,4.80096322],[52.71671284,4.80100028],[52.71669075,4.80103347],[52.71665844,4.80107583],[52.7166372,4.8011053],[52.71661736,4.80113843],[52.71660059,4.80116555],[52.71657713,4.80119656],[52.71654221,4.80124716],[52.71649619,4.80130842],[52.71646425,4.80134484],[52.71643987,4.80137369],[52.71640703,4.80140867],[52.71636978,4.80145118],[52.7163392,4.80148758],[52.71629936,4.80154127],[52.71622855,4.80163581],[52.71615201,4.80173937],[52.71608259,4.80183757],[52.71602731,4.80191612],[52.715999,4.80195541],[52.7159517,4.80202336],[52.71590887,4.80208971],[52.71589124,4.80212055],[52.71586576,4.80217308],[52.71585213,4.80219936],[52.71584164,4.8022263],[52.7158273,4.80227037],[52.71581863,4.80229873],[52.71580639,4.80233016],[52.71579551,4.80236081],[52.71577395,4.80240212],[52.71574452,4.80246289],[52.71569983,4.8025648],[52.71565906,4.8026555],[52.7155074,4.80303242],[52.71548154,4.80308917],[52.71544959,4.80314302],[52.7154114,4.80318388],[52.71542119,4.80323394],[52.7154515,4.80338891],[52.71546142,4.80343966],[52.71567447,4.80452916],[52.71567459,4.80454578],[52.71566116,4.80457261],[52.71546199,4.80471151],[52.71517504,4.80493098],[52.71506998,4.80501133],[52.71495333,4.80453944],[52.71488337,4.80428073],[52.71485068,4.80419025],[52.71482649,4.80409962],[52.71482292,4.80408624],[52.71479753,4.80399108],[52.71477964,4.80392406],[52.71469169,4.80398725],[52.71464643,4.8040235],[52.7146091,4.80405837],[52.71453088,4.80415238],[52.71445193,4.80429518],[52.71441784,4.80436143],[52.71438339,4.80443276],[52.71433347,4.8045824],[52.7142964,4.80470392],[52.71420883,4.80502591],[52.71422101,4.80506893],[52.71423186,4.80511039],[52.71429964,4.80536916],[52.71435313,4.80558582],[52.71438513,4.80572469],[52.71442658,4.80590619],[52.71449118,4.80619648],[52.71454124,4.80642803],[52.71457289,4.80660895],[52.71460865,4.80680313],[52.71463227,4.80693402],[52.71467337,4.80714688],[52.71470156,4.80727339],[52.71474452,4.80746315],[52.71478731,4.80761973],[52.7148362,4.80781374],[52.71488322,4.8080294],[52.71495431,4.80833557],[52.71499606,4.80854697],[52.71504765,4.80875826],[52.71508726,4.80892415],[52.71510415,4.80903536],[52.71512176,4.80917095],[52.71512694,4.8092359],[52.71513085,4.80930753],[52.71513854,4.80948188],[52.7151473,4.80967174],[52.7151547,4.80986088],[52.71515673,4.80996808],[52.71515633,4.81005455],[52.71515591,4.81014342],[52.71515456,4.81022704],[52.7151488,4.81044543],[52.71515049,4.8105615],[52.71515794,4.81062933],[52.71516756,4.81073114],[52.71517298,4.81077684],[52.71518254,4.81087347],[52.71518092,4.81101627],[52.71517378,4.81110451],[52.71516412,4.81120983],[52.71515028,4.81134338],[52.71513319,4.81146666],[52.71512658,4.81152011],[52.71510895,4.81163527],[52.71510256,4.8116846],[52.71508613,4.81181124],[52.71505855,4.81208795],[52.71502158,4.8124108],[52.71498259,4.81271224],[52.71497138,4.81279837],[52.71495012,4.81303644],[52.71494203,4.81316168],[52.71494117,4.81320756],[52.71494253,4.81329407],[52.71494323,4.81340131],[52.71494518,4.81350036],[52.71495075,4.81360302],[52.71496193,4.8137255],[52.71496705,4.81382742],[52.7149763,4.8139381],[52.71498825,4.81404872],[52.71501071,4.8142611],[52.71501472,4.81430019],[52.71505909,4.81446312],[52.71511392,4.81466749],[52.71514338,4.81522155],[52.71514376,4.81537033],[52.71519104,4.81589067],[52.71524257,4.8163312],[52.71528253,4.81662739],[52.71533747,4.81696991],[52.71554812,4.81817593],[52.71567412,4.81884839],[52.71585142,4.81984347],[52.71591771,4.82029252],[52.71603044,4.82110969],[52.71628378,4.82269735],[52.71629134,4.82277859],[52.71642196,4.82346754],[52.71648,4.82379256],[52.71653183,4.82402856],[52.71658255,4.82419006],[52.7168495,4.82487404],[52.71692112,4.82504575],[52.71707302,4.82537565],[52.71723293,4.82569806],[52.71739266,4.82609469],[52.71743571,4.82624233],[52.71761599,4.82669321],[52.7176557,4.82679993],[52.71778406,4.82720305],[52.71781104,4.82730425],[52.71786045,4.82750726],[52.71790883,4.82772083],[52.71797261,4.82800731],[52.71803089,4.82835499],[52.71806599,4.82858695],[52.71809603,4.82886739],[52.71821416,4.83024164],[52.71874684,4.83648278],[52.71874729,4.83648803],[52.71918313,4.84015198],[52.71921982,4.84046047],[52.71928863,4.84103895],[52.71930823,4.84120364],[52.71931908,4.84129492],[52.71959099,4.8433363],[52.71960011,4.84340476],[52.71962988,4.84359178],[52.7196396,4.84365287],[52.71966979,4.84384257],[52.71967981,4.84390555],[52.71970449,4.84406064],[52.71998263,4.84603816],[52.72025941,4.84768538],[52.720572,4.84770778],[52.72068319,4.84774482],[52.72070711,4.84775632],[52.72124349,4.84813124],[52.72130974,4.84817357],[52.72132408,4.84817969],[52.72147831,4.84823211],[52.72184594,4.84835553],[52.72199131,4.8483812],[52.72209366,4.84839149],[52.72225714,4.84838782],[52.72237935,4.84837768],[52.72251603,4.84834702],[52.72281818,4.84827722],[52.72284515,4.84827168],[52.72292059,4.84827272],[52.72301563,4.84830658],[52.72340675,4.8484037],[52.72385105,4.84864061],[52.72424657,4.84893011],[52.72433253,4.84898455],[52.72440763,4.84905068],[52.7245726,4.84910918],[52.72479297,4.84922466],[52.72504173,4.84976068],[52.72533915,4.85030492],[52.72537718,4.85037453],[52.72547534,4.85025213],[52.72552955,4.85017107],[52.72557197,4.85009161],[52.7256121,4.85000473],[52.72563558,4.84993778],[52.72565298,4.84987889],[52.72569328,4.84972613],[52.72575127,4.84951243],[52.72578365,4.84941937],[52.72583782,4.84928597],[52.72591418,4.84914999],[52.72598176,4.84904889],[52.72605879,4.84895839],[52.72611365,4.84890865],[52.72638291,4.84876811],[52.72664946,4.84863036],[52.72685217,4.84849484],[52.72702455,4.84838013],[52.72713369,4.84829185],[52.72732238,4.84809984],[52.72760641,4.84781168],[52.7278282,4.84754269],[52.7280546,4.84727164],[52.7281578,4.84715223],[52.72832893,4.84697219],[52.72872495,4.8465679],[52.7290414,4.84628695],[52.72929084,4.84607902],[52.72940462,4.84598592],[52.72972944,4.84573536],[52.72998949,4.84553683],[52.73018047,4.84539037],[52.73034909,4.8452813],[52.73061213,4.84510897],[52.73087283,4.84494174],[52.73097892,4.84489481],[52.7313296,4.84473732],[52.73151604,4.84464528],[52.73193694,4.84442742],[52.73214636,4.8443151],[52.73225038,4.84425431],[52.73233409,4.84418974],[52.73241122,4.84412489],[52.73248102,4.84405075],[52.73255691,4.84395163],[52.73268801,4.84373311],[52.73281108,4.84351049],[52.73297551,4.84321834],[52.73307232,4.84302294],[52.73318775,4.84277895],[52.7332373,4.8426716],[52.73327142,4.84258025],[52.73331564,4.84247581],[52.73333147,4.84241852],[52.73334184,4.84237225],[52.73335604,4.84230782],[52.73342853,4.84215629],[52.73344384,4.84212454],[52.7335224,4.84196187],[52.7336024,4.84179623],[52.73426152,4.8404315],[52.73441892,4.84009703],[52.73443383,4.84006536],[52.73450496,4.84002204],[52.73457679,4.8399783],[52.73510054,4.83971033],[52.73525166,4.8396311],[52.73570321,4.83940186],[52.73619998,4.83912154],[52.73632693,4.83904834],[52.73658825,4.83889401],[52.73660206,4.83888585],[52.73697205,4.83869568],[52.73772846,4.83825926],[52.73833376,4.83788833],[52.73874261,4.8376442],[52.73892429,4.83751137],[52.7389454,4.83749594],[52.73907665,4.83740429],[52.73924972,4.8372974],[52.73942514,4.83719804],[52.73950474,4.83715894],[52.73980516,4.83692338],[52.73986791,4.83687847],[52.74012766,4.8367016],[52.74064472,4.83632791],[52.74078548,4.83622683],[52.74112291,4.83598451],[52.74152681,4.83569765],[52.74177698,4.83549332],[52.74179022,4.83548494],[52.74181125,4.83545905],[52.74182596,4.83543386],[52.7418262,4.83542424],[52.74195653,4.83537617],[52.7419731,4.83536539],[52.74208058,4.83528631],[52.74210399,4.83526661],[52.74212409,4.8352497],[52.74216227,4.83521758],[52.74241853,4.83500199],[52.74251123,4.83489148],[52.74258941,4.83479825],[52.74325582,4.83421731],[52.74425482,4.83335597],[52.74459417,4.83305117],[52.74478673,4.83287248],[52.74509345,4.83256999],[52.74547352,4.83219635],[52.7454777,4.83219111],[52.74553948,4.8321138],[52.74555168,4.83209855],[52.74558861,4.83205233],[52.74562344,4.83200873],[52.74565756,4.83197847],[52.74580357,4.83184901],[52.7458592,4.83179802],[52.74589319,4.83176341],[52.74593198,4.831731],[52.74599719,4.83167652],[52.7463014,4.83137381],[52.74720276,4.83037972],[52.74721639,4.8303228],[52.74742309,4.83009693],[52.74782103,4.82964513],[52.74795309,4.82949914],[52.74833765,4.82905462],[52.74847307,4.82890589],[52.7486512,4.82870004],[52.74867152,4.82869322],[52.7486701,4.82867886],[52.74869332,4.82865051],[52.74869713,4.82867968],[52.74873912,4.82863045],[52.74876443,4.82860057],[52.74878568,4.82854422],[52.74905684,4.82822971],[52.74915524,4.82811124],[52.74931047,4.8279315],[52.7494161,4.82781227],[52.74994453,4.82720954],[52.75038642,4.82670548],[52.75080936,4.82621966],[52.75156138,4.82535422],[52.75168953,4.8251992],[52.75202608,4.82482489],[52.7521316,4.82469967],[52.7525427,4.82423025],[52.75267469,4.82407606],[52.75273209,4.82400699],[52.75345368,4.82318297],[52.75363314,4.82297115],[52.75379082,4.822791],[52.75380623,4.82272966],[52.75403326,4.82247206],[52.75528977,4.82104626],[52.7553639,4.82102279],[52.75537369,4.82101969],[52.75538333,4.82101664],[52.75538732,4.82101538],[52.75539032,4.82101371],[52.7553921,4.82101272],[52.75539953,4.82100858],[52.75540852,4.82100358],[52.75540884,4.8210034],[52.75542299,4.82099551],[52.75541903,4.82092506],[52.75547344,4.82086305],[52.7556848,4.82062223],[52.75590728,4.82036462],[52.75615245,4.8200865],[52.75627183,4.81994687],[52.75649048,4.81969804],[52.75668223,4.81947531],[52.75698974,4.81912963],[52.75708427,4.81901698],[52.75729335,4.81878335],[52.75737485,4.81868484],[52.75744973,4.81860136],[52.7577369,4.81827314],[52.75783881,4.81816011],[52.75818355,4.81775906],[52.75829152,4.81763811],[52.75851015,4.81738353],[52.75872434,4.81714229],[52.75930896,4.81646967],[52.75950574,4.8162443],[52.75974727,4.81597282],[52.75982701,4.8158786],[52.76005445,4.81562097],[52.76010205,4.81556706],[52.76033128,4.81530313],[52.76040817,4.81521772],[52.76056979,4.81503062],[52.76058067,4.81501857],[52.76073117,4.8148519],[52.76085971,4.81470786],[52.76122308,4.81430149],[52.76150619,4.81398965],[52.76162421,4.81386189],[52.76178417,4.8136755],[52.76199573,4.81343258],[52.76223089,4.81316684],[52.76237613,4.81300108],[52.76260778,4.8127142],[52.7627651,4.81251895],[52.76290039,4.81235155],[52.76291009,4.81233956],[52.76291415,4.81233468],[52.76294436,4.81229825],[52.76294634,4.81229585],[52.76320524,4.81200992],[52.76380798,4.81131548],[52.76381415,4.8113078],[52.76389716,4.81120447],[52.76406123,4.81101937],[52.76435601,4.81068659],[52.7645489,4.81046849],[52.76475019,4.81026183],[52.76501696,4.80999089],[52.76519431,4.80981254],[52.7653391,4.80966766],[52.76551908,4.80951313],[52.76568537,4.80937063],[52.76587671,4.80920513],[52.76603457,4.80907017],[52.766111,4.80900292],[52.76622616,4.80891739],[52.76637704,4.80880368],[52.76655353,4.80867082],[52.76674479,4.80852784],[52.76694989,4.8083829],[52.76706503,4.80831337],[52.76724051,4.80821296],[52.76740305,4.80811332],[52.76757563,4.8080097],[52.7677323,4.80792199],[52.76786242,4.807845],[52.76802766,4.80776651],[52.76823146,4.80766928],[52.76841697,4.8075803],[52.76858041,4.80750035],[52.76869171,4.80745294],[52.76885141,4.8073969],[52.76899414,4.80734597],[52.76915427,4.80728695],[52.76930131,4.80723507],[52.76956786,4.80714234],[52.76967221,4.80711734],[52.76968403,4.8071145],[52.77000743,4.80701649],[52.77021432,4.80696075],[52.77024064,4.80695366],[52.77026819,4.80694624],[52.77028044,4.80684649],[52.77031709,4.8068426],[52.77030697,4.806915],[52.77032791,4.8070158],[52.77032153,4.80707396],[52.77031593,4.80709758],[52.77030615,4.80713314],[52.77029372,4.80717836],[52.77027127,4.80736274],[52.7702547,4.80750519],[52.77024019,4.80765096],[52.77023971,4.80766216],[52.77023564,4.80775813],[52.77023611,4.8078535],[52.77024154,4.80792873],[52.77025825,4.80802389],[52.77028101,4.80811396],[52.77031394,4.80820723],[52.77034896,4.80831052],[52.77039116,4.8084338],[52.77040968,4.80848376],[52.77045123,4.80859896],[52.7704791,4.80869232],[52.77051114,4.8088107],[52.77054429,4.80895082],[52.77056911,4.80904588],[52.77059085,4.80913262],[52.77061051,4.80921101],[52.77063016,4.80928605],[52.7706765,4.80942434],[52.77070219,4.80949092],[52.77073818,4.80958752],[52.7707649,4.80965411],[52.77079868,4.80971558],[52.77082572,4.80976403],[52.7708372,4.80978868],[52.77086058,4.80983887],[52.77088118,4.80990053],[52.7709049,4.80997719],[52.77092349,4.81004388],[52.77093495,4.81010398],[52.77094343,4.81017917],[52.77095092,4.81025771],[52.77095227,4.81032799],[52.77095472,4.81041664],[52.77095404,4.81048526],[52.7709496,4.81061584],[52.77094601,4.81071295],[52.77094424,4.81076654],[52.77094352,4.81082846],[52.77094574,4.81086691],[52.77094902,4.81091539],[52.77096301,4.81099582],[52.77097245,4.81105762],[52.77098828,4.81118292],[52.77100518,4.81132158],[52.77104456,4.81149009],[52.77108391,4.81165022],[52.77112845,4.81183706],[52.77115953,4.81196718],[52.77117523,4.81206738],[52.77119972,4.81221963],[52.77121963,4.81235156],[52.77123631,4.81244171],[52.7712665,4.81259862],[52.77129047,4.81272884],[52.77129685,4.81278899],[52.77130454,4.81291107],[52.77130812,4.81301978],[52.77130985,4.81316871],[52.77131225,4.81324732],[52.77131586,4.81327935],[52.77132312,4.81331271],[52.77133032,4.81333104],[52.77133371,4.81333654],[52.77125278,4.81352393],[52.77120893,4.81362547],[52.77108324,4.81386976],[52.77104504,4.81394725],[52.77088556,4.81425584],[52.77073675,4.8145473],[52.77057586,4.81485731],[52.77046224,4.81508136],[52.77041938,4.81515918],[52.77037109,4.81524847],[52.77024134,4.81549282],[52.77015985,4.81564281],[52.77005218,4.81583667],[52.7700049,4.81592597],[52.76997182,4.81601175],[52.76996994,4.81604188],[52.76997146,4.81614896],[52.76997482,4.81621419],[52.76997821,4.81647386],[52.76999689,4.81755884],[52.7699938,4.81768216],[52.76999087,4.8178378],[52.76997233,4.81806437],[52.76993629,4.81821639],[52.76982757,4.81854924],[52.76979001,4.81864066],[52.76975369,4.8187341],[52.76973322,4.81881318],[52.76971796,4.81895281],[52.76971134,4.81910649],[52.76968608,4.81946451],[52.76968263,4.81954131],[52.76966031,4.81992728],[52.76965586,4.82000422],[52.7696558,4.82000524],[52.7696551,4.82001745],[52.76965307,4.82004861],[52.76964129,4.82022993],[52.76962946,4.82041179],[52.76960722,4.82075403],[52.76960775,4.82075393],[52.76969464,4.82073857],[52.76971974,4.82073413],[52.76999456,4.82068555],[52.77006824,4.82067286],[52.77059981,4.82058128],[52.77105065,4.82050884],[52.77108803,4.82050283],[52.7716221,4.82041569],[52.7721586,4.82032446],[52.77228302,4.82030258],[52.77241647,4.8202833],[52.77253193,4.82027235],[52.77269767,4.82025616],[52.77278691,4.82024285],[52.77298336,4.82020789],[52.7731634,4.82016773],[52.77323655,4.82014869],[52.77337728,4.82011038],[52.7734869,4.82007791],[52.77365869,4.82002299],[52.77373507,4.8199958],[52.77375961,4.81998603],[52.77380211,4.81996657],[52.77398454,4.81989806],[52.77404384,4.81987579],[52.77410387,4.81985324],[52.77410766,4.81985269],[52.77411425,4.81985171],[52.77411726,4.81985126],[52.7741191,4.81985098],[52.77412003,4.81985085],[52.77412081,4.81985074],[52.77412952,4.81984946],[52.77413064,4.81986394],[52.77413141,4.81987391],[52.77414081,4.81999568],[52.77414173,4.82000761],[52.77414212,4.82001254],[52.77415081,4.82020495],[52.7741695,4.82033067],[52.77417535,4.82038052],[52.77417567,4.82038327],[52.77418852,4.82049289],[52.77419046,4.82050941],[52.77419087,4.82052156],[52.77419745,4.82071154],[52.7742006,4.82074911],[52.77420366,4.82078556],[52.77421023,4.82086386],[52.77424115,4.82102591],[52.77429459,4.82127051],[52.77433398,4.82152194],[52.77435081,4.82167755],[52.77437823,4.82194902],[52.77440915,4.82211105],[52.77445294,4.82244199],[52.77448648,4.82273328],[52.77450687,4.82296212],[52.77451956,4.82315411],[52.77452635,4.82325693],[52.77454355,4.82349206],[52.77458325,4.82380981],[52.77463318,4.82416386],[52.77469128,4.82454767],[52.77475571,4.82499437],[52.77481596,4.82540797],[52.77485686,4.82572607],[52.77487985,4.82591142],[52.77492588,4.82629537],[52.7749676,4.82661641],[52.77500508,4.82689107],[52.77504633,4.82718046],[52.77504883,4.82719251],[52.77516837,4.82776722],[52.77523458,4.82808562],[52.77525471,4.82818408],[52.77526372,4.8282282],[52.77527182,4.82826779],[52.77528245,4.8283198],[52.77529796,4.8283957],[52.7752994,4.82840274],[52.77530905,4.82844998],[52.77531286,4.82846858],[52.77533305,4.82860266],[52.77533072,4.82869414],[52.77532807,4.82879804],[52.77532668,4.82895144],[52.77532667,4.82895181],[52.77532626,4.82899678],[52.77537372,4.82899617],[52.77542702,4.8289955],[52.77547765,4.82900528],[52.77555647,4.82903093],[52.77561761,4.82903593],[52.77568987,4.82901184],[52.77582383,4.82896264],[52.77596555,4.82891912],[52.7760828,4.82890122],[52.7762302,4.8288727],[52.77631655,4.8288577],[52.77642326,4.82883895],[52.77654465,4.82880728],[52.77663306,4.82878066],[52.77672147,4.82875405],[52.77687858,4.82869875],[52.77702451,4.82865403],[52.77710449,4.82863101],[52.77725047,4.82859669],[52.77745472,4.82855354],[52.77761617,4.82852251],[52.77777408,4.82848574],[52.77791099,4.8284643],[52.77808032,4.82846561],[52.77816042,4.8284677],[52.77820889,4.82846593],[52.77829458,4.82846021],[52.77834861,4.82844677],[52.77840684,4.82842866],[52.7784959,4.82839276],[52.77858703,4.82834872],[52.77867679,4.82831165],[52.77876516,4.8282781],[52.77884655,4.82825504],[52.77890906,4.82824962],[52.77896806,4.82824771],[52.77908119,4.82825204],[52.7791459,4.82826628],[52.77921125,4.8282666],[52.77922947,4.82825827],[52.77930594,4.82823296],[52.77941116,4.82819801],[52.77948061,4.82817628],[52.77956971,4.82814733],[52.77974436,4.82808717],[52.7798812,4.82804951],[52.78005524,4.82800672],[52.78016822,4.82797944],[52.78029108,4.82795817],[52.78046586,4.82792465],[52.7805529,4.82790848],[52.7806673,4.82788153],[52.78076768,4.82786169],[52.78086308,4.82782805],[52.78098941,4.82780094],[52.78105608,4.82778503],[52.78115576,4.82776638],[52.78132492,4.82773293],[52.78152288,4.82769449],[52.78167169,4.82766594],[52.7818135,4.82764095],[52.78194765,4.82763228],[52.78207972,4.82762907],[52.78213099,4.82762378],[52.78216116,4.82761528],[52.78221026,4.82759843],[52.78227266,4.82757215],[52.78231893,4.82754954],[52.78242413,4.82750997],[52.78251743,4.82748095],[52.78260728,4.82746359],[52.78269366,4.82745554],[52.78275194,4.82744783],[52.78297109,4.82743459],[52.78311922,4.82740838],[52.78321403,4.82740137],[52.78326819,4.82740258],[52.78346547,4.82740699],[52.78356532,4.82740923],[52.78354891,4.82764945],[52.78353466,4.8277899],[52.78352152,4.8279139],[52.78352227,4.82807394],[52.78353159,4.82823105],[52.78354197,4.82842923],[52.78355984,4.82866637],[52.78358001,4.82900484],[52.78359888,4.82928888],[52.78360588,4.82946071],[52.78361035,4.82953555],[52.78362124,4.82965627],[52.78364107,4.829861],[52.78367507,4.83025814],[52.78372243,4.83070092],[52.78375268,4.83092223],[52.78378712,4.8311025],[52.78381999,4.83125629],[52.78384796,4.83125972],[52.78389488,4.83126547],[52.78391936,4.83127248],[52.78395669,4.83127389],[52.78405008,4.83128736],[52.7841212,4.83129012],[52.78421896,4.83128888],[52.78437011,4.83130162],[52.78454574,4.83132139],[52.78475685,4.83132603],[52.78492797,4.83133118],[52.78505688,4.83133689],[52.78532138,4.83135553],[52.78551472,4.8313604],[52.78570345,4.83137431],[52.78595838,4.83139519],[52.78597722,4.83139586],[52.78618729,4.83140327],[52.78638063,4.83141182],[52.78647842,4.83141424],[52.7866273,4.83141602],[52.78682729,4.83141715],[52.78687176,4.83142391],[52.78712739,4.83144632],[52.78725316,4.83144849],[52.78736207,4.83145445],[52.78759094,4.83145521],[52.7877754,4.83146387],[52.78811551,4.83149621],[52.78824439,4.83149458],[52.78845997,4.83150649],[52.78861333,4.83151554],[52.78876013,4.83153245],[52.78887252,4.831538],[52.78899253,4.83154382],[52.7891992,4.83154852],[52.78947256,4.83155971],[52.78975258,4.83157084],[52.7900015,4.83158233],[52.79017935,4.83160207],[52.79029719,4.8316189],[52.79041633,4.83162849],[52.7904919,4.83163486],[52.79067193,4.83164357],[52.79077196,4.83165331],[52.7908453,4.83165604],[52.79091199,4.83166251],[52.79121876,4.83169162],[52.79138479,4.83170707],[52.79139215,4.83170775],[52.7914477,4.83170704],[52.79153879,4.83170589],[52.79173883,4.83171801],[52.79197216,4.83172238],[52.79211446,4.83173186],[52.79233129,4.83173627],[52.79247133,4.83174915],[52.79258465,4.83174772],[52.79293359,4.83176529],[52.79327363,4.83178297],[52.793567,4.83179757],[52.79366167,4.83180014],[52.79381284,4.83181656],[52.79394841,4.83182216],[52.7941618,4.83183778],[52.79433517,4.83185025],[52.79456409,4.83186202],[52.79469967,4.83187129],[52.79481968,4.83187711],[52.79492859,4.83188305],[52.79501301,4.83188198],[52.79516862,4.83189467],[52.79533662,4.83189997],[52.79556779,4.83191904],[52.7958367,4.83192663],[52.79603671,4.8319351],[52.79614119,4.83194476],[52.79634788,4.8319568],[52.79643157,4.83196486],[52.79658353,4.83197948],[52.79675374,4.83198475],[52.7969316,4.83200448],[52.797185,4.83202327],[52.79743615,4.83203841],[52.79760508,4.83205094],[52.79782287,4.83205918],[52.79798068,4.83207184],[52.79809408,4.83208516],[52.79813317,4.83208466],[52.7984799,4.83210593],[52.79873333,4.83213205],[52.79879578,4.83213574],[52.79883557,4.83213809],[52.79897114,4.8321437],[52.79904337,4.8321632],[52.79904901,4.83216472],[52.79920189,4.83218343],[52.79927471,4.83219234],[52.79952512,4.83222456],[52.79974667,4.83225307],[52.79979556,4.83225611],[52.79980389,4.83225642],[52.79981732,4.8322569],[52.79994447,4.83226156],[52.80010453,4.83227786],[52.80020146,4.8322914],[52.80027258,4.83229415],[52.80037041,4.83230759],[52.80043935,4.83232138],[52.80052391,4.83234596],[52.80057952,4.83235994],[52.80080642,4.83241571],[52.80094438,4.83245795],[52.80099338,4.832483],[52.80101346,4.83250109],[52.80106922,4.83254438],[52.80111372,4.83255846],[52.80124279,4.83260082],[52.80136062,4.83261399],[52.80144287,4.83262029],[52.80147178,4.83262725],[52.80147851,4.83264185],[52.80151198,4.83267074],[52.80154538,4.832685],[52.8015957,4.83271011],[52.80174935,4.83278149],[52.80190742,4.83284916],[52.80193412,4.83285614],[52.80195414,4.83285955],[52.80198073,4.83284455],[52.80203617,4.83282186],[52.8020982,4.83278074],[52.80230037,4.83284393],[52.80246429,4.8328945],[52.80253793,4.83291876],[52.80258375,4.83292733],[52.80261575,4.8329498],[52.80273933,4.83300043],[52.80277333,4.83301437],[52.80277837,4.83301643],[52.80282976,4.83303179],[52.80287702,4.83305179],[52.80292991,4.83307172],[52.80296048,4.83308278],[52.80299106,4.83309613],[52.80302715,4.83310253],[52.80307297,4.8331111],[52.80316461,4.83312826],[52.80334653,4.83317173],[52.8034854,4.83320432],[52.80360055,4.8332316],[52.8037285,4.83326075],[52.80389657,4.83330669],[52.80404935,4.83334825],[52.80419527,4.8333876],[52.80438833,4.83343781],[52.80458416,4.83349026],[52.80474668,4.83353399],[52.80481481,4.83355144],[52.80498981,4.8335973],[52.8051037,4.83362791],[52.80523425,4.83366287],[52.8053537,4.83369342],[52.80540406,4.83370659],[52.80545378,4.83371961],[52.80567459,4.83377406],[52.80590515,4.83383294],[52.80599047,4.83384849],[52.80603389,4.83386105],[52.80612169,4.83388642],[52.80626538,4.83392795],[52.80627745,4.83393124],[52.8064066,4.83396166],[52.80652603,4.83398991],[52.80662186,4.83401388],[52.80671363,4.83404249],[52.80674698,4.83405351],[52.80683306,4.83407074],[52.80689417,4.83408599],[52.80698446,4.83411231],[52.80705669,4.8341343],[52.80713864,4.83415844],[52.80718816,4.83418571],[52.80721065,4.83420186],[52.80729219,4.83420534],[52.80741593,4.83426258],[52.80746226,4.83428401],[52.80747437,4.83429011],[52.8077794,4.83430654],[52.80777882,4.83449089],[52.80777852,4.83457342],[52.80778539,4.83451311],[52.807799,4.83447576],[52.80880289,4.8335983],[52.80906289,4.8333728],[52.8092116,4.83324381],[52.81106311,4.83157142],[52.81113996,4.83150374],[52.81116637,4.83148049],[52.81243343,4.83036476],[52.81276999,4.83007571],[52.81356335,4.82935917],[52.81499202,4.82810515],[52.8166657,4.82663615],[52.81793971,4.8255287],[52.81797291,4.82549983],[52.81934731,4.82430537],[52.81987257,4.82384887],[52.82176659,4.82217558],[52.82407716,4.82015873],[52.8245678,4.81972127],[52.8246843,4.81963899],[52.82470317,4.81962566],[52.82473183,4.81960099],[52.82476258,4.81957452],[52.8247716,4.81959924],[52.82487929,4.81950481],[52.82489891,4.81948761],[52.82693086,4.81770014],[52.82697489,4.81766141],[52.82821772,4.81656802],[52.82846047,4.81636004],[52.82896897,4.81591498],[52.83032164,4.81472644],[52.83078441,4.8143203],[52.83116146,4.81399245],[52.8313521,4.81382572],[52.83152888,4.81367248],[52.83158244,4.81361308],[52.83159819,4.81359562],[52.83165452,4.81353317],[52.83189473,4.81327219],[52.83190447,4.8132616],[52.8319788,4.81318064],[52.83205308,4.81309975],[52.83209452,4.81305461],[52.83211687,4.8130285],[52.83217811,4.81298606],[52.83218285,4.81298278],[52.83222613,4.81295029],[52.83241424,4.81281346],[52.83246662,4.81295537],[52.83263003,4.81282299],[52.83266382,4.81279563],[52.83295568,4.81256028],[52.83322068,4.81234489],[52.83352418,4.81210125],[52.83379948,4.81187682],[52.83408617,4.81164189],[52.83439302,4.8113919],[52.83467726,4.81115959],[52.83482929,4.81103874],[52.83487692,4.81100088],[52.83491869,4.81095868],[52.83494669,4.8109304],[52.8349686,4.81090711],[52.83498313,4.81089166],[52.83505178,4.81081874],[52.83526276,4.81062765],[52.83533838,4.81056043],[52.83539748,4.81051416],[52.83549299,4.81042114],[52.83564249,4.81029933],[52.83574822,4.810234],[52.83584648,4.81015912],[52.83595168,4.81007451],[52.83600728,4.81005275],[52.83605587,4.81001921],[52.83623566,4.80989075],[52.8363998,4.80977804],[52.8364984,4.80973022],[52.83658961,4.80968545],[52.83663629,4.80967825],[52.83680948,4.80965708],[52.8368266,4.80965498],[52.83689896,4.80964708],[52.83691918,4.80961464],[52.83708544,4.80936064],[52.8372383,4.80912383],[52.83743647,4.80881792],[52.83745215,4.80879423],[52.83755766,4.80863486],[52.83785427,4.80819172],[52.83833956,4.80747295],[52.83864307,4.80700868],[52.83954764,4.80564069],[52.84016668,4.8047103],[52.84042,4.80432546],[52.84058225,4.80407895],[52.84099911,4.80344562],[52.84168389,4.8024158],[52.84201264,4.8019364],[52.84224802,4.80160829],[52.84287267,4.80075177],[52.84309277,4.80045028],[52.84375258,4.79948332],[52.8445429,4.79838414],[52.84521498,4.79743448],[52.84572715,4.79671783],[52.84603651,4.79628495],[52.8464864,4.79567528],[52.84655725,4.79557511],[52.84660704,4.7955047],[52.84678647,4.79525105],[52.84693481,4.79503367],[52.84698176,4.79496488],[52.84699759,4.79494305],[52.84732237,4.79449554],[52.84735826,4.79444985],[52.84736189,4.79444352],[52.84737369,4.79442295],[52.8473944,4.79436925],[52.85048467,4.78534628],[52.85125454,4.7831029],[52.85143555,4.78256263],[52.85142065,4.78245483],[52.85138959,4.78222997],[52.85138591,4.78220338],[52.85134315,4.781894],[52.85056313,4.77625046],[52.84915951,4.76548424],[52.84915808,4.76547327],[52.8491336,4.76528622],[52.84912522,4.76522223],[52.84840195,4.75969855],[52.84840176,4.75969709],[52.84839579,4.7596515],[52.84862078,4.7597218],[52.84865402,4.75921758],[52.84865496,4.75920314],[52.84866078,4.75911493],[52.84866357,4.75907261],[52.84866371,4.75907148],[52.84868932,4.75885532],[52.84975224,4.75926544],[52.85073932,4.75965261],[52.851862,4.76010029],[52.85302571,4.76055857],[52.85393999,4.76091431],[52.85396924,4.76092349],[52.85400585,4.76093499],[52.85400734,4.76093546],[52.85497343,4.76129329],[52.85550594,4.76149884],[52.85658842,4.76191697],[52.85795481,4.7624545],[52.85848846,4.76267107],[52.85916719,4.7629372],[52.85983661,4.76319321],[52.86073471,4.76354042],[52.86121379,4.76373054],[52.86302299,4.76443873],[52.86357323,4.76464734],[52.86439346,4.76496154],[52.86461374,4.76504886],[52.86476339,4.76510661],[52.86491651,4.76516571],[52.86552028,4.76541115],[52.86656782,4.7658156],[52.867137,4.76603833],[52.86799236,4.76635975],[52.86817133,4.76642701],[52.86933337,4.76691845],[52.87072446,4.76747134],[52.87252275,4.76819115],[52.87378859,4.76867835],[52.8742792,4.76886862],[52.87660028,4.76980973],[52.87679302,4.76988488],[52.87761439,4.77021807],[52.87862627,4.77093898],[52.87870286,4.77065068],[52.87880146,4.77027954],[52.87883902,4.77013891],[52.87885645,4.77007363],[52.8788715,4.77001728],[52.87945399,4.76262091],[52.8795906,4.76089109],[52.87963515,4.76032327],[52.87965628,4.76020555],[52.87968538,4.76002919],[52.87970173,4.75995264],[52.87974489,4.75975056],[52.87980265,4.7595246],[52.87985339,4.7592957],[52.87990358,4.75895369],[52.87997399,4.75809728],[52.87998633,4.75794105],[52.88003699,4.75729925],[52.88004307,4.75718564],[52.88004615,4.75712803],[52.8800497,4.75689055],[52.88004023,4.75663727],[52.88000151,4.75630613],[52.8799958,4.75609661],[52.87999272,4.75598391],[52.88000029,4.75566002],[52.88001486,4.75544211],[52.88035001,4.75119105],[52.88039574,4.75060806],[52.88041866,4.75028812],[52.88043869,4.75002023],[52.88044636,4.74992152],[52.88045478,4.74981301],[52.88048135,4.749471],[52.88141007,4.7375096],[52.88141209,4.73748247],[52.88220251,4.72685975],[52.88263456,4.72118782],[52.88294251,4.71714278],[52.88304209,4.71583434],[52.8830469,4.71577115],[52.8830526,4.71569626],[52.88306011,4.71559755],[52.88306083,4.71558908],[52.88349653,4.71050475],[52.88377662,4.70723485],[52.88384139,4.70647855],[52.88447266,4.69399227],[52.88339123,4.69384304],[52.87508562,4.69043977],[52.86710828,4.68633454],[52.85749745,4.68261348],[52.84973265,4.679547],[52.84024613,4.67561908],[52.83154809,4.67132384],[52.82290044,4.66796411],[52.80478869,4.65984519],[52.79701937,4.65636464],[52.78866717,4.651449],[52.78130122,4.64764499],[52.77248107,4.64125885],[52.76341052,4.63655371],[52.75940762,4.6349191],[52.75832889,4.63447864],[52.75631752,4.64790134],[52.75615443,4.64898925],[52.75596994,4.65021977],[52.7558481,4.6510324],[52.75584695,4.65104007],[52.75561971,4.65133102],[52.75554092,4.65143191],[52.75536731,4.65166155],[52.75525385,4.65181164],[52.75523299,4.65184045],[52.75505838,4.65208175],[52.75454436,4.65277835],[52.75443183,4.65292472],[52.75441753,4.65294332],[52.75423807,4.65317666],[52.7542243,4.65319456],[52.75407179,4.65339287],[52.75406864,4.65339697],[52.75389287,4.65362553],[52.75373688,4.65383219],[52.75355314,4.65405792],[52.75322361,4.65445685],[52.75310011,4.65460482],[52.752899,4.65485641],[52.75275668,4.65503423],[52.75257735,4.6552669],[52.75254425,4.65530577],[52.75243504,4.65544002],[52.75237755,4.65550737],[52.75231315,4.65558179],[52.75227974,4.65562346],[52.75221804,4.65569877],[52.75213674,4.65579809],[52.75210795,4.65583266],[52.75202709,4.65591911],[52.75186909,4.6561058],[52.75178896,4.65619819],[52.75173324,4.6562576],[52.75171368,4.65628036],[52.75165816,4.65632445],[52.75158545,4.65636967],[52.7515349,4.65639102],[52.75152063,4.65639364],[52.7514699,4.65638085],[52.75142243,4.65636474],[52.75136071,4.65632798],[52.7513048,4.65629337],[52.75126837,4.6562734],[52.75123688,4.65625558],[52.75111528,4.65620286],[52.75101197,4.65615924],[52.75095368,4.65614178],[52.75090444,4.65613767],[52.75085619,4.65613767],[52.75081885,4.6561429],[52.7507877,4.6561598],[52.75074846,4.65618071],[52.75070591,4.65621727],[52.75061169,4.65630431],[52.75055425,4.65637242],[52.75052422,4.65641795],[52.75050092,4.65646575],[52.7504754,4.65652546],[52.75044161,4.65660369],[52.75041882,4.65667702],[52.7504028,4.65674137],[52.75028105,4.65718243],[52.7501408,4.65768822],[52.75006246,4.65797324],[52.74997723,4.65822413],[52.749928,4.65834801],[52.74987234,4.6584799],[52.74979073,4.6586771],[52.74978181,4.65870937],[52.74969516,4.65886007],[52.74964851,4.65893392],[52.74963442,4.65895642],[52.74960061,4.65898608],[52.74955028,4.65902501],[52.74953258,4.65903464],[52.74949708,4.65903286],[52.74941248,4.65903457],[52.74933349,4.65902716],[52.74923313,4.65901828],[52.74912062,4.65901446],[52.74875592,4.65898152],[52.74852179,4.65894995],[52.74835666,4.658932],[52.74826221,4.65892901],[52.74814611,4.65893614],[52.74766473,4.65899952],[52.74757226,4.65901409],[52.74749572,4.6590507],[52.74743388,4.65909079],[52.74735744,4.65914228],[52.7473092,4.65919144],[52.74725233,4.65926828],[52.74720869,4.65933038],[52.74705115,4.65959528],[52.74696089,4.65974893],[52.7469208,4.65983887],[52.74684401,4.66001872],[52.74678065,4.66017975],[52.74674095,4.66029536],[52.74672334,4.66036819],[52.74670472,4.66046335],[52.74667639,4.66062938],[52.74664954,4.66085304],[52.74664494,4.66106183],[52.74664012,4.66119769],[52.74662822,4.66157845],[52.74663251,4.66172719],[52.74663506,4.66177551],[52.74665869,4.6619481],[52.74669424,4.66214954],[52.74672664,4.66231863],[52.74674865,4.66259728],[52.74673695,4.66271467],[52.7467116,4.66281368],[52.74665474,4.6629318],[52.74651867,4.66316431],[52.746465,4.6632489],[52.7464034,4.66332804],[52.74610139,4.66374559],[52.74590677,4.66400139],[52.74576901,4.66418037],[52.74564368,4.66435914],[52.74545695,4.66461481],[52.74527898,4.66486326],[52.74482369,4.66546895],[52.74482015,4.66547349],[52.74478521,4.66551845],[52.74439046,4.66602626],[52.74415429,4.66631625],[52.74395376,4.6665706],[52.74347007,4.66718452],[52.74322301,4.66750408],[52.74288213,4.66791917],[52.74263914,4.66820549],[52.74255138,4.66832491],[52.74235029,4.66856324],[52.74215778,4.66879665],[52.74196452,4.6690145],[52.74192341,4.66905157],[52.74182117,4.66913321],[52.7417045,4.6692221],[52.74167664,4.6692433],[52.7416601,4.66925591],[52.74163688,4.66927319],[52.7416234,4.66928323],[52.7415576,4.66934262],[52.74151629,4.66938184],[52.74136879,4.66963954],[52.74111319,4.6701552],[52.74076723,4.67082322],[52.74066675,4.67101483],[52.7406421,4.67106955],[52.74060668,4.67114859],[52.74058154,4.67122056],[52.74053804,4.67136964],[52.74051298,4.67148623],[52.74038742,4.67211466],[52.740317,4.67241652],[52.74030321,4.67249014],[52.7402728,4.67265683],[52.7402648,4.67272858],[52.74023355,4.67292456],[52.7402138,4.67306781],[52.74019625,4.67315527],[52.7401805,4.67321483],[52.74016799,4.67326751],[52.74014764,4.67335876],[52.74013345,4.67344117],[52.74009733,4.6736366],[52.74009607,4.67364187],[52.7400811,4.67389139],[52.7400249,4.67430952],[52.7399135,4.67500651],[52.73980167,4.6757881],[52.73968181,4.67662163],[52.73956168,4.67733128],[52.73947783,4.67777342],[52.73938046,4.67826444],[52.7393248,4.67850145],[52.73927886,4.67868576],[52.73922679,4.67879976],[52.73916863,4.67889496],[52.73909285,4.6789683],[52.73897369,4.67905989],[52.73874156,4.67919822],[52.73844002,4.67935656],[52.73834599,4.67941748],[52.73824911,4.6794891],[52.73818718,4.67956612],[52.73813198,4.67965247],[52.73808185,4.67975964],[52.73803951,4.67986385],[52.73802755,4.67991795],[52.7379943,4.6801161],[52.73797241,4.68026411],[52.73795456,4.68040663],[52.73793964,4.68050233],[52.73791883,4.68059416],[52.73789638,4.68065817],[52.73787417,4.68071785],[52.73783683,4.6807858],[52.73777168,4.68090765],[52.73767524,4.68102127],[52.73753506,4.68112759],[52.73727859,4.6812758],[52.73700289,4.68145634],[52.73654122,4.68176856],[52.73616666,4.6820823],[52.735804,4.68235467],[52.73551238,4.68255054],[52.73526295,4.68270687],[52.73517826,4.68274841],[52.73472917,4.68293067],[52.73430433,4.68309877],[52.73392752,4.68323134],[52.73375048,4.68330732],[52.73365194,4.68338204],[52.73361221,4.6834273],[52.73360262,4.68343834],[52.73359039,4.68345242],[52.73353655,4.68352867],[52.73348804,4.68363482],[52.73346023,4.68372817],[52.73323659,4.68462013],[52.73303628,4.68533924],[52.73288503,4.68585381],[52.73278917,4.68616382],[52.7327071,4.68647312],[52.732669,4.68668685],[52.73264596,4.68689724],[52.73263268,4.68715134],[52.73263207,4.68742613],[52.73264222,4.68767067],[52.73266595,4.68785254],[52.73272889,4.6882496],[52.73279036,4.68862652],[52.73284413,4.68896102],[52.73286378,4.68908332],[52.73286887,4.68911492],[52.73287698,4.6891671],[52.73290377,4.68929826],[52.73291622,4.68937093],[52.73292069,4.68939698],[52.73293026,4.68945297],[52.73299201,4.68982242],[52.73262241,4.69035213],[52.7325213,4.69050571],[52.7323949,4.69069526],[52.7321323,4.69107451],[52.73147813,4.69201278],[52.73119608,4.69239909],[52.73100534,4.69264674],[52.73068639,4.69302495],[52.73018202,4.69357292],[52.72799474,4.695985],[52.7269417,4.69713552],[52.72623869,4.69789582],[52.72544826,4.69875698],[52.72473929,4.69952233],[52.72419428,4.70009595],[52.72392975,4.70036646],[52.72380764,4.70047818],[52.72325146,4.700916],[52.72301241,4.70109801],[52.72289522,4.70119499],[52.72243507,4.70161386],[52.7222496,4.70177054],[52.72207786,4.70191257],[52.72185291,4.70212458],[52.72178747,4.70218796],[52.72174736,4.70222989],[52.72155993,4.70243929],[52.72149205,4.70252214],[52.72137408,4.70269163],[52.72130594,4.70279445],[52.72119088,4.70299082],[52.72101858,4.7032921],[52.72083903,4.70361124],[52.72049371,4.70420959],[52.72027202,4.70459822],[52.72011339,4.70487237],[52.71999655,4.70506536],[52.71996582,4.70511314],[52.71979159,4.70537849],[52.71895615,4.70661886],[52.71879013,4.70687131],[52.71872084,4.70696494],[52.71870358,4.70698535],[52.71864966,4.70703842],[52.71853076,4.7071441],[52.71843634,4.7072247],[52.718207,4.70739249],[52.71752342,4.70790008],[52.71670248,4.70851857],[52.71641327,4.70873258],[52.7155022,4.70941686],[52.71537095,4.70952872],[52.71518284,4.70971407],[52.71506463,4.70983966],[52.71500983,4.70990368],[52.71417562,4.7108852],[52.71366596,4.71148201],[52.71343887,4.71174329],[52.71305329,4.71220071],[52.71250357,4.71288171],[52.71222031,4.71324295],[52.7117703,4.71382681],[52.71127816,4.71445752],[52.71093597,4.71490927],[52.71065277,4.71525831],[52.71004733,4.7158072],[52.70930998,4.7159311],[52.70870267,4.71603602],[52.7082061,4.71612353],[52.70770693,4.71620819],[52.70767765,4.71621315],[52.7076581,4.71597772],[52.70765598,4.71595217],[52.70765301,4.71591644],[52.70764897,4.7158677],[52.70758629,4.71588227],[52.70758963,4.71592405],[52.70759257,4.71596189],[52.70759486,4.71599059],[52.70761355,4.71622409],[52.70759786,4.71622663],[52.70690169,4.71633947],[52.70687034,4.71634882],[52.70652105,4.716453],[52.70611164,4.71656629],[52.70548646,4.71676003],[52.70507072,4.71689877],[52.70421916,4.71722608]]]]},"id":"11ac684b-e3b3-5025-bbdd-438e2b927c8c"},{"type":"Feature","properties":{"begin_lifespan_version":"2025-12-31T23:00:00Z","local_id":"GM1903","name":"Eijsden-Margraten","national_code":"1903","national_level":"3rdOrder","national_level_name":"Gemeente","residence_of_authority":null,"upper_level_unit":"Limburg"},"geometry":{"type":"MultiPolygon","coordinates":[[[[50.75502665,5.69600761],[50.75514609,5.69661484],[50.75521778,5.69712025],[50.75522408,5.6971654],[50.75531969,5.69771103],[50.75534465,5.6978818],[50.75535049,5.69804596],[50.75529605,5.69849175],[50.75526406,5.69881675],[50.75527478,5.69902736],[50.75532894,5.69922218],[50.75540933,5.69940884],[50.75550949,5.69951774],[50.75569371,5.69973694],[50.75608885,5.70026044],[50.75647441,5.70078429],[50.75672034,5.70107272],[50.75703316,5.70139602],[50.7573587,5.70163929],[50.75779693,5.7019556],[50.75796135,5.70205162],[50.75835019,5.70224332],[50.75891324,5.70255267],[50.75890495,5.70258569],[50.75889897,5.70260979],[50.75881292,5.70295772],[50.75875695,5.70318475],[50.75873482,5.70328569],[50.75867873,5.7035416],[50.75863975,5.70372246],[50.75858921,5.70396079],[50.75857288,5.70403777],[50.7585433,5.70417153],[50.75852528,5.70426696],[50.75851003,5.70434776],[50.75850339,5.70438293],[50.75848695,5.70446858],[50.75845776,5.70462067],[50.75845488,5.70463569],[50.75844958,5.70466331],[50.75842844,5.70477346],[50.7584248,5.70479477],[50.75836431,5.70514946],[50.7583602,5.70517356],[50.75834463,5.70526592],[50.75833935,5.70529719],[50.75831297,5.7054943],[50.75830114,5.70564727],[50.75829024,5.7057882],[50.75829014,5.70579068],[50.75826835,5.70629002],[50.75828557,5.70697637],[50.75828733,5.70704654],[50.75893589,5.70736824],[50.75901302,5.70740649],[50.75900464,5.70819604],[50.75901099,5.70864315],[50.75901144,5.70867925],[50.75905921,5.70867382],[50.75945263,5.7087584],[50.75956257,5.70878204],[50.759935,5.70889755],[50.7598116,5.71023504],[50.76078691,5.71062756],[50.76079056,5.71062892],[50.76067363,5.71085464],[50.76057601,5.71110706],[50.76054074,5.71126425],[50.76051185,5.71145139],[50.76047497,5.71157801],[50.76048967,5.71164255],[50.7604944,5.7116623],[50.76052754,5.71166407],[50.7604798,5.71215711],[50.7609606,5.71229267],[50.76094584,5.71264819],[50.76083747,5.71262462],[50.7608248,5.71270938],[50.76068368,5.7136685],[50.76015197,5.71356137],[50.76004174,5.71439473],[50.75987811,5.71563293],[50.76005644,5.71574624],[50.76020552,5.71587063],[50.76033207,5.71601878],[50.76037151,5.71607575],[50.76037861,5.71608601],[50.7604486,5.71618709],[50.76064623,5.71647251],[50.76072119,5.71657771],[50.76092073,5.71685773],[50.76099226,5.71695809],[50.76101852,5.71699494],[50.76121136,5.71726557],[50.76125446,5.71732605],[50.76140066,5.71747357],[50.76160313,5.71767789],[50.76172931,5.71780522],[50.76208718,5.71816637],[50.76282756,5.71893677],[50.76300046,5.71911669],[50.76301895,5.71913521],[50.76323099,5.71934334],[50.76329457,5.7194058],[50.76332571,5.71942926],[50.76344734,5.71952094],[50.76357517,5.71961176],[50.76366438,5.71966197],[50.76389207,5.71979009],[50.76408273,5.71991147],[50.76471514,5.72026658],[50.76451137,5.72090705],[50.76444037,5.7211302],[50.76438517,5.72130371],[50.76437891,5.72132335],[50.7643282,5.72148246],[50.76424939,5.72173043],[50.76411501,5.72215327],[50.76392723,5.72254943],[50.76392452,5.72255516],[50.76377817,5.72284708],[50.76377645,5.72284209],[50.76358698,5.72229276],[50.76353122,5.7221311],[50.76349432,5.72202411],[50.76313312,5.7227824],[50.76278166,5.7223177],[50.76232405,5.7233884],[50.76240525,5.7234778],[50.76228649,5.72375782],[50.76222875,5.72389394],[50.76197676,5.72361398],[50.76178101,5.72407699],[50.76160482,5.72449372],[50.76148331,5.72435466],[50.76147939,5.72435021],[50.76145951,5.72432747],[50.76148134,5.72454709],[50.76146948,5.72456781],[50.76145904,5.7245859],[50.76143979,5.72461963],[50.76142092,5.72465271],[50.76109639,5.72424917],[50.7610401,5.72417918],[50.76090593,5.72401233],[50.76040756,5.72489713],[50.76000181,5.72551707],[50.75993916,5.72561359],[50.75941494,5.72640404],[50.75933082,5.72663482],[50.75923562,5.72691401],[50.75921211,5.72698008],[50.75910344,5.72728536],[50.75907299,5.72737092],[50.75903511,5.72747734],[50.75901158,5.72754346],[50.75854967,5.72900503],[50.75840613,5.72961037],[50.75840374,5.72962041],[50.75837214,5.72976305],[50.75832431,5.72997897],[50.75827331,5.73022173],[50.75827192,5.73022945],[50.75826646,5.73025998],[50.75821198,5.73025293],[50.75792185,5.73023993],[50.75785413,5.73024631],[50.75759801,5.73032257],[50.75741607,5.73038766],[50.75740321,5.73042857],[50.75739253,5.73046255],[50.75736048,5.73056549],[50.75734176,5.73081645],[50.75734075,5.7308405],[50.75732966,5.7311062],[50.75730823,5.73170055],[50.7573081,5.73170684],[50.75729937,5.73212605],[50.75729863,5.73274461],[50.75729863,5.73275046],[50.75733583,5.73371072],[50.7573479,5.73402244],[50.75745082,5.73473243],[50.75745714,5.73477743],[50.75745988,5.73480247],[50.75747218,5.73491416],[50.75748263,5.73508494],[50.75748098,5.7351651],[50.75744494,5.73547038],[50.75734081,5.73600278],[50.75723657,5.73703206],[50.75718329,5.73755553],[50.75717698,5.73761729],[50.75713061,5.73807082],[50.75712094,5.73818132],[50.75711256,5.73827706],[50.75709995,5.73854532],[50.75707386,5.73917904],[50.75762593,5.73942236],[50.75793322,5.73961202],[50.75821579,5.73978803],[50.75850682,5.73996932],[50.75855003,5.73999623],[50.75863386,5.74004846],[50.75907343,5.74031132],[50.75936034,5.74048289],[50.75965835,5.74065895],[50.75972349,5.74069742],[50.75975485,5.74071596],[50.75998534,5.74085234],[50.76017108,5.7408294],[50.76064858,5.74120527],[50.76111302,5.74153698],[50.76116207,5.74157168],[50.76135654,5.74071907],[50.76141529,5.74042767],[50.76144908,5.7404596],[50.76145452,5.74046475],[50.76146488,5.74047454],[50.7618895,5.74087504],[50.76201353,5.74117213],[50.7620186,5.74118427],[50.76201917,5.74118563],[50.7620418,5.74124],[50.76205513,5.74127202],[50.76207102,5.74131068],[50.76213224,5.74131734],[50.76216857,5.74137763],[50.76228581,5.74143743],[50.76233231,5.7412965],[50.76243627,5.74128422],[50.76246619,5.74124062],[50.76258637,5.74116336],[50.76266526,5.74108689],[50.76279854,5.74122432],[50.76285302,5.74123005],[50.76301366,5.74114823],[50.76305916,5.74105956],[50.76309317,5.7408687],[50.76308649,5.7407586],[50.76300663,5.7406012],[50.76301334,5.74051888],[50.76305314,5.74054575],[50.76306689,5.74055493],[50.76392551,5.74113193],[50.76393701,5.74113955],[50.76396729,5.74115771],[50.76398408,5.74116779],[50.76474928,5.74162741],[50.76469706,5.74189165],[50.76498322,5.74202826],[50.76517838,5.74212144],[50.76532091,5.74217524],[50.76537828,5.74221224],[50.76542306,5.74224112],[50.76629212,5.7428017],[50.76678086,5.74311698],[50.76700326,5.74326044],[50.76701839,5.74327704],[50.76751477,5.74382111],[50.76801108,5.74436513],[50.76840154,5.74527196],[50.76882181,5.74489582],[50.76886885,5.74503703],[50.76918497,5.74599736],[50.76920723,5.74606419],[50.76921169,5.74607796],[50.76938278,5.74634174],[50.76955499,5.74606269],[50.7700236,5.74658369],[50.77048495,5.7470887],[50.77122062,5.74826253],[50.77150826,5.74880055],[50.77151783,5.74883089],[50.77165123,5.74925371],[50.77168038,5.74934561],[50.77169406,5.74938871],[50.77174911,5.74955386],[50.77178381,5.74965795],[50.77190777,5.75002983],[50.77215055,5.75036375],[50.772279,5.75051793],[50.77229408,5.75053604],[50.77283083,5.75115377],[50.77367991,5.7518688],[50.77342851,5.75234497],[50.77434622,5.75345216],[50.77437054,5.75348152],[50.77437927,5.75349301],[50.77483266,5.75408902],[50.77500605,5.75431697],[50.77506154,5.7543899],[50.77518942,5.75455801],[50.77512722,5.7548935],[50.77502555,5.75572359],[50.77501909,5.75577653],[50.77514498,5.75585018],[50.77527715,5.75597992],[50.77550587,5.75622141],[50.775736,5.7564618],[50.77683647,5.75763529],[50.77707112,5.75786643],[50.77731197,5.75809363],[50.77752044,5.75825412],[50.77769394,5.75836982],[50.77792673,5.7584851],[50.77796645,5.75853481],[50.77820063,5.75882644],[50.77795668,5.75956303],[50.77850747,5.76010066],[50.77852941,5.76014558],[50.77886439,5.76083123],[50.77929315,5.76141112],[50.77932207,5.76145024],[50.77974269,5.76201914],[50.77975898,5.76204118],[50.77995305,5.76230368],[50.77996905,5.76232531],[50.78019939,5.76263686],[50.78020213,5.76264057],[50.78047505,5.76300971],[50.78084613,5.76351166],[50.78127752,5.76409517],[50.7817385,5.76471873],[50.78209072,5.7651952],[50.78254595,5.765811],[50.78257306,5.76610764],[50.78264856,5.76715239],[50.78277494,5.76835418],[50.78279505,5.76855994],[50.78280704,5.76875522],[50.7828203,5.76903058],[50.78282166,5.76905892],[50.7828265,5.76915947],[50.78288655,5.76977253],[50.78292707,5.77042686],[50.78298392,5.77174751],[50.78301619,5.77234683],[50.78303484,5.77256699],[50.78305826,5.77278828],[50.78309489,5.77300526],[50.78314222,5.77321656],[50.78324523,5.77357521],[50.78301458,5.77659537],[50.78295552,5.77736718],[50.78288791,5.77709211],[50.78224726,5.77664765],[50.7811105,5.77724261],[50.7805321,5.77754532],[50.78049562,5.77756441],[50.78045094,5.77758779],[50.78034331,5.77764414],[50.77944735,5.77811303],[50.77778671,5.77870898],[50.77761505,5.77877058],[50.77689999,5.77898341],[50.77616835,5.77919985],[50.77564075,5.77933233],[50.77549587,5.77936871],[50.77434282,5.77968281],[50.77430931,5.77971492],[50.7742191,5.77980137],[50.77420303,5.77984029],[50.77417718,5.77990291],[50.77388298,5.78001471],[50.7736159,5.78023007],[50.773563,5.78027271],[50.77334003,5.78033528],[50.77309627,5.78039989],[50.77294429,5.78048366],[50.77268126,5.78068255],[50.77238208,5.78085321],[50.77134471,5.78134697],[50.77141253,5.78188466],[50.7672112,5.78447646],[50.76720094,5.78448286],[50.76716925,5.78450267],[50.76724749,5.78486987],[50.76732795,5.7852382],[50.767485,5.78604791],[50.76755719,5.78645405],[50.76767393,5.78713408],[50.76773647,5.78740925],[50.76777224,5.78754221],[50.76788891,5.78792127],[50.76801347,5.78828977],[50.76810783,5.78853864],[50.76815882,5.78865735],[50.76832253,5.78899672],[50.7685787,5.78948441],[50.76870367,5.78973467],[50.76889133,5.79013252],[50.76949206,5.7914531],[50.76963498,5.79178833],[50.76977395,5.79213128],[50.77019905,5.7932216],[50.77017988,5.79324136],[50.76968825,5.79373716],[50.76899225,5.7944388],[50.76866043,5.79477331],[50.76865,5.79478363],[50.7685613,5.7948725],[50.76854175,5.79489209],[50.76792934,5.79550526],[50.76792506,5.79550953],[50.76763948,5.79579546],[50.76751141,5.79592369],[50.76702201,5.79641367],[50.76698427,5.79645145],[50.7669734,5.79646234],[50.76578676,5.79765034],[50.76492804,5.79850999],[50.76486631,5.79857166],[50.7633471,5.80009287],[50.76328866,5.80015129],[50.76327267,5.80016726],[50.76327211,5.80016792],[50.76244713,5.8010067],[50.76237011,5.801085],[50.76215644,5.80130225],[50.76213108,5.80132803],[50.76207942,5.80138054],[50.76192762,5.80153489],[50.76186879,5.80159469],[50.76178827,5.80167656],[50.76158577,5.80188244],[50.76122913,5.80224502],[50.76121889,5.80225543],[50.7611937,5.80228104],[50.76118754,5.8022873],[50.75953116,5.8039712],[50.7594979,5.804005],[50.75945335,5.80404999],[50.75845825,5.80505841],[50.75842497,5.80509213],[50.75829759,5.80522121],[50.75825854,5.80526079],[50.75712388,5.80641058],[50.75629964,5.80724576],[50.75619049,5.80735635],[50.7561757,5.80732921],[50.75611893,5.80741172],[50.75608946,5.80748187],[50.75605441,5.80762105],[50.75604487,5.80769557],[50.75592823,5.80879008],[50.75589318,5.80923347],[50.75588857,5.80942119],[50.75589155,5.80975844],[50.75592618,5.81027266],[50.75595461,5.8107939],[50.75598999,5.81163827],[50.75600024,5.81220961],[50.75601093,5.81258766],[50.75604079,5.81302191],[50.7560864,5.81352761],[50.7561384,5.81420185],[50.75616317,5.81441686],[50.75622028,5.81469636],[50.7563321,5.81514533],[50.75647213,5.81563883],[50.75656291,5.81592639],[50.75688991,5.81690212],[50.7572382,5.81781493],[50.75770603,5.8189078],[50.75802476,5.81960846],[50.7581247,5.81984699],[50.75821592,5.82009207],[50.75838707,5.82059476],[50.7585093,5.82103344],[50.75864517,5.82157965],[50.75870812,5.82186986],[50.75875297,5.82211828],[50.75879617,5.82243312],[50.75882405,5.82271106],[50.75888659,5.82355772],[50.75895978,5.8244067],[50.75896286,5.82470588],[50.75893969,5.82533452],[50.75894395,5.82635691],[50.75894268,5.8263952],[50.75893365,5.82655411],[50.75885942,5.82731047],[50.7587032,5.82879035],[50.7585895,5.82980142],[50.75856313,5.83001107],[50.75853923,5.83067757],[50.75855941,5.83075991],[50.7586313,5.83091471],[50.75877667,5.83102018],[50.75885745,5.83112569],[50.75928696,5.83178057],[50.75934402,5.83184247],[50.75986569,5.83234391],[50.76001759,5.83250701],[50.76015353,5.83265779],[50.76030252,5.83284877],[50.76041847,5.83300842],[50.76055393,5.83321013],[50.7606765,5.83340307],[50.76078508,5.83358303],[50.76087071,5.83373731],[50.76092595,5.83383661],[50.76101216,5.83398691],[50.76122083,5.83436027],[50.76144154,5.83474328],[50.76168186,5.83514087],[50.76191301,5.83550938],[50.76215011,5.83586598],[50.76235303,5.83619987],[50.76247459,5.8364349],[50.76257288,5.83665775],[50.76265913,5.83687184],[50.76313593,5.83770778],[50.76334408,5.83813874],[50.76344211,5.8383576],[50.76354177,5.838586],[50.76371934,5.83900805],[50.76379106,5.83919919],[50.7638558,5.8393823],[50.76391126,5.83956509],[50.76403488,5.83998773],[50.76420438,5.84060348],[50.76427522,5.84087501],[50.76447933,5.84168998],[50.76470605,5.84260858],[50.7648744,5.84322544],[50.76493959,5.84343315],[50.76508335,5.84394591],[50.76521378,5.8444189],[50.76533382,5.84489158],[50.76537089,5.84503766],[50.76574541,5.84486325],[50.76604833,5.84474903],[50.766573,5.84453359],[50.76657979,5.84463521],[50.76658351,5.84469084],[50.76712445,5.84475113],[50.76834812,5.84481089],[50.76886638,5.8448362],[50.7689811,5.84484181],[50.76935638,5.84486015],[50.76940725,5.84486262],[50.76956013,5.84487009],[50.76966614,5.84487528],[50.76966861,5.8448754],[50.77031388,5.84490692],[50.77032014,5.84490722],[50.77057703,5.84491978],[50.77067233,5.84490102],[50.77076425,5.84491053],[50.77105174,5.84481456],[50.77122396,5.84474708],[50.77133733,5.84469674],[50.77161511,5.84455532],[50.77175294,5.84447828],[50.77176562,5.84446992],[50.77181874,5.84443414],[50.77190772,5.8443674],[50.77195018,5.84433186],[50.77211729,5.84419208],[50.77234784,5.84399905],[50.77248776,5.84387101],[50.77263987,5.84373046],[50.77278135,5.84359477],[50.77296806,5.84338822],[50.77312297,5.8431971],[50.77315625,5.84317006],[50.77316517,5.84316328],[50.77327282,5.84308148],[50.77333274,5.84304464],[50.7735229,5.84294203],[50.77362379,5.84288844],[50.77373669,5.84281938],[50.7737852,5.84278201],[50.77392624,5.8426432],[50.7740769,5.84254722],[50.77409145,5.84263508],[50.77410365,5.84267352],[50.77418031,5.842894],[50.77418478,5.84290224],[50.77425131,5.84305308],[50.77430083,5.84317494],[50.77439034,5.84355503],[50.77455139,5.84424329],[50.77514092,5.84390753],[50.77518484,5.84388271],[50.77519359,5.84387243],[50.77661913,5.84210616],[50.77666854,5.84204493],[50.77694503,5.84189412],[50.77764387,5.84151291],[50.77764558,5.84151193],[50.77813307,5.84123325],[50.77817679,5.84120874],[50.77825756,5.84116346],[50.77843711,5.84106279],[50.7785887,5.84097819],[50.77876964,5.8408772],[50.77878022,5.84087129],[50.7789998,5.84074873],[50.7791668,5.84063221],[50.77917545,5.84062618],[50.77923814,5.84058191],[50.77925618,5.84056917],[50.77947573,5.84041412],[50.78008316,5.84000669],[50.78008847,5.84000313],[50.78013852,5.83998011],[50.78039784,5.8397192],[50.78068387,5.8394358],[50.7807816,5.83933898],[50.78106858,5.83905848],[50.78111976,5.83900538],[50.78164957,5.83845567],[50.78102308,5.83719116],[50.7811655,5.83680551],[50.78119706,5.83672005],[50.78170983,5.83533154],[50.78173776,5.8352559],[50.78175555,5.83524598],[50.78189656,5.83517378],[50.78202463,5.83510923],[50.78215549,5.83504513],[50.78224188,5.83500943],[50.78226494,5.83499989],[50.78224897,5.83498754],[50.78229345,5.8349656],[50.78272567,5.8347706],[50.78279404,5.83473695],[50.78307221,5.83459936],[50.78323528,5.83451872],[50.7832672,5.83450294],[50.78334596,5.83446398],[50.78352354,5.83437863],[50.78357167,5.83435405],[50.78364934,5.83431825],[50.7837331,5.83427607],[50.78383537,5.83422456],[50.78388913,5.8341987],[50.78394511,5.83417209],[50.78417646,5.83406212],[50.78436693,5.8339738],[50.78440158,5.83395773],[50.78478321,5.83547148],[50.78481207,5.83558593],[50.78527019,5.83537269],[50.78532221,5.83565748],[50.78587218,5.83549089],[50.78588734,5.83574498],[50.78668116,5.83588616],[50.78668131,5.83578764],[50.78667847,5.83542673],[50.78667303,5.83524212],[50.78665591,5.83500053],[50.78663777,5.83485698],[50.78660017,5.83461872],[50.78659742,5.83460131],[50.78657862,5.83448253],[50.78655822,5.83432091],[50.78655414,5.83421965],[50.78655436,5.83410786],[50.78655888,5.83400174],[50.78658082,5.83352306],[50.78658447,5.83342557],[50.78658455,5.83342426],[50.78659174,5.83330122],[50.78659529,5.83321391],[50.78659576,5.83305069],[50.78658093,5.83291918],[50.78657988,5.83290996],[50.78662437,5.83289684],[50.78664902,5.83288417],[50.78679111,5.83282196],[50.78684718,5.83281067],[50.78685099,5.8328099],[50.78687264,5.83280538],[50.78689989,5.8327997],[50.78696678,5.83278577],[50.78706437,5.83276542],[50.78727999,5.8327214],[50.78746748,5.83268909],[50.7875355,5.83267821],[50.78758862,5.83266965],[50.78765665,5.83265633],[50.78775361,5.83264398],[50.7878346,5.83261948],[50.78784146,5.83259031],[50.78810722,5.83258333],[50.78811589,5.83258326],[50.78825694,5.83258212],[50.78834796,5.83258099],[50.78844694,5.83258225],[50.78849956,5.83258293],[50.78856116,5.8325837],[50.78856533,5.83259194],[50.78863977,5.83259733],[50.78872514,5.83237638],[50.78873276,5.83235663],[50.78885657,5.83203553],[50.78905218,5.83152821],[50.78918821,5.8311754],[50.78945699,5.83045719],[50.78952623,5.8302755],[50.78957342,5.83012839],[50.78958479,5.83010379],[50.79002123,5.82916037],[50.79004085,5.82909874],[50.79036457,5.82840495],[50.79049906,5.82812726],[50.79029383,5.82780446],[50.7901029,5.82753291],[50.79009072,5.82751559],[50.79044358,5.82728141],[50.79081671,5.82703633],[50.79104285,5.82688624],[50.79130026,5.8267081],[50.79136486,5.82665846],[50.79152452,5.82653583],[50.79175986,5.82632386],[50.79176411,5.82632006],[50.79176698,5.82631767],[50.79204781,5.82608479],[50.79205605,5.82607796],[50.79226795,5.82590381],[50.79227079,5.82590134],[50.79244804,5.82574729],[50.7926143,5.82558942],[50.79270937,5.82549914],[50.79277399,5.82543277],[50.7929894,5.82521151],[50.79311016,5.8250715],[50.7931536,5.82501993],[50.79315869,5.82501389],[50.79330377,5.8248289],[50.79341473,5.82468037],[50.79357452,5.82447025],[50.79363208,5.82440049],[50.79381572,5.824178],[50.79384957,5.82413699],[50.79385193,5.82413414],[50.79385276,5.82413314],[50.79388193,5.82409779],[50.7939112,5.82406232],[50.79391505,5.82405765],[50.79399809,5.82395704],[50.79416902,5.82377318],[50.79421367,5.82371919],[50.79422424,5.8237064],[50.79423687,5.82369113],[50.79427138,5.82364939],[50.79427744,5.82364206],[50.79461678,5.82323158],[50.79471218,5.82313032],[50.79482295,5.82303031],[50.79520403,5.82268508],[50.79519515,5.82265642],[50.79542241,5.82243274],[50.7955472,5.82233662],[50.79556971,5.82232775],[50.79557727,5.82233425],[50.79565876,5.82227425],[50.79566091,5.82227267],[50.79570366,5.8222412],[50.79588407,5.8221089],[50.79600302,5.82200667],[50.7960543,5.82195563],[50.79610092,5.8218996],[50.79616156,5.82181597],[50.79621326,5.82174257],[50.79622899,5.82180341],[50.79729681,5.8212594],[50.79730072,5.82125741],[50.79754579,5.82111444],[50.79756057,5.82110583],[50.79807037,5.82081651],[50.79810108,5.82094157],[50.79824554,5.82107168],[50.79925148,5.82106225],[50.79939935,5.82106206],[50.79940551,5.82106205],[50.79958299,5.82106179],[50.79964447,5.82106172],[50.79968893,5.82106232],[50.79985766,5.82106459],[50.80024969,5.82109109],[50.80049024,5.82110025],[50.80054762,5.82110243],[50.80079022,5.82111167],[50.80082827,5.82111311],[50.80122963,5.82112884],[50.80207149,5.82105361],[50.80215256,5.82138195],[50.80225494,5.82132151],[50.8023027,5.82129332],[50.80260093,5.82111727],[50.80268774,5.82106602],[50.80288658,5.82092869],[50.80304363,5.82083679],[50.80309461,5.82080695],[50.8032891,5.82070682],[50.80339591,5.82064388],[50.80340256,5.82063995],[50.80354159,5.820558],[50.8036836,5.8204743],[50.80379218,5.8204103],[50.80381279,5.82039763],[50.8039231,5.82032975],[50.80409345,5.82021527],[50.80424717,5.82011196],[50.80434046,5.82004927],[50.80440385,5.82000253],[50.80446095,5.81996043],[50.8045334,5.819907],[50.80474928,5.8197554],[50.80524161,5.81940964],[50.80525451,5.81949081],[50.80528416,5.8196626],[50.80531412,5.81982332],[50.80534535,5.82000632],[50.80535149,5.82005185],[50.80537202,5.82020403],[50.80538631,5.82032403],[50.80539567,5.820442],[50.80539676,5.82045345],[50.80539928,5.82047986],[50.80540752,5.82056581],[50.80540991,5.82074202],[50.80540399,5.82088269],[50.80539713,5.82105895],[50.80539344,5.82115453],[50.80539643,5.82123172],[50.80539796,5.82127135],[50.8053991,5.82129985],[50.80540069,5.82131178],[50.80543407,5.82156232],[50.80545548,5.82169506],[50.80547386,5.8218091],[50.80553296,5.82213224],[50.80559425,5.82239809],[50.80566706,5.82268589],[50.8057811,5.82309736],[50.80586758,5.82340515],[50.80598797,5.82380079],[50.80610782,5.82415118],[50.80619533,5.82440068],[50.80625557,5.82458482],[50.80632201,5.82481866],[50.80632961,5.82484438],[50.80640011,5.82508312],[50.80651364,5.82546452],[50.80660962,5.82577624],[50.80664076,5.82588506],[50.80666778,5.82601271],[50.8066961,5.82617711],[50.80676514,5.82657823],[50.80683132,5.82692585],[50.80688781,5.82724544],[50.80690248,5.82732048],[50.80691306,5.82737451],[50.80693393,5.82748122],[50.80695666,5.82759605],[50.80698755,5.82775202],[50.80700051,5.8278175],[50.80708181,5.82816016],[50.80719949,5.82860361],[50.8072963,5.82895748],[50.80735553,5.82916914],[50.80738352,5.82937269],[50.80740745,5.82955437],[50.80753463,5.82995762],[50.80759586,5.83014078],[50.80769092,5.83040783],[50.80779514,5.83056303],[50.80784368,5.83063414],[50.80785804,5.8306515],[50.80793924,5.83074865],[50.8081097,5.83092836],[50.80828611,5.83114852],[50.80847825,5.83139281],[50.80855206,5.83148516],[50.8085784,5.83151589],[50.80861444,5.83155793],[50.80862606,5.83157149],[50.80867358,5.83162692],[50.80877045,5.83171812],[50.80876836,5.8317234],[50.80876382,5.83173498],[50.80875843,5.83174867],[50.80871283,5.83184688],[50.80854151,5.83227747],[50.80822919,5.83306715],[50.80806754,5.83347786],[50.80819325,5.83357022],[50.80841227,5.83371479],[50.80841713,5.833718],[50.80843433,5.83372768],[50.80845076,5.83373695],[50.80824581,5.83437338],[50.80815341,5.83466028],[50.80766634,5.83617265],[50.80761883,5.83632017],[50.80764297,5.83633913],[50.80792296,5.83655896],[50.80771479,5.83706966],[50.80820989,5.83753508],[50.807613,5.83917123],[50.80760134,5.83920319],[50.80759714,5.8392147],[50.80758806,5.83923958],[50.80774989,5.83944622],[50.80785895,5.83957407],[50.80832263,5.84016757],[50.80957181,5.84174121],[50.80972779,5.84193362],[50.80974372,5.84195349],[50.80981397,5.8420198],[50.80981724,5.84202289],[50.80990017,5.84210134],[50.80996594,5.84216272],[50.81006756,5.84225194],[50.81018098,5.84233773],[50.81031325,5.84242016],[50.8110002,5.84280975],[50.81102599,5.84282307],[50.81115387,5.84288821],[50.81117595,5.84289957],[50.81119992,5.84291232],[50.81120572,5.84291542],[50.81135369,5.84299477],[50.81145574,5.84304906],[50.81147277,5.84305812],[50.81148127,5.84306265],[50.8114879,5.84306617],[50.81150066,5.84307297],[50.81152861,5.84308783],[50.81153489,5.84306129],[50.81154751,5.84306808],[50.81193882,5.84327851],[50.81205817,5.84334508],[50.81208288,5.84335886],[50.81228681,5.84347343],[50.81231579,5.84348972],[50.81245903,5.84356761],[50.81265103,5.84367391],[50.81279172,5.84375289],[50.81286376,5.84379328],[50.81306612,5.84390657],[50.81314543,5.84395434],[50.8134736,5.84414955],[50.813482,5.84415541],[50.81349713,5.84416575],[50.81349084,5.84419251],[50.81384985,5.84439934],[50.81388151,5.84441943],[50.81389244,5.84442637],[50.81403061,5.84450954],[50.81403529,5.84451246],[50.81410458,5.84455571],[50.81422087,5.84462471],[50.81431392,5.84467993],[50.81450673,5.8447929],[50.81468694,5.84489821],[50.8148873,5.84501945],[50.81511478,5.84517579],[50.81514156,5.84518868],[50.81517775,5.84520611],[50.81519468,5.84521426],[50.81525099,5.84504078],[50.81539814,5.84512094],[50.81534895,5.84548272],[50.8152028,5.8467086],[50.81506497,5.84760023],[50.81491466,5.84873316],[50.81493061,5.84874972],[50.81495049,5.84877009],[50.8149589,5.8487787],[50.81496127,5.84878113],[50.81501854,5.84883981],[50.81502095,5.84884228],[50.81513623,5.8489604],[50.8152761,5.8491038],[50.8154297,5.84926128],[50.81615822,5.85003007],[50.81684625,5.85075614],[50.81685794,5.85076848],[50.81702284,5.85097787],[50.81708767,5.85107675],[50.81721716,5.85127424],[50.81734897,5.85146689],[50.81742949,5.8515617],[50.81758677,5.8521271],[50.81771729,5.85263877],[50.81779195,5.85286965],[50.81781704,5.85283976],[50.81783146,5.85282286],[50.81810065,5.85250724],[50.81856107,5.85192262],[50.81867643,5.85175622],[50.81876031,5.85165606],[50.81885055,5.85154463],[50.81917548,5.85117787],[50.8196644,5.85209879],[50.81997904,5.85272156],[50.82009152,5.85258211],[50.82048349,5.85339225],[50.82049974,5.85342583],[50.82051075,5.85344859],[50.82069312,5.85319307],[50.82070504,5.85323103],[50.82075129,5.85317641],[50.8207833,5.85326129],[50.82134681,5.85475514],[50.82081727,5.85525133],[50.82094792,5.85561343],[50.82092167,5.85563713],[50.82093793,5.85567859],[50.8212541,5.8564846],[50.82110982,5.85666827],[50.8203397,5.85764866],[50.82038941,5.85772911],[50.82056351,5.85801955],[50.8207532,5.85834364],[50.82089796,5.85859678],[50.82099664,5.85878116],[50.82100744,5.85880328],[50.82107075,5.85893308],[50.82113927,5.85907351],[50.82124287,5.85929319],[50.82139849,5.85963623],[50.82164311,5.86019925],[50.82170135,5.86033286],[50.82313746,5.8636277],[50.82334436,5.86413561],[50.82382502,5.86406028],[50.82399517,5.86401037],[50.82434578,5.86386607],[50.82488077,5.86369107],[50.82488443,5.86368956],[50.82495842,5.8636615],[50.82512819,5.86363729],[50.82551821,5.86347055],[50.82642545,5.86328208],[50.82682609,5.86312941],[50.82682721,5.86312898],[50.82687449,5.86310839],[50.82809413,5.86257428],[50.82817624,5.86254514],[50.82821132,5.86253269],[50.82824092,5.86252218],[50.8284227,5.86245767],[50.82862921,5.86242234],[50.82866596,5.86241605],[50.82868806,5.86241227],[50.82875133,5.86240966],[50.82879036,5.86240804],[50.82881894,5.86240686],[50.82905751,5.86239699],[50.82914296,5.86236201],[50.82923168,5.86232569],[50.82929218,5.86230094],[50.82940579,5.86222963],[50.82950333,5.86216842],[50.82950643,5.86216648],[50.82974419,5.86201726],[50.82983262,5.8619363],[50.83001968,5.86176505],[50.83024924,5.86147533],[50.83033733,5.8613485],[50.83042895,5.86121659],[50.83046359,5.86117297],[50.83063649,5.86095524],[50.83104473,5.86052074],[50.83130667,5.86029787],[50.83158201,5.8600636],[50.83166939,5.85999527],[50.83183873,5.85986285],[50.83207812,5.8597096],[50.83214682,5.85967547],[50.83232526,5.85958681],[50.83251507,5.85953375],[50.83266943,5.85950361],[50.83290161,5.8594654],[50.83295467,5.85946304],[50.83316542,5.85945366],[50.83332999,5.85945598],[50.83339512,5.8594569],[50.83363813,5.85946031],[50.83368422,5.85946095],[50.83365663,5.85942261],[50.83349508,5.85919823],[50.83335575,5.85900471],[50.83333506,5.85897599],[50.83308718,5.85863189],[50.83291525,5.85839321],[50.83210909,5.85742115],[50.83208243,5.85738904],[50.8318674,5.85589583],[50.83167429,5.85455501],[50.83166623,5.8545409],[50.83165679,5.85438421],[50.83163857,5.85426083],[50.83163722,5.85425169],[50.83163328,5.85422496],[50.83160443,5.85420448],[50.8315784,5.85417938],[50.83154322,5.85405993],[50.83154158,5.85397874],[50.83156601,5.85397944],[50.83189848,5.85387034],[50.83197904,5.85374362],[50.83211679,5.85365009],[50.83237998,5.85358377],[50.8325151,5.85351482],[50.83255163,5.85350921],[50.83260936,5.85347408],[50.8325236,5.8531743],[50.83248105,5.85302559],[50.83246033,5.85295316],[50.83231462,5.85242787],[50.83228938,5.85233686],[50.83201915,5.85136273],[50.83198453,5.85123795],[50.8319708,5.85118843],[50.83195377,5.8511224],[50.83185415,5.85073623],[50.83183997,5.85068124],[50.83195426,5.84991902],[50.83199988,5.84982079],[50.83216353,5.84928815],[50.83221191,5.84912895],[50.83223483,5.84904998],[50.83227908,5.84889749],[50.83232975,5.8487229],[50.83257473,5.84787871],[50.83257791,5.84786778],[50.83258233,5.84785253],[50.83258994,5.84782633],[50.83259374,5.84781324],[50.83274194,5.84730252],[50.83278754,5.84714537],[50.83280274,5.847093],[50.83280654,5.8470799],[50.83283694,5.84697512],[50.83284073,5.84696206],[50.83302842,5.84631525],[50.83303417,5.84629543],[50.83345391,5.84493428],[50.83345881,5.84492269],[50.83382876,5.84404794],[50.83374877,5.84396198],[50.83371599,5.84393905],[50.83368505,5.84390601],[50.83353865,5.84374966],[50.83352251,5.84372823],[50.83338636,5.84354744],[50.83328608,5.8434023],[50.83317655,5.84325529],[50.83314562,5.84319022],[50.83313655,5.84314068],[50.83314208,5.84309193],[50.83315995,5.84307199],[50.83327328,5.84294552],[50.83328224,5.84294088],[50.83331578,5.84292354],[50.83333442,5.84289932],[50.83334293,5.84288641],[50.83337285,5.84284115],[50.83342997,5.84274679],[50.83345336,5.84270446],[50.83348032,5.84265569],[50.83353011,5.8425659],[50.83357484,5.84247963],[50.83358503,5.84246065],[50.83360455,5.84242448],[50.83363933,5.84236737],[50.83368727,5.84224807],[50.83369672,5.84227146],[50.83372597,5.84219213],[50.83379433,5.84202268],[50.83384742,5.84188236],[50.83393088,5.84166052],[50.83398251,5.84153016],[50.83405882,5.84134083],[50.83413489,5.8411402],[50.83425868,5.84080385],[50.83437084,5.84049777],[50.83444146,5.84032457],[50.83453576,5.84005979],[50.83464834,5.83971823],[50.83476738,5.83937383],[50.83487533,5.83906726],[50.8349881,5.83874543],[50.83510574,5.83840124],[50.83521284,5.83809265],[50.83529825,5.83787413],[50.83539596,5.83759563],[50.83553537,5.83721593],[50.83565291,5.83689725],[50.83578892,5.83652018],[50.8359196,5.83614351],[50.83596662,5.83611468],[50.83596222,5.8360909],[50.8359402,5.83609282],[50.83583802,5.83610168],[50.83535775,5.83615337],[50.83493736,5.83619631],[50.83424218,5.83625545],[50.83380996,5.83630205],[50.83372808,5.83630901],[50.83355904,5.83632335],[50.83296699,5.83637128],[50.83290883,5.83637627],[50.83285428,5.83638837],[50.83280982,5.83641013],[50.83272788,5.83645901],[50.83264227,5.83651517],[50.83253358,5.83658221],[50.83242826,5.83664994],[50.83229256,5.836737],[50.83221847,5.83678452],[50.83211056,5.83686642],[50.83208493,5.8368841],[50.83208311,5.83688536],[50.83183847,5.83705407],[50.83176474,5.83709061],[50.83174514,5.83710024],[50.83169832,5.83712324],[50.83146856,5.83726382],[50.83135805,5.83736455],[50.83126324,5.83747519],[50.83123924,5.83750511],[50.83115673,5.83741427],[50.83083088,5.8370556],[50.83078639,5.83700927],[50.83000695,5.83629303],[50.82999147,5.8362788],[50.82996716,5.83625076],[50.82996433,5.83624749],[50.82995356,5.83606659],[50.82994084,5.83585301],[50.82990656,5.83527729],[50.82989522,5.83508682],[50.82987369,5.83489664],[50.82982459,5.83446272],[50.82977861,5.83405653],[50.82977252,5.83401201],[50.82970089,5.83348762],[50.8296554,5.83315472],[50.82964942,5.83311092],[50.82963493,5.83311106],[50.82963673,5.8330729],[50.82963971,5.83298485],[50.82963865,5.83289823],[50.82963579,5.83281089],[50.82963385,5.8327335],[50.82962601,5.83262918],[50.82961415,5.83253763],[50.82960584,5.83241908],[50.82958989,5.83230272],[50.82957519,5.83213805],[50.82956146,5.83200037],[50.82956079,5.83188747],[50.82954884,5.83174482],[50.8295494,5.83156801],[50.82955271,5.83141034],[50.82955776,5.83123209],[50.82957006,5.83107864],[50.82958181,5.83086769],[50.82959492,5.83066242],[50.82960494,5.83049904],[50.82961895,5.83029731],[50.82962632,5.83015099],[50.8296257,5.83006651],[50.82962558,5.82999761],[50.82962367,5.82993799],[50.82961768,5.82986204],[50.82961621,5.82979601],[50.8296183,5.82971505],[50.8296204,5.82963622],[50.82963412,5.82952112],[50.82965457,5.82939676],[50.8296834,5.82919068],[50.82970054,5.82898537],[50.82972082,5.82877225],[50.82973807,5.82862374],[50.82975753,5.82845821],[50.8297713,5.82837149],[50.82979093,5.82829116],[50.82981144,5.82820087],[50.82984312,5.82807714],[50.8298846,5.82790226],[50.82990628,5.82781102],[50.82991117,5.82779038],[50.82991805,5.82776147],[50.8299414,5.82766732],[50.82994894,5.82763698],[50.82995686,5.82760506],[50.82997106,5.82751054],[50.82998255,5.82740327],[50.8299895,5.82727683],[50.82999553,5.82714117],[50.83000494,5.82688621],[50.83001075,5.82663338],[50.83001524,5.82639478],[50.83001436,5.82617323],[50.83001943,5.8260035],[50.83003143,5.82569952],[50.83004934,5.82542675],[50.83007052,5.8252186],[50.83009877,5.82494931],[50.83013018,5.82468571],[50.83014701,5.82455283],[50.83016436,5.82445902],[50.83019826,5.82431681],[50.83024063,5.82414759],[50.83026737,5.82402602],[50.83030885,5.82385325],[50.8303547,5.82362436],[50.83035799,5.82360986],[50.8303968,5.8235357],[50.83042578,5.82348032],[50.83048387,5.8233693],[50.83086262,5.82264558],[50.83087039,5.82263888],[50.83102995,5.82244938],[50.83102211,5.82243758],[50.83129145,5.82209731],[50.83138462,5.82197961],[50.83152686,5.82179992],[50.83172429,5.82110356],[50.83179589,5.820851],[50.83179636,5.82084937],[50.83185029,5.82065911],[50.83185662,5.82063679],[50.8318872,5.82068136],[50.8319532,5.82075615],[50.83205011,5.82082137],[50.83213262,5.82085973],[50.83220108,5.8208721],[50.83234732,5.82089092],[50.83271498,5.8209069],[50.8327888,5.82089626],[50.83303954,5.82090687],[50.83313133,5.82091267],[50.83366542,5.82093277],[50.83402492,5.8209301],[50.83429038,5.82093456],[50.83431843,5.82093042],[50.83455931,5.82083223],[50.83466224,5.82078373],[50.83482155,5.82068141],[50.83489502,5.8206301],[50.83492767,5.82060785],[50.83496613,5.82059036],[50.83514228,5.82050351],[50.83521954,5.82048381],[50.83535872,5.82044971],[50.83554225,5.82043472],[50.83575675,5.82042522],[50.83584327,5.82042656],[50.83597732,5.82044008],[50.83609346,5.8204863],[50.83622662,5.82056111],[50.83627554,5.82059349],[50.83628543,5.82060003],[50.83638863,5.82066999],[50.83639777,5.8206762],[50.83642267,5.82069382],[50.83646584,5.82072439],[50.83648636,5.8207389],[50.83650921,5.82076025],[50.8366405,5.82080868],[50.83665815,5.82081519],[50.83694287,5.82087336],[50.83698991,5.82088297],[50.83747093,5.82097946],[50.8379318,5.82106845],[50.83793812,5.82106919],[50.83799689,5.82107604],[50.83804188,5.82108407],[50.8380526,5.82108598],[50.83808134,5.8210911],[50.8380871,5.82109213],[50.83809822,5.82109411],[50.83810199,5.82109479],[50.83812631,5.82110017],[50.83814912,5.82110521],[50.83817112,5.82111008],[50.83865471,5.82121712],[50.83876115,5.82123914],[50.8387889,5.82112816],[50.83882581,5.82098056],[50.8388435,5.82090895],[50.83889228,5.8207115],[50.83904062,5.81999203],[50.83910938,5.81960298],[50.83912156,5.81954949],[50.83922708,5.81908619],[50.83924426,5.8190121],[50.83932769,5.81865246],[50.83935502,5.81854183],[50.83938299,5.8184286],[50.83938534,5.81831856],[50.83945156,5.81804379],[50.83960314,5.8174916],[50.83967375,5.81723439],[50.83972417,5.81705071],[50.83989213,5.81645454],[50.83990672,5.81640275],[50.84003528,5.81595597],[50.8401884,5.81541563],[50.840312,5.81497941],[50.8404414,5.81452277],[50.84049199,5.8143442],[50.84060754,5.81408687],[50.84074271,5.81381075],[50.84083651,5.81363011],[50.84103646,5.8132451],[50.84123125,5.81286997],[50.84111165,5.81261386],[50.84109363,5.81257526],[50.84100156,5.81237812],[50.84095602,5.81228061],[50.84054318,5.8113966],[50.84039376,5.81107667],[50.84065252,5.80964896],[50.84143614,5.80790145],[50.84143746,5.80789853],[50.8414524,5.8078652],[50.84145341,5.80786295],[50.84146526,5.80783653],[50.84151,5.80780107],[50.84255252,5.80644164],[50.84342696,5.80530133],[50.84366483,5.80516085],[50.84370741,5.80513571],[50.84452287,5.8046541],[50.84489902,5.80443194],[50.8454327,5.80411674],[50.84608632,5.80373069],[50.84612595,5.80371599],[50.84698447,5.8033975],[50.84702634,5.80338197],[50.84703241,5.80337971],[50.84704491,5.80337504],[50.84708572,5.80335323],[50.84712015,5.80315342],[50.84712031,5.80315448],[50.84712635,5.80319458],[50.84713151,5.80322872],[50.84717583,5.80325269],[50.84725699,5.80322971],[50.84746237,5.803158],[50.84767428,5.80304703],[50.8479705,5.80283571],[50.84822143,5.80264883],[50.84837138,5.80254355],[50.84855752,5.80247252],[50.84876797,5.80244189],[50.84900403,5.80241475],[50.84914979,5.80237644],[50.84926074,5.8023178],[50.84937643,5.8022166],[50.84943632,5.80215935],[50.84954858,5.80198698],[50.84952884,5.80195287],[50.84965418,5.80179269],[50.84977631,5.80167621],[50.84987505,5.80163791],[50.84939328,5.80112833],[50.84938814,5.80112289],[50.84928396,5.80103434],[50.84918807,5.80098471],[50.84908337,5.80093053],[50.84904226,5.80090926],[50.84837397,5.80068344],[50.84835043,5.80066725],[50.84837727,5.79875488],[50.84837996,5.79856296],[50.84838418,5.79826251],[50.84839599,5.79741967],[50.84841924,5.79664582],[50.84846477,5.79608292],[50.8485661,5.79507341],[50.84856638,5.7950706],[50.84857017,5.79503225],[50.84862817,5.79499394],[50.84866341,5.79495853],[50.84871303,5.79490616],[50.84878247,5.7948127],[50.84885403,5.79467024],[50.84894266,5.79446979],[50.84895212,5.79444718],[50.84908261,5.79413513],[50.84913104,5.79402284],[50.84916928,5.79393203],[50.84919317,5.7938753],[50.8492299,5.7937881],[50.84931099,5.79357182],[50.84938449,5.79336037],[50.84943051,5.79321678],[50.8494837,5.79302512],[50.84953763,5.79278931],[50.84960541,5.79252389],[50.8497841,5.79187185],[50.84982863,5.7916679],[50.84985501,5.79151615],[50.8498712,5.79138495],[50.8498792,5.79126587],[50.84987802,5.79111921],[50.84987393,5.79100359],[50.84985371,5.79068216],[50.84981843,5.79008459],[50.84976347,5.78925212],[50.84971585,5.78864558],[50.84967731,5.78801583],[50.84962468,5.78747758],[50.84960849,5.78736739],[50.84959257,5.78725899],[50.84958764,5.78722411],[50.84957569,5.78710486],[50.84948877,5.78624684],[50.84947295,5.78602862],[50.84940731,5.78502478],[50.84934583,5.78419517],[50.84932657,5.78399799],[50.84927587,5.78346309],[50.84924608,5.78297407],[50.84924898,5.78270277],[50.84926486,5.78249391],[50.84928288,5.78231857],[50.84939767,5.78135911],[50.84941069,5.78124918],[50.84942539,5.7810574],[50.84943477,5.78085824],[50.84943848,5.78067568],[50.84943616,5.78053344],[50.84944076,5.78050334],[50.84945368,5.78041868],[50.84949225,5.78031251],[50.84951969,5.78025351],[50.84956545,5.78018046],[50.84990165,5.77977974],[50.85011604,5.77951421],[50.85022799,5.77938559],[50.85032237,5.77930518],[50.85036375,5.77927625],[50.85040092,5.77925015],[50.85046029,5.77921982],[50.85054216,5.77918501],[50.85113605,5.77908222],[50.85124614,5.77905381],[50.85181338,5.7789075],[50.8523045,5.77878081],[50.85251666,5.77834462],[50.85270959,5.77785768],[50.85276722,5.77767933],[50.85289798,5.77722335],[50.85294617,5.77717562],[50.85302966,5.77682353],[50.85319593,5.77632881],[50.85319694,5.7762989],[50.85319937,5.77622654],[50.85324418,5.77609801],[50.85329929,5.77600107],[50.85335356,5.77592238],[50.85337021,5.77587697],[50.85339409,5.77579241],[50.85339705,5.77574673],[50.85339016,5.77570695],[50.85337601,5.77565536],[50.85331386,5.77550974],[50.85332668,5.77543789],[50.85334449,5.77533803],[50.85334512,5.77533575],[50.85334182,5.77531844],[50.85332483,5.77522897],[50.85331167,5.77515969],[50.85329511,5.77507246],[50.85327041,5.77506561],[50.85322752,5.7750384],[50.85318273,5.77499077],[50.85313035,5.77494794],[50.85296801,5.7748585],[50.85272696,5.77470073],[50.85257631,5.77461603],[50.85257192,5.77461354],[50.85257918,5.77311485],[50.85257948,5.77310583],[50.85258824,5.77284113],[50.85258978,5.77254516],[50.85260395,5.77183394],[50.85262063,5.77154786],[50.85269831,5.77107971],[50.85239546,5.770753],[50.8529434,5.7690859],[50.8529505,5.76906422],[50.85296071,5.76903258],[50.85293382,5.76900973],[50.85294274,5.76898214],[50.8529429,5.76898163],[50.85364313,5.7668055],[50.85373216,5.76652879],[50.85384438,5.76626869],[50.85426657,5.76529017],[50.85427266,5.76522813],[50.85427514,5.7652029],[50.85427935,5.76516003],[50.85429794,5.76497158],[50.8543443,5.76497085],[50.85454575,5.76418235],[50.85462078,5.76417142],[50.85468668,5.76317435],[50.85483685,5.7631221],[50.8548359,5.7625237],[50.85483534,5.76216869],[50.85483445,5.76161058],[50.85483376,5.76121723],[50.85483178,5.76008798],[50.85524966,5.76011929],[50.85525595,5.75969329],[50.85525679,5.75963652],[50.85526202,5.75928151],[50.85526327,5.75919636],[50.85526943,5.75877856],[50.85527243,5.75857532],[50.85529062,5.75734046],[50.8552325,5.75724364],[50.85521772,5.75721163],[50.85167392,5.75754719],[50.85137863,5.7575752],[50.85104197,5.75760714],[50.8510018,5.75761081],[50.85029465,5.7575179],[50.84958844,5.75755911],[50.84881484,5.75761958],[50.84863287,5.7576338],[50.84859016,5.75763723],[50.84858259,5.75763584],[50.8483103,5.75758799],[50.8482924,5.75758484],[50.84824786,5.757577],[50.84766391,5.75747429],[50.84710634,5.75737623],[50.8471011,5.7573753],[50.84703575,5.75725941],[50.84609014,5.75729686],[50.84535687,5.75732564],[50.84356901,5.75606953],[50.84354911,5.75605563],[50.84352781,5.75604037],[50.84281546,5.75553996],[50.84279659,5.75552671],[50.84276827,5.75550682],[50.84274939,5.75549355],[50.84261765,5.75540097],[50.84256647,5.75536502],[50.84220818,5.7551133],[50.84192535,5.7549146],[50.84184056,5.75485504],[50.84169792,5.7536116],[50.84167907,5.75344728],[50.84167877,5.75344468],[50.84149138,5.75181152],[50.84140654,5.75107208],[50.84133046,5.750409],[50.84131243,5.75010722],[50.84131228,5.75010467],[50.84131159,5.75009319],[50.84128456,5.74964046],[50.84126519,5.74936792],[50.84126368,5.74934003],[50.84121608,5.74845495],[50.84119086,5.74798582],[50.84117596,5.74798993],[50.84098532,5.74804202],[50.84098173,5.748043],[50.8409593,5.74804913],[50.84094249,5.74805372],[50.84082931,5.7479203],[50.84082902,5.74787306],[50.84082892,5.74785769],[50.84081899,5.74685601],[50.84056859,5.74685782],[50.84026959,5.74680821],[50.84027609,5.7460392],[50.84030254,5.74467764],[50.8403092,5.74428106],[50.84031082,5.7441872],[50.84031182,5.74413409],[50.84027078,5.74360302],[50.84019695,5.74249163],[50.8401037,5.74127344],[50.84010275,5.741261],[50.83975496,5.74100907],[50.83974827,5.74100422],[50.83974652,5.74100315],[50.83915731,5.74063923],[50.83839899,5.74045399],[50.83820988,5.74149641],[50.83816746,5.74169572],[50.83816563,5.74170432],[50.83816554,5.74170485],[50.83806298,5.74228388],[50.83806283,5.74228469],[50.83800902,5.74257512],[50.83800755,5.74258303],[50.83800714,5.74258527],[50.83800579,5.74259257],[50.83796135,5.74283239],[50.8379596,5.74284184],[50.83795587,5.74286197],[50.83787428,5.74330314],[50.83781935,5.74360019],[50.83781898,5.74360219],[50.83781677,5.74361411],[50.83781532,5.74362192],[50.83780413,5.7436833],[50.83776297,5.74390912],[50.8377417,5.74402577],[50.8377204,5.74414265],[50.8377198,5.74414588],[50.83770955,5.7442021],[50.83770611,5.74422095],[50.83761887,5.74469948],[50.83760358,5.74478335],[50.83739242,5.74594156],[50.83739093,5.74594974],[50.83732497,5.7463115],[50.83722721,5.74625965],[50.83679606,5.74603103],[50.83633935,5.74556483],[50.83613192,5.74607123],[50.83612461,5.74608906],[50.83612017,5.7460999],[50.83587176,5.74670634],[50.83566656,5.74620926],[50.83568614,5.74614931],[50.83560695,5.74559598],[50.83561831,5.74555659],[50.8353112,5.7453449],[50.83464147,5.74562627],[50.83458569,5.74592853],[50.83458354,5.7459853],[50.83379943,5.74602313],[50.8323684,5.74624071],[50.83207876,5.74625133],[50.83133654,5.74636822],[50.83103602,5.7464444],[50.83084352,5.74646975],[50.83043549,5.7465229],[50.83041717,5.74651913],[50.83027644,5.74649017],[50.83025352,5.74648546],[50.83022719,5.74648004],[50.82988734,5.74646987],[50.82987079,5.74682169],[50.82926357,5.74659872],[50.82916373,5.74656205],[50.82838614,5.74642727],[50.82831334,5.74641465],[50.82764815,5.74626627],[50.82776962,5.74491498],[50.82761646,5.74489458],[50.82761504,5.74502705],[50.827614,5.74512392],[50.82645372,5.74513622],[50.82635867,5.74514493],[50.82633583,5.74514492],[50.82596086,5.74500448],[50.82578329,5.74493796],[50.82538377,5.74478832],[50.82528534,5.74538081],[50.82525629,5.74555562],[50.82523118,5.74554369],[50.82468431,5.74534744],[50.82459827,5.74534964],[50.82444258,5.74535362],[50.82410733,5.74536219],[50.82403902,5.74536395],[50.82401207,5.74536464],[50.82379625,5.74526748],[50.82379355,5.74526626],[50.82292116,5.74487327],[50.82292384,5.74482767],[50.82294863,5.74440706],[50.82299038,5.74369837],[50.82236265,5.74344665],[50.82230162,5.74388272],[50.82201848,5.74376721],[50.82136284,5.74349974],[50.82134547,5.74349265],[50.8213194,5.74348202],[50.82132041,5.74347401],[50.82131646,5.74345517],[50.82101186,5.74200105],[50.8209254,5.74158834],[50.82083695,5.74116615],[50.8207582,5.74079026],[50.8206038,5.74005326],[50.82058612,5.73996888],[50.82057766,5.73992851],[50.82047916,5.73945832],[50.82044436,5.73929223],[50.82043785,5.73926119],[50.8203875,5.73902086],[50.82035891,5.73888441],[50.82034425,5.73881448],[50.82033869,5.73878792],[50.82032962,5.73874438],[50.82022535,5.73824413],[50.8200582,5.73744217],[50.82005392,5.73742165],[50.81994475,5.73689784],[50.81990784,5.73672134],[50.81989293,5.73664937],[50.81987958,5.7365852],[50.81978005,5.73610781],[50.8197283,5.73585953],[50.81969967,5.7357221],[50.81955028,5.73500546],[50.81938627,5.73421865],[50.81935036,5.73404644],[50.81928641,5.73373966],[50.81928489,5.73373234],[50.81928126,5.73371497],[50.81924099,5.73352178],[50.81919097,5.73328188],[50.81904809,5.73259648],[50.81891853,5.73215081],[50.81880707,5.73176739],[50.81879658,5.73173134],[50.8186307,5.73116074],[50.8184788,5.73063828],[50.81845651,5.73056161],[50.81832129,5.73009652],[50.81828242,5.72996279],[50.8182492,5.72984855],[50.81821743,5.72973927],[50.81792474,5.72873256],[50.81694937,5.72805046],[50.81689122,5.72796089],[50.81683698,5.7278774],[50.81683164,5.72786918],[50.81665724,5.72760097],[50.81661304,5.72753262],[50.81644866,5.72727898],[50.81635897,5.72712271],[50.81620815,5.72685894],[50.81588349,5.7262674],[50.81585143,5.72623522],[50.81584731,5.72622506],[50.815639,5.7258532],[50.81547186,5.72566273],[50.81541645,5.72559544],[50.81543457,5.7255635],[50.81556095,5.725615],[50.81527501,5.72483906],[50.8151766,5.72466079],[50.81492516,5.72378632],[50.8149137,5.72374625],[50.81479758,5.72330791],[50.81472861,5.72319762],[50.81491004,5.72287538],[50.81488099,5.72272633],[50.8148697,5.72262153],[50.81486366,5.72253395],[50.81485901,5.7223716],[50.8148544,5.72228743],[50.81484281,5.72222349],[50.81483661,5.72219153],[50.81469361,5.72138005],[50.81468697,5.72134666],[50.81467691,5.72131097],[50.81464269,5.72120913],[50.81458197,5.72103844],[50.8145386,5.72093015],[50.81451408,5.72086002],[50.81448404,5.7207429],[50.81425043,5.72058372],[50.81430055,5.72050264],[50.81430864,5.72047064],[50.81430972,5.72044014],[50.8142995,5.7203057],[50.81423994,5.71982684],[50.81410961,5.71898467],[50.81408396,5.71881892],[50.81422236,5.71875983],[50.81440292,5.71868273],[50.81441519,5.718512],[50.81450142,5.71731199],[50.81427053,5.71729576],[50.81402383,5.71728669],[50.8139603,5.71728416],[50.8139198,5.71728254],[50.81303377,5.71725123],[50.81303206,5.71725117],[50.81281221,5.71724227],[50.81280879,5.71724216],[50.81197787,5.71720206],[50.81195711,5.71720121],[50.81185428,5.71719687],[50.81174879,5.71719425],[50.81170885,5.71718039],[50.81125792,5.71716445],[50.81121233,5.71716323],[50.81114761,5.71716181],[50.81094963,5.71714061],[50.81091467,5.71713979],[50.8108559,5.71714039],[50.81084917,5.7172021],[50.8104846,5.71718905],[50.81048481,5.71714832],[50.81043357,5.71714765],[50.81043337,5.71718782],[50.81038295,5.71718732],[50.80986695,5.717171],[50.80973977,5.71716697],[50.8091534,5.7171484],[50.808657,5.71712658],[50.80865251,5.717125],[50.80777186,5.71709719],[50.80731018,5.71708261],[50.80730322,5.71708239],[50.80710348,5.71707607],[50.80611985,5.71704028],[50.80611958,5.71704026],[50.80611284,5.71704022],[50.80610534,5.71701511],[50.80606076,5.71701225],[50.80604917,5.71701162],[50.80526681,5.71698815],[50.80516992,5.71698525],[50.80476739,5.71697317],[50.80464052,5.71696936],[50.80440116,5.71696218],[50.8043681,5.71696119],[50.80432793,5.71695999],[50.80386956,5.71694624],[50.80383318,5.71694505],[50.80380531,5.71694414],[50.80380881,5.71674689],[50.80384958,5.71445231],[50.8039538,5.71446266],[50.80395505,5.71443416],[50.80395732,5.71438128],[50.8039575,5.71437708],[50.80395857,5.71435222],[50.8039598,5.71432373],[50.804127,5.71253679],[50.80425487,5.7110958],[50.80417454,5.71108552],[50.80414553,5.71108181],[50.80406034,5.71107091],[50.80419142,5.70982358],[50.80445961,5.70989468],[50.80449785,5.70990482],[50.80453362,5.7099143],[50.80474275,5.70996976],[50.80485,5.70904953],[50.80491071,5.70852858],[50.80507767,5.70859025],[50.80516301,5.70862156],[50.8053437,5.70868785],[50.80535152,5.70869063],[50.80557128,5.70876856],[50.80579439,5.70884014],[50.80597961,5.70889275],[50.80601361,5.7089024],[50.80657609,5.70906124],[50.80670745,5.70909806],[50.80670858,5.70909838],[50.80696539,5.70917122],[50.80710461,5.70920808],[50.80729931,5.70926256],[50.8073404,5.70927025],[50.8074067,5.70928636],[50.80743528,5.70929329],[50.80745109,5.70929698],[50.8075049,5.70930951],[50.80764638,5.7093422],[50.80788021,5.70939813],[50.80810535,5.70945022],[50.80827825,5.70949156],[50.8082928,5.70935939],[50.80829616,5.70932892],[50.8083143,5.70916413],[50.80851395,5.70735066],[50.80851553,5.70682498],[50.80851874,5.70575233],[50.80854228,5.69780835],[50.80854308,5.6975368],[50.80854425,5.69713321],[50.80854609,5.69650317],[50.80949976,5.69515758],[50.81044974,5.6938171],[50.80972458,5.69379067],[50.80551035,5.6936371],[50.80267666,5.69359029],[50.80011641,5.69354657],[50.79947372,5.69360603],[50.79882727,5.69366585],[50.79663686,5.69397829],[50.79414504,5.69459717],[50.7913529,5.69568921],[50.78830009,5.69707887],[50.78774229,5.6973466],[50.78704948,5.69767912],[50.78516721,5.69828631],[50.78421536,5.6984929],[50.78314961,5.69870836],[50.78165292,5.69882578],[50.77962032,5.69874606],[50.77747881,5.69828638],[50.77660553,5.69799359],[50.77645768,5.69792217],[50.77554451,5.69748108],[50.7753103,5.69736796],[50.7725042,5.69521167],[50.7709398,5.69375459],[50.76811218,5.69069583],[50.76781798,5.69040968],[50.76727423,5.68988087],[50.76525937,5.68727359],[50.76360359,5.68503392],[50.76236276,5.68381819],[50.76127611,5.68284719],[50.76125958,5.68283241],[50.76022997,5.68231178],[50.75997324,5.68218196],[50.75885943,5.68197223],[50.75885521,5.68197252],[50.75753641,5.68206204],[50.75752088,5.68270661],[50.75749787,5.68352148],[50.75749015,5.68379266],[50.75749108,5.68408871],[50.75750896,5.68445019],[50.75753011,5.68452981],[50.7576015,5.68473176],[50.75766455,5.68490199],[50.75767946,5.68499907],[50.75768049,5.68514477],[50.75755023,5.68609429],[50.75754217,5.68627558],[50.75754657,5.68641976],[50.75755123,5.686573],[50.7576373,5.68718048],[50.75768689,5.6874474],[50.75769702,5.68775877],[50.75768197,5.68782311],[50.75757848,5.68797721],[50.75756856,5.68798374],[50.75745664,5.68805747],[50.75734119,5.68805716],[50.75689431,5.6879378],[50.75645641,5.68792943],[50.75622242,5.68792946],[50.75615664,5.68794831],[50.7561225,5.68800719],[50.75606724,5.68808523],[50.75603679,5.68812821],[50.75596772,5.68822208],[50.75596463,5.6882256],[50.75589166,5.68830661],[50.75582012,5.68838031],[50.75571369,5.68847506],[50.75547391,5.69015136],[50.75541353,5.69057431],[50.75515397,5.69238972],[50.75514549,5.69241779],[50.75510948,5.69253711],[50.75477681,5.69478864],[50.75476504,5.6950941],[50.75480609,5.69529188],[50.75501889,5.69596748],[50.75502665,5.69600761]]]]},"id":"e896b405-c207-5a0e-8264-679e93f96559"},{"type":"Feature","properties":{"begin_lifespan_version":"2025-12-31T23:00:00Z","local_id":"GM0193","name":"Zwolle","national_code":"0193","national_level":"3rdOrder","national_level_name":"Gemeente","residence_of_authority":null,"upper_level_unit":"Overijssel"},"geometry":{"type":"MultiPolygon","coordinates":[[[[52.4646944,6.10190988],[52.46416364,6.10193417],[52.46333974,6.10196258],[52.46278006,6.10199248],[52.46214124,6.10204631],[52.46186498,6.10208123],[52.46111936,6.10217549],[52.46065065,6.10226121],[52.45983416,6.10244081],[52.45932658,6.10257313],[52.45913669,6.10263077],[52.45894074,6.10269023],[52.45863655,6.10279692],[52.45829348,6.10291242],[52.4576094,6.10310173],[52.45736153,6.10316206],[52.45681002,6.10327892],[52.45643175,6.10335076],[52.45570326,6.10342794],[52.45553038,6.10344924],[52.4550345,6.10349842],[52.45468357,6.10352367],[52.45437504,6.10353976],[52.45396376,6.103546],[52.4530821,6.1035587],[52.45233835,6.10348843],[52.45181526,6.10343902],[52.45172099,6.10342309],[52.45166494,6.10341362],[52.45142556,6.10335929],[52.45120848,6.10330077],[52.45097749,6.10323284],[52.4507493,6.10316042],[52.4502554,6.10297378],[52.44975041,6.10276866],[52.4494152,6.10260757],[52.44891447,6.10236595],[52.44837887,6.10215122],[52.44813815,6.10206944],[52.44779999,6.10198601],[52.4473768,6.10194002],[52.44705381,6.10192087],[52.44691731,6.10193457],[52.44679752,6.10195769],[52.44635999,6.10209661],[52.44577194,6.10229471],[52.44554334,6.10240972],[52.44526454,6.10254444],[52.44499545,6.10270451],[52.44473814,6.10286236],[52.44441954,6.10308333],[52.44406529,6.10333792],[52.44391113,6.10347703],[52.44353083,6.10386146],[52.44307372,6.10437416],[52.44258662,6.10502372],[52.44189596,6.10618606],[52.4416157,6.1067901],[52.44140414,6.10726295],[52.44112973,6.10800582],[52.44075109,6.1090403],[52.44053077,6.10958009],[52.44064209,6.11004128],[52.44073414,6.11042916],[52.44078128,6.11062778],[52.44097208,6.11141444],[52.44098963,6.11148679],[52.44099567,6.11151373],[52.4409993,6.11153729],[52.44111553,6.112292],[52.44111686,6.11230164],[52.44111829,6.11231196],[52.4411197,6.11232213],[52.44113831,6.11246755],[52.44117193,6.11282479],[52.44117307,6.11321992],[52.44116794,6.11340733],[52.44116224,6.11343003],[52.44115153,6.11347617],[52.44113318,6.11352003],[52.44114547,6.11354178],[52.44118713,6.11357954],[52.44122288,6.11360899],[52.44123475,6.11365897],[52.44126433,6.11378345],[52.44128397,6.11386456],[52.44130017,6.11393813],[52.44131626,6.11403695],[52.44133383,6.11414357],[52.44135599,6.11428947],[52.44138367,6.11448008],[52.44139455,6.11455467],[52.44142634,6.11476671],[52.4414517,6.11491339],[52.44147276,6.11504574],[52.44148955,6.11515569],[52.44173452,6.11657464],[52.44181815,6.11697612],[52.44188426,6.11733376],[52.44193115,6.11758738],[52.44194557,6.11766431],[52.44201587,6.11803925],[52.44202041,6.11806982],[52.44205253,6.1182857],[52.44205674,6.11831399],[52.44207644,6.11844642],[52.44212443,6.11885678],[52.44219137,6.1193447],[52.44222665,6.11961098],[52.44224146,6.11974758],[52.44226748,6.1199531],[52.44228616,6.1201478],[52.44230312,6.12033583],[52.44230953,6.12040989],[52.44231072,6.12045946],[52.44231274,6.12054361],[52.4423143,6.12060832],[52.44231319,6.12064744],[52.44228742,6.1213569],[52.44227235,6.12171046],[52.44226815,6.1218407],[52.44226547,6.1219987],[52.44226455,6.12214843],[52.44226537,6.12228986],[52.44227123,6.1224369],[52.44228378,6.12259794],[52.44230129,6.12278124],[52.44231566,6.12292288],[52.44232672,6.12305063],[52.44232797,6.12312273],[52.44232388,6.12323635],[52.44230319,6.12356597],[52.44229781,6.12361301],[52.44226284,6.12378712],[52.44221432,6.12396101],[52.44219601,6.12402083],[52.44217825,6.12407888],[52.44217633,6.12408516],[52.44208812,6.1243556],[52.44189305,6.12500208],[52.44181287,6.1253173],[52.44180559,6.12534594],[52.44179217,6.12544156],[52.4417867,6.12548195],[52.44176266,6.12565956],[52.44172563,6.1259523],[52.44169901,6.12620655],[52.4416827,6.1263698],[52.44167824,6.12643342],[52.44167296,6.12651955],[52.44166698,6.12667439],[52.44165002,6.1272818],[52.44164431,6.12748624],[52.44163807,6.12785293],[52.44163064,6.12829006],[52.44162356,6.12865343],[52.44162466,6.12896912],[52.44161609,6.12929173],[52.44160803,6.1295427],[52.44160755,6.12955771],[52.44159921,6.12981729],[52.44159627,6.12995962],[52.44159489,6.13000275],[52.44159933,6.13007247],[52.44161203,6.13027184],[52.44160223,6.13046842],[52.44159858,6.13054163],[52.44159703,6.13056305],[52.44159684,6.13056569],[52.44159311,6.1306173],[52.44158702,6.1307015],[52.44158663,6.13070689],[52.44158075,6.13078824],[52.44157338,6.13094569],[52.44157569,6.13126299],[52.441576,6.13168969],[52.4415528,6.13198472],[52.44154984,6.1323284],[52.44154503,6.13296106],[52.44154391,6.13379313],[52.44155037,6.13446995],[52.44155365,6.13498995],[52.44156067,6.13552944],[52.44156587,6.13590734],[52.44149724,6.13597045],[52.44148038,6.13598595],[52.44120709,6.13625562],[52.44087216,6.13658754],[52.44084084,6.13666694],[52.44082792,6.13672571],[52.44081789,6.13677139],[52.44081612,6.13677945],[52.44077576,6.13691541],[52.44076774,6.13694242],[52.44076679,6.13696285],[52.44076625,6.13697446],[52.44075854,6.13714121],[52.44082045,6.13736952],[52.44082313,6.13737898],[52.44083397,6.13741708],[52.44097428,6.1379106],[52.44108729,6.13830982],[52.44113986,6.13847482],[52.44117552,6.13857519],[52.44120177,6.13863427],[52.44126557,6.13877787],[52.4412822,6.13881529],[52.44131925,6.13891091],[52.44136213,6.13903199],[52.44146077,6.13933615],[52.44149825,6.13943472],[52.4415869,6.13960831],[52.44161719,6.13966009],[52.44164473,6.1396927],[52.44167495,6.13972867],[52.4417546,6.13981139],[52.4418403,6.13989459],[52.4418494,6.13990729],[52.44186905,6.13993469],[52.4419097,6.13999138],[52.44192513,6.13999837],[52.44193661,6.1399957],[52.44207663,6.13992462],[52.4420863,6.13991971],[52.44220522,6.13996006],[52.44269496,6.14021664],[52.44273149,6.14023577],[52.4427858,6.14026535],[52.44282544,6.14027917],[52.44285231,6.14028865],[52.44292991,6.14030412],[52.4431033,6.1403394],[52.44313293,6.14034543],[52.44314114,6.1403471],[52.44321491,6.14036358],[52.44341239,6.14043523],[52.44349241,6.14040891],[52.44357515,6.14037901],[52.44362175,6.14036949],[52.44365227,6.14037317],[52.4436747,6.14037739],[52.44369861,6.14039047],[52.4438543,6.14048641],[52.44395657,6.14048158],[52.44412214,6.14053077],[52.44418285,6.14054915],[52.44429838,6.14059199],[52.44430015,6.14059267],[52.44437561,6.14062178],[52.44456642,6.14063965],[52.44461012,6.14081584],[52.44467072,6.14097201],[52.44470419,6.14105825],[52.44431778,6.14135753],[52.44399221,6.14161463],[52.443846,6.14172597],[52.44371414,6.14181672],[52.44371698,6.14183956],[52.4438174,6.14264453],[52.44400015,6.14413032],[52.44405021,6.14452961],[52.44405232,6.14454645],[52.44407072,6.14471173],[52.44407213,6.14472255],[52.44408475,6.1448189],[52.44418849,6.14564124],[52.44434746,6.14691518],[52.44435737,6.14699449],[52.444409,6.14742609],[52.44444118,6.1476765],[52.44457458,6.14773048],[52.44474686,6.14780482],[52.44483807,6.14785333],[52.44501435,6.1479463],[52.44515514,6.14802116],[52.44521818,6.14806487],[52.44526552,6.14810502],[52.44531974,6.14815739],[52.44538521,6.14823678],[52.44545805,6.14835557],[52.44550313,6.14842947],[52.44555,6.14850374],[52.44557311,6.1485383],[52.44561846,6.14857472],[52.44579067,6.14868431],[52.44584568,6.14871982],[52.44592918,6.14879364],[52.44629364,6.14910129],[52.44662512,6.14936908],[52.44691275,6.14961181],[52.44717774,6.14984682],[52.44747423,6.15010699],[52.44776937,6.15036824],[52.44808545,6.15065227],[52.44816105,6.150701],[52.44850412,6.1509209],[52.44890558,6.15117529],[52.44928917,6.15141539],[52.44947602,6.15153121],[52.44954222,6.15157225],[52.44992702,6.15181199],[52.44995189,6.15183348],[52.45002429,6.15194937],[52.45005732,6.1520106],[52.45008945,6.15219809],[52.45010878,6.15244953],[52.45012476,6.15270782],[52.45013697,6.1528147],[52.45014636,6.15289321],[52.45015246,6.15292828],[52.45016161,6.15295424],[52.45016791,6.1529726],[52.4501922,6.15304335],[52.45022998,6.15313376],[52.45024846,6.15316537],[52.45025771,6.15318119],[52.45026081,6.1531865],[52.45032838,6.15326718],[52.45038327,6.15333006],[52.450395,6.1533435],[52.45041173,6.15336268],[52.45051625,6.15345405],[52.45060299,6.15352946],[52.45066349,6.15353795],[52.45075757,6.15355116],[52.45099891,6.15358303],[52.45103145,6.15358733],[52.45105576,6.15359054],[52.45146817,6.15364412],[52.45157181,6.15366021],[52.45157967,6.15366359],[52.45174487,6.15373462],[52.4518195,6.15377037],[52.45187585,6.1538125],[52.45193115,6.15386675],[52.45197597,6.15393277],[52.45200527,6.15397934],[52.45204808,6.15404738],[52.45215081,6.15421216],[52.45222491,6.15432943],[52.45229673,6.15441098],[52.45230161,6.15441597],[52.45236378,6.15447952],[52.45246241,6.15455678],[52.45259377,6.15465574],[52.45260783,6.15466633],[52.45265419,6.15469841],[52.45269007,6.15472324],[52.45271171,6.15473209],[52.45278824,6.15476339],[52.45291618,6.15481401],[52.45306158,6.15487032],[52.45313016,6.1548955],[52.45318307,6.15491491],[52.45323208,6.15493292],[52.45333431,6.15497209],[52.45338929,6.15499308],[52.45343427,6.15501253],[52.45346804,6.1550262],[52.45357169,6.15506027],[52.45358818,6.15506494],[52.45363997,6.1550796],[52.45365768,6.15508461],[52.45376912,6.15510644],[52.45391275,6.15512748],[52.45398778,6.15512955],[52.45409474,6.15510675],[52.45425768,6.15506945],[52.45433365,6.15505058],[52.45440153,6.1550229],[52.45448383,6.15498131],[52.45452161,6.15495719],[52.454705,6.15480108],[52.45471757,6.1547904],[52.45486854,6.1546554],[52.4550112,6.15451597],[52.45508418,6.15443973],[52.45513411,6.15438225],[52.45521578,6.15428824],[52.45530042,6.15419158],[52.45537361,6.15408386],[52.45539715,6.15405277],[52.45541087,6.15403466],[52.4554254,6.15401096],[52.45548061,6.15391458],[52.45553312,6.15380937],[52.45559537,6.1536697],[52.45562444,6.15361141],[52.45565081,6.15356047],[52.45569314,6.15350443],[52.45571341,6.15347794],[52.45575708,6.15342091],[52.45582483,6.15334402],[52.45589976,6.15326936],[52.45594994,6.15322251],[52.45602574,6.15316621],[52.4561555,6.15307278],[52.45616212,6.15306801],[52.45634983,6.15294325],[52.45665212,6.15272647],[52.45699534,6.1524885],[52.45735952,6.15223874],[52.45743861,6.15219722],[52.45752336,6.15217461],[52.45756082,6.15217968],[52.45765353,6.15220906],[52.45770503,6.15222518],[52.45777369,6.15226462],[52.45780347,6.15228555],[52.45785037,6.15233313],[52.45788673,6.15236634],[52.45798037,6.15244616],[52.45805904,6.152506],[52.45807052,6.15251373],[52.45810566,6.1525374],[52.45817573,6.15256249],[52.45823564,6.15258395],[52.45828596,6.15258329],[52.45835766,6.15256355],[52.45845456,6.15250815],[52.45867689,6.15242022],[52.45872521,6.1524067],[52.45884856,6.15240028],[52.4588876,6.15240436],[52.45901166,6.15241733],[52.45918506,6.15242772],[52.45926006,6.15243371],[52.45939033,6.15237638],[52.4594502,6.15234519],[52.45955291,6.15227978],[52.45974286,6.1521221],[52.45994618,6.15195521],[52.46010034,6.15180357],[52.46022636,6.15169904],[52.46027629,6.15167385],[52.46032392,6.15165338],[52.46035001,6.15165221],[52.46056653,6.15166518],[52.46059505,6.15186383],[52.46068878,6.15189029],[52.46069048,6.15211497],[52.46069063,6.15213383],[52.46069241,6.15236468],[52.46071762,6.15236162],[52.46072805,6.1523615],[52.46080248,6.15235838],[52.46087725,6.15236055],[52.46093867,6.15236956],[52.46107133,6.15239687],[52.46110112,6.15240475],[52.46111457,6.15240939],[52.46112653,6.15242284],[52.46113359,6.15244239],[52.4611374,6.15246541],[52.46113726,6.15248718],[52.46113455,6.15251597],[52.46114172,6.15247435],[52.46119194,6.15218249],[52.46124953,6.15210116],[52.46137516,6.15192114],[52.4613784,6.15191649],[52.46139774,6.15187321],[52.46149578,6.15179668],[52.46151863,6.15177865],[52.46159398,6.15172004],[52.461629,6.15169653],[52.46167487,6.151674],[52.46168907,6.15166885],[52.46170555,6.1516528],[52.4617701,6.15159111],[52.46188825,6.15146649],[52.46199072,6.15135775],[52.46204921,6.15129286],[52.46210118,6.15123433],[52.46211457,6.15121957],[52.46213337,6.15118957],[52.46214756,6.15117089],[52.46225367,6.15103117],[52.46246641,6.15075559],[52.4626179,6.15055606],[52.46279384,6.15031925],[52.46298962,6.15009862],[52.46316482,6.14991344],[52.4633963,6.14971065],[52.46359493,6.14955449],[52.46383252,6.14938379],[52.46403834,6.14922673],[52.46406103,6.14921245],[52.46421013,6.14909443],[52.46427499,6.14904319],[52.46431819,6.14900569],[52.46441747,6.14891591],[52.46446846,6.14886912],[52.46450989,6.14882806],[52.46475874,6.14859608],[52.46492575,6.14842683],[52.46511552,6.14823943],[52.4651224,6.14823219],[52.46518621,6.14814824],[52.46533236,6.14797617],[52.46533966,6.14796759],[52.46535426,6.14795039],[52.46536886,6.1479332],[52.46537617,6.1479246],[52.46537983,6.14792029],[52.46538347,6.147916],[52.46549815,6.14778096],[52.46551881,6.14775426],[52.46552327,6.1477485],[52.46558822,6.14766462],[52.46573206,6.14749199],[52.46605017,6.14706651],[52.46605365,6.14706186],[52.46605881,6.14705496],[52.46607718,6.14702752],[52.46613341,6.14694352],[52.46631595,6.14667911],[52.4664116,6.14653595],[52.46644653,6.14648064],[52.46651367,6.14637434],[52.46656531,6.14628631],[52.46669179,6.14607067],[52.46686392,6.14577632],[52.46690005,6.14572131],[52.46690857,6.14570908],[52.46691961,6.14568258],[52.46693232,6.14565207],[52.46693286,6.14565034],[52.46693577,6.14564421],[52.46694031,6.14563752],[52.46694415,6.14562787],[52.46706289,6.14538881],[52.46716659,6.14519749],[52.46728106,6.14497925],[52.46730922,6.14492788],[52.46732487,6.14489425],[52.46740893,6.14471885],[52.46749638,6.14453666],[52.4674976,6.14453402],[52.46756055,6.14439733],[52.46758537,6.14434006],[52.46765369,6.14417295],[52.46765406,6.14417204],[52.46766477,6.14414582],[52.46772257,6.1442668],[52.4679921,6.14483084],[52.46852717,6.14595038],[52.46855411,6.14600676],[52.46855464,6.14600785],[52.46868457,6.14627964],[52.46886425,6.14665549],[52.46904716,6.1470386],[52.4693057,6.14758015],[52.46958249,6.14815983],[52.46968766,6.1483801],[52.46972088,6.14844968],[52.46997562,6.1489832],[52.4703805,6.14983577],[52.47077291,6.15065566],[52.47108715,6.15131471],[52.47105806,6.15136123],[52.4710388,6.15139203],[52.47072197,6.15189888],[52.47072925,6.15191976],[52.47077486,6.15205053],[52.47077796,6.15205945],[52.4708817,6.15235702],[52.47088969,6.15237994],[52.47093701,6.15251567],[52.47094812,6.15254755],[52.47095052,6.15255445],[52.47102114,6.15275698],[52.47137613,6.15379371],[52.47147806,6.15409209],[52.47152572,6.15422945],[52.47161219,6.15447862],[52.47191596,6.15535401],[52.47227164,6.15639845],[52.47235845,6.1566554],[52.47247075,6.15698783],[52.47267769,6.1575987],[52.47286962,6.15816657],[52.4729979,6.15854462],[52.4730583,6.15872263],[52.47308161,6.15879131],[52.47310455,6.15885848],[52.47333877,6.15954403],[52.4736206,6.16037227],[52.47385699,6.16108764],[52.47408581,6.16177935],[52.47408717,6.16178351],[52.47414053,6.16194479],[52.47414252,6.16195077],[52.47422404,6.16219279],[52.47422438,6.1621938],[52.47422483,6.16219515],[52.47423503,6.16222542],[52.47428997,6.16235011],[52.47429148,6.16235233],[52.4743884,6.16249553],[52.47444375,6.16257731],[52.4744491,6.1626904],[52.47445243,6.16276055],[52.47454451,6.16302685],[52.47460762,6.16321719],[52.4747299,6.16356978],[52.47481848,6.16382898],[52.47504031,6.16452099],[52.47516958,6.1649178],[52.47523056,6.16509319],[52.47534489,6.16542814],[52.47551906,6.16591343],[52.47556492,6.16604179],[52.4757114,6.16645622],[52.47576146,6.16659023],[52.47580448,6.16671262],[52.47598112,6.16729608],[52.47600955,6.16743234],[52.47604752,6.16800656],[52.47612642,6.16919988],[52.47610793,6.16926191],[52.47593515,6.1698416],[52.47587936,6.17001777],[52.47621977,6.17029378],[52.47634831,6.170398],[52.47635871,6.17040902],[52.47658767,6.17057673],[52.47677496,6.17072088],[52.47685237,6.17078695],[52.47690209,6.17083918],[52.47691583,6.17085815],[52.47706406,6.17097834],[52.47739525,6.17124687],[52.47737159,6.17130037],[52.47725998,6.17218036],[52.4770873,6.17349657],[52.47707388,6.17353479],[52.47706651,6.17355022],[52.47700642,6.17353592],[52.47694675,6.17352171],[52.47684937,6.17350306],[52.4768309,6.17351383],[52.4768141,6.17354634],[52.4768029,6.17358406],[52.47680288,6.17362712],[52.47681971,6.17367003],[52.47684423,6.17370277],[52.47688002,6.17375065],[52.47688901,6.17376265],[52.47690507,6.17377978],[52.47692273,6.17379243],[52.47692319,6.17379276],[52.47695502,6.17381438],[52.47696831,6.1738234],[52.47712069,6.1739269],[52.47790169,6.17447233],[52.47818299,6.17468413],[52.47820754,6.17470704],[52.4782129,6.17472736],[52.47817107,6.17538386],[52.47808047,6.17542694],[52.47804896,6.17546479],[52.4780331,6.17549862],[52.47786463,6.17615266],[52.47785588,6.1762933],[52.47783894,6.17708663],[52.47783514,6.17726576],[52.47784065,6.17733971],[52.47784192,6.17740089],[52.47785643,6.17766104],[52.47788225,6.17769552],[52.47790915,6.17774116],[52.47794788,6.17784182],[52.4779819,6.17795594],[52.47812618,6.17785728],[52.47819152,6.17781551],[52.47827611,6.17775381],[52.47873541,6.17742174],[52.47913221,6.17713646],[52.47937378,6.17696527],[52.47941,6.17701003],[52.47965293,6.17729342],[52.47969015,6.17733683],[52.47979887,6.17748377],[52.47982242,6.17752937],[52.47982923,6.1775578],[52.47983036,6.17763398],[52.47982752,6.177702],[52.47981336,6.17782578],[52.47981207,6.1778352],[52.47981044,6.17785484],[52.4796458,6.17906285],[52.47960153,6.17938743],[52.47958506,6.17950567],[52.47948275,6.1802401],[52.47944796,6.18052511],[52.47938589,6.18060291],[52.47938443,6.18060474],[52.47934062,6.18064971],[52.47930739,6.18068933],[52.47927995,6.18074154],[52.47927383,6.18083122],[52.47926869,6.18104183],[52.47926682,6.18111846],[52.47925972,6.18122487],[52.47925922,6.18123242],[52.47924976,6.18131838],[52.47923719,6.18139582],[52.47922239,6.18147435],[52.47920104,6.18155755],[52.4791784,6.1816308],[52.47914186,6.18173881],[52.4790997,6.18185004],[52.47906871,6.18193236],[52.47905792,6.18197488],[52.47905657,6.18201627],[52.47905574,6.18204181],[52.47905712,6.18207642],[52.47906183,6.18210315],[52.47906593,6.18212639],[52.47906974,6.18214798],[52.47909526,6.18219986],[52.47912388,6.1822231],[52.47915324,6.1822298],[52.47916982,6.18223593],[52.47929426,6.18229353],[52.47954866,6.18250189],[52.47971715,6.1826666],[52.47985777,6.18279294],[52.48002766,6.18288148],[52.48033871,6.18296677],[52.48035151,6.1829686],[52.48053164,6.18299452],[52.48055969,6.18299855],[52.48064723,6.18296725],[52.48079173,6.182845],[52.48080668,6.18283236],[52.48081448,6.18290878],[52.48083475,6.18310745],[52.48085151,6.18341193],[52.48085177,6.18341658],[52.4808519,6.18341888],[52.48085955,6.18355809],[52.48085813,6.18383626],[52.48085568,6.18389308],[52.48084699,6.18409384],[52.4808292,6.18436895],[52.48082975,6.18444932],[52.48082998,6.18448498],[52.48082174,6.18471594],[52.48080396,6.18497478],[52.48077955,6.18503032],[52.48072136,6.18504782],[52.48058989,6.18506458],[52.48055618,6.18507562],[52.48054351,6.18509046],[52.48053202,6.18512844],[52.48054572,6.18567861],[52.48054723,6.1857788],[52.48054789,6.18582228],[52.48054964,6.1859384],[52.48054398,6.18619573],[52.48054732,6.18623879],[52.48055666,6.18635909],[52.4805566,6.18638419],[52.48055566,6.18681649],[52.48055557,6.1868559],[52.48055525,6.18700009],[52.48055503,6.18710227],[52.48055567,6.18712826],[52.48056163,6.18736931],[52.48056644,6.18769729],[52.48057334,6.1879415],[52.48057996,6.18817556],[52.48058455,6.18836164],[52.48058973,6.18846145],[52.48060158,6.18861314],[52.48061136,6.18875645],[52.48063636,6.18904069],[52.48065499,6.18923542],[52.48066165,6.18928925],[52.4806714,6.1893956],[52.48068355,6.18952808],[52.48089175,6.18963865],[52.48101475,6.18970398],[52.48120109,6.18990461],[52.48153235,6.19025963],[52.48170933,6.1904545],[52.48172787,6.19048168],[52.48174636,6.19051845],[52.48175546,6.19055889],[52.48175699,6.1906778],[52.48175358,6.19083498],[52.48174977,6.191067],[52.48173868,6.19156785],[52.48172797,6.19213665],[52.48169289,6.19228746],[52.48163163,6.19255082],[52.48168692,6.19258168],[52.48171901,6.19259961],[52.48172151,6.19260101],[52.48174828,6.19261595],[52.48223323,6.19288677],[52.48251249,6.19304318],[52.48280848,6.19321081],[52.48287736,6.1932484],[52.48288819,6.19325902],[52.48289717,6.19327407],[52.48290431,6.19329354],[52.48290401,6.19333819],[52.48290357,6.19340217],[52.48289396,6.19368299],[52.48289233,6.19373039],[52.48291855,6.19370246],[52.4829615,6.19366753],[52.48302815,6.19361962],[52.48306191,6.1935994],[52.48313023,6.19357369],[52.48322313,6.19354116],[52.48355699,6.19341136],[52.48370731,6.19335308],[52.48379577,6.19331696],[52.48381106,6.19331087],[52.48391848,6.19326803],[52.48396844,6.19324811],[52.48434414,6.19309811],[52.48439986,6.19307587],[52.48444149,6.1930599],[52.48452933,6.19302622],[52.48469223,6.19296373],[52.48477032,6.19292691],[52.48478815,6.1929185],[52.48479215,6.1929164],[52.48479269,6.19291611],[52.48481694,6.19290337],[52.48483706,6.19288916],[52.48485481,6.19287661],[52.48486017,6.19287284],[52.48504771,6.19271181],[52.48522173,6.19256214],[52.48527198,6.19251892],[52.48547567,6.19234374],[52.48548767,6.19233817],[52.48550734,6.19233283],[52.48552399,6.19232635],[52.4855485,6.19233298],[52.48557106,6.19234886],[52.48557461,6.19235127],[52.48561553,6.19238804],[52.48563944,6.19241867],[52.48623535,6.19335585],[52.48621753,6.19363226],[52.48625082,6.19368312],[52.48630654,6.19373518],[52.48635033,6.19376342],[52.48637168,6.19377719],[52.4864022,6.19379082],[52.48651457,6.19384103],[52.48662007,6.19390422],[52.48669444,6.1939617],[52.48675624,6.1940394],[52.4868149,6.19411702],[52.48690417,6.19427686],[52.48695348,6.19435432],[52.48697361,6.19437543],[52.48700299,6.19440627],[52.48708367,6.19445367],[52.48714877,6.1945008],[52.48721381,6.19455813],[52.48725095,6.19459452],[52.48729746,6.194626],[52.48732547,6.19463162],[52.48735354,6.19462702],[52.48739418,6.19460734],[52.48740983,6.19459743],[52.48744441,6.19455212],[52.48748221,6.19449158],[52.4874932,6.19446284],[52.48750472,6.1944327],[52.48762758,6.19454399],[52.48795408,6.19484199],[52.48818613,6.19505385],[52.48851255,6.19535102],[52.48869943,6.19552103],[52.48884463,6.1956518],[52.48887195,6.19567905],[52.48890137,6.19571047],[52.48891343,6.19572335],[52.48898679,6.19579975],[52.48900273,6.19582978],[52.48923187,6.19632813],[52.48942302,6.19679685],[52.48942676,6.19680602],[52.48943468,6.19682544],[52.4895267,6.19670922],[52.48967954,6.1965201],[52.48968636,6.19653353],[52.48968731,6.1965354],[52.48969161,6.1965439],[52.48993339,6.19702029],[52.48995962,6.19709975],[52.48999342,6.19724952],[52.49004303,6.19743467],[52.49014776,6.19778316],[52.49020838,6.19792465],[52.49029289,6.19809729],[52.49036699,6.19822587],[52.49042506,6.19834978],[52.49045915,6.19845568],[52.49056676,6.19885906],[52.49067904,6.19927789],[52.49069429,6.19939662],[52.49071448,6.19957685],[52.49075971,6.20001198],[52.49076123,6.20002292],[52.49078204,6.20017187],[52.49078344,6.20018195],[52.4907966,6.20027616],[52.49083096,6.20025182],[52.49099474,6.2010035],[52.49102282,6.20098659],[52.49105656,6.20096626],[52.49089104,6.20020924],[52.49088192,6.20016755],[52.49203473,6.19932965],[52.49281702,6.19874297],[52.49282927,6.19878397],[52.49316155,6.19989534],[52.49317663,6.19994577],[52.49324803,6.19991852],[52.49330741,6.19989095],[52.49335543,6.19988449],[52.49344675,6.19997066],[52.49353811,6.20005314],[52.49358501,6.20007971],[52.49362981,6.20008422],[52.49366578,6.20007018],[52.4937468,6.20002392],[52.49382352,6.19995188],[52.49389133,6.19987232],[52.49401794,6.19971671],[52.4940654,6.19966248],[52.49410821,6.19963021],[52.49414859,6.19962728],[52.49420901,6.19964309],[52.4945941,6.19985072],[52.49465894,6.19987395],[52.49470834,6.19986383],[52.49477342,6.19985402],[52.49481604,6.19985113],[52.49485851,6.19987028],[52.49490084,6.19990778],[52.4949052,6.19991116],[52.49492983,6.19993036],[52.49494555,6.19992697],[52.49500635,6.19988769],[52.49507836,6.19984861],[52.49513681,6.19982398],[52.49517726,6.19981003],[52.49522004,6.1997851],[52.49527433,6.19971263],[52.49532882,6.19961446],[52.4954086,6.19945503],[52.49556835,6.19874755],[52.49564457,6.19841002],[52.49577109,6.19796056],[52.49575715,6.19791208],[52.4956113,6.19739135],[52.49547075,6.19689266],[52.49549859,6.196863],[52.49553443,6.19682481],[52.49560515,6.19672727],[52.49566979,6.19662916],[52.49568024,6.19660678],[52.49573554,6.19646782],[52.4957512,6.19642199],[52.49578493,6.19634429],[52.4958812,6.19617079],[52.49591194,6.19611515],[52.49594737,6.19606397],[52.49599948,6.19599162],[52.49602704,6.19594368],[52.49605508,6.19588729],[52.49608294,6.1958202],[52.49609868,6.19575484],[52.49611558,6.19568138],[52.49611608,6.19567985],[52.49611913,6.19567051],[52.49612365,6.19565665],[52.49614169,6.1956014],[52.49616283,6.19553609],[52.49618367,6.19548255],[52.49619657,6.1954547],[52.49621872,6.19541519],[52.49627335,6.19532998],[52.49630527,6.1952877],[52.49630848,6.19528344],[52.49631721,6.19527187],[52.49633153,6.1952529],[52.49636877,6.19519696],[52.49640018,6.19514095],[52.4964273,6.19509006],[52.49644044,6.19505853],[52.49644282,6.19501195],[52.49644313,6.19500592],[52.49644273,6.19500465],[52.49644247,6.19500383],[52.49642384,6.19494462],[52.49639451,6.19487512],[52.49638908,6.19482941],[52.49641437,6.19479028],[52.49645041,6.19475274],[52.49647638,6.19472847],[52.49651279,6.19469447],[52.49660061,6.1946107],[52.49663148,6.19457677],[52.49665063,6.19455489],[52.49668224,6.19450588],[52.49668739,6.19445292],[52.49669212,6.19433408],[52.49670926,6.19425474],[52.49675388,6.19415175],[52.4967714,6.19408823],[52.49678976,6.19404093],[52.49681762,6.19397421],[52.49685876,6.19389624],[52.49690793,6.19382863],[52.49695595,6.19376948],[52.49701582,6.19372372],[52.49706625,6.1936771],[52.49709297,6.19364178],[52.49709463,6.19363958],[52.49710268,6.19362895],[52.49711118,6.19361774],[52.49711407,6.19362109],[52.49712963,6.19363907],[52.49715405,6.19359854],[52.49718768,6.19347164],[52.49724122,6.19339985],[52.49729709,6.19332004],[52.49734655,6.19321487],[52.49737255,6.19315234],[52.49739259,6.19307266],[52.49739109,6.19301063],[52.49739094,6.19300455],[52.49739096,6.19300424],[52.49739009,6.19296956],[52.49738504,6.19288703],[52.49737978,6.19279791],[52.49738343,6.19272763],[52.49738885,6.19266142],[52.49739573,6.19262614],[52.49740507,6.19258942],[52.49742363,6.19254764],[52.4974591,6.19248395],[52.49750425,6.19241668],[52.49755023,6.1923612],[52.49759636,6.19232412],[52.49764309,6.19230729],[52.49770348,6.19229539],[52.49772835,6.19229102],[52.49773193,6.1922904],[52.49773702,6.1922895],[52.49779648,6.1922791],[52.49780675,6.1922773],[52.49786611,6.19226857],[52.49787925,6.19226663],[52.49793137,6.19224949],[52.49797385,6.19222967],[52.49801483,6.19219144],[52.49801536,6.19219074],[52.49801952,6.19218195],[52.49808216,6.1920429],[52.49808745,6.1919827],[52.49808556,6.19189212],[52.49808122,6.19185675],[52.49807205,6.1918161],[52.49806557,6.19178738],[52.49804785,6.19172757],[52.49802682,6.19165666],[52.49802514,6.191651],[52.49802479,6.19164982],[52.49800447,6.19158134],[52.49797723,6.19149381],[52.49795454,6.19139085],[52.49794566,6.19130795],[52.49794845,6.19128368],[52.4979633,6.19121609],[52.49798642,6.19115596],[52.49802502,6.19109561],[52.49807191,6.19103975],[52.49810635,6.19100808],[52.49815062,6.19099086],[52.49816677,6.19098918],[52.49820173,6.19099984],[52.49826445,6.19102293],[52.49828525,6.19103462],[52.49828602,6.19103504],[52.49828699,6.19103559],[52.49833144,6.19106058],[52.49836316,6.19107843],[52.49838013,6.19108608],[52.49840078,6.19109538],[52.49843136,6.19109839],[52.49846623,6.19108582],[52.49849586,6.19107693],[52.49851818,6.19107025],[52.49854541,6.19106084],[52.49859733,6.19101805],[52.49862686,6.19096894],[52.49864484,6.19093322],[52.49870141,6.19080699],[52.49873104,6.19073092],[52.49874623,6.19069194],[52.49877009,6.19061732],[52.49879574,6.19051553],[52.49882744,6.19035202],[52.49884504,6.19027728],[52.49887262,6.19018544],[52.49895946,6.18997074],[52.49901404,6.18980584],[52.49901401,6.18980466],[52.49901274,6.18976827],[52.49900262,6.18974121],[52.49897799,6.18970173],[52.4989545,6.18967361],[52.49892393,6.18963704],[52.49891851,6.18963083],[52.49888266,6.18958987],[52.49887875,6.18958541],[52.49887629,6.18958261],[52.49886005,6.18956405],[52.49883319,6.18952305],[52.49882079,6.18949889],[52.49878894,6.18943536],[52.49878337,6.18936644],[52.49880525,6.18928958],[52.4988096,6.18927716],[52.49885246,6.18921432],[52.49895767,6.18912766],[52.49900732,6.18908849],[52.49908956,6.18904077],[52.49911482,6.18902863],[52.49911848,6.18902687],[52.49912295,6.18902473],[52.49916253,6.18900573],[52.49918697,6.1889928],[52.49919204,6.18899011],[52.49923432,6.18894603],[52.49928518,6.18889456],[52.49930961,6.18886983],[52.49932977,6.18884225],[52.49935525,6.18879454],[52.49937574,6.1887239],[52.49937955,6.18868837],[52.49938295,6.18865671],[52.4994058,6.18850983],[52.49941165,6.18847216],[52.4994149,6.18845693],[52.49942002,6.18843293],[52.49948126,6.18828031],[52.49952019,6.18820265],[52.4995567,6.18815037],[52.49960862,6.1881072],[52.49968624,6.18807926],[52.49973579,6.18805556],[52.49977011,6.18802715],[52.49985725,6.18795447],[52.49991516,6.18792209],[52.4999872,6.18788889],[52.50006466,6.18785284],[52.50019879,6.18780021],[52.5002256,6.187786],[52.50024952,6.1877677],[52.5003071,6.18771802],[52.50041087,6.18767326],[52.50042323,6.18767129],[52.50044252,6.18767278],[52.50048193,6.1876853],[52.50050165,6.18769385],[52.50059569,6.18773456],[52.50065441,6.18776],[52.50070368,6.18777567],[52.50076825,6.18778317],[52.50078147,6.18778319],[52.50081596,6.18777194],[52.50096435,6.18768266],[52.50100055,6.18765506],[52.50100961,6.18764207],[52.50110386,6.18747899],[52.50115852,6.18738441],[52.50123867,6.1872457],[52.50125023,6.18722862],[52.50131665,6.18712399],[52.50139334,6.18700739],[52.5014741,6.18686216],[52.50151182,6.18675124],[52.50154089,6.1865824],[52.50158474,6.18659306],[52.50161355,6.18660006],[52.50165162,6.18660932],[52.50167379,6.18661471],[52.50210733,6.1867201],[52.50230632,6.18674932],[52.50247419,6.18675875],[52.50249378,6.18675567],[52.50258367,6.18674154],[52.50336487,6.18646545],[52.50336951,6.18646381],[52.50339463,6.18645122],[52.50342022,6.18643838],[52.50342112,6.18643792],[52.50345573,6.18642057],[52.50353053,6.18633233],[52.50393626,6.18582124],[52.50408585,6.18564475],[52.50410175,6.18562773],[52.50454034,6.18515808],[52.50503333,6.18463019],[52.5052064,6.1844477],[52.50525676,6.18438112],[52.50534368,6.18427043],[52.50538567,6.18421698],[52.50555652,6.18395163],[52.50555697,6.18395091],[52.50558873,6.18391241],[52.50560063,6.18391177],[52.50563398,6.18393149],[52.50564835,6.18394604],[52.50571981,6.18401364],[52.50586552,6.18418649],[52.50589874,6.18422263],[52.50593358,6.18426051],[52.50598982,6.18432168],[52.50604756,6.18430559],[52.50609156,6.18429334],[52.50609683,6.18429091],[52.50612835,6.18428943],[52.50613971,6.18428892],[52.50618765,6.18430847],[52.50630641,6.1844201],[52.50641814,6.18444901],[52.50644774,6.18445846],[52.50663322,6.18448845],[52.50694406,6.18436258],[52.50696547,6.18433518],[52.50696731,6.18433283],[52.50698136,6.184318],[52.50698827,6.18431072],[52.5070423,6.18425367],[52.50708921,6.18419146],[52.50714214,6.18413242],[52.50719521,6.18410874],[52.50725658,6.18410011],[52.50731293,6.18412773],[52.50736333,6.18416283],[52.50737913,6.18417622],[52.50738312,6.18417961],[52.50740765,6.18420039],[52.50741163,6.18420376],[52.50743718,6.18421651],[52.50759625,6.18416076],[52.50762657,6.18415012],[52.50762621,6.18412061],[52.50763536,6.18411667],[52.50771852,6.1840808],[52.50774111,6.18407106],[52.50797044,6.18385435],[52.50881004,6.18302204],[52.50924662,6.18259249],[52.51049642,6.18138566],[52.51221289,6.17975564],[52.51303241,6.17897399],[52.51381337,6.17822026],[52.51556327,6.17653125],[52.5159358,6.17617348],[52.51613722,6.17598569],[52.51642733,6.17562858],[52.51694785,6.17511152],[52.51810198,6.17400421],[52.51867071,6.17345848],[52.51869305,6.17343704],[52.51869925,6.17343184],[52.51876432,6.17337731],[52.51877455,6.17336874],[52.5187879,6.17335755],[52.51883026,6.17332206],[52.51899848,6.17419744],[52.51907279,6.17458772],[52.51910568,6.17490487],[52.5191437,6.17546381],[52.51919459,6.17617785],[52.51923778,6.17662161],[52.51925714,6.17688296],[52.51928352,6.17721118],[52.51932004,6.17766564],[52.51935099,6.17800229],[52.51938126,6.17836989],[52.5194091,6.17865473],[52.51941604,6.17885255],[52.51941131,6.17903534],[52.51940615,6.17919057],[52.5194127,6.17963854],[52.51941421,6.17974256],[52.51941539,6.17982264],[52.51941558,6.17989322],[52.51942076,6.18176981],[52.5194213,6.1819675],[52.51942714,6.18196919],[52.51939413,6.18206214],[52.51936035,6.18217147],[52.51931373,6.18225177],[52.51924112,6.18248138],[52.51923458,6.18250208],[52.51924194,6.18253549],[52.51924376,6.18259795],[52.51925092,6.18260545],[52.51933543,6.18295352],[52.51943937,6.18298091],[52.51946467,6.18283919],[52.51951142,6.1825773],[52.51973675,6.18262651],[52.52013253,6.1827555],[52.5201575,6.18282461],[52.52048148,6.18294757],[52.52051995,6.18296176],[52.52058123,6.18298436],[52.52072167,6.18303615],[52.52075918,6.18304999],[52.52076925,6.1830537],[52.52079409,6.18306287],[52.52079329,6.18307649],[52.52088736,6.18310939],[52.52096569,6.18324091],[52.52101659,6.18332637],[52.5211292,6.18351547],[52.52116574,6.18357683],[52.52119733,6.18362987],[52.52245905,6.18574867],[52.52269826,6.18615422],[52.52293718,6.18671956],[52.52318533,6.18720609],[52.52344756,6.18772025],[52.52347651,6.18777859],[52.52348459,6.18779489],[52.52351564,6.18785155],[52.52378069,6.18766916],[52.52477926,6.1874419],[52.52510161,6.18768484],[52.52511574,6.18773033],[52.5251272,6.18778142],[52.52512981,6.18780518],[52.52585315,6.18832889],[52.52589928,6.18837334],[52.52594357,6.18842429],[52.52689379,6.18920642],[52.52690268,6.18921372],[52.52712782,6.18939904],[52.52726724,6.18949194],[52.52731095,6.18952554],[52.5278904,6.18997108],[52.52849545,6.19046814],[52.52856319,6.19052063],[52.52858673,6.19053886],[52.52956429,6.19129632],[52.53052494,6.19202897],[52.5318481,6.19305032],[52.53188093,6.19303371],[52.53193369,6.19299722],[52.53200636,6.19293734],[52.53201683,6.19292813],[52.53374546,6.19154256],[52.53432086,6.1910883],[52.5358058,6.18991272],[52.53616009,6.18963122],[52.53622068,6.18967244],[52.53665584,6.18996851],[52.53699734,6.19019984],[52.53705264,6.19023731],[52.53702832,6.19015317],[52.53730807,6.19034095],[52.53775051,6.19064416],[52.5379315,6.19076831],[52.53809108,6.19087775],[52.53856935,6.19120504],[52.5390671,6.19154615],[52.53954147,6.19186666],[52.53994836,6.19214613],[52.54009953,6.19236693],[52.54035906,6.19274168],[52.54043699,6.19279198],[52.54061766,6.19278636],[52.5408889,6.19277788],[52.54092916,6.19280652],[52.54099086,6.19284769],[52.54113959,6.19294946],[52.54129405,6.19305131],[52.54160764,6.19326526],[52.54228663,6.19372375],[52.54266549,6.19398005],[52.5429845,6.19419172],[52.54355053,6.19457004],[52.54410139,6.19493478],[52.54443694,6.19516667],[52.5444801,6.1954084],[52.5446057,6.19549505],[52.54463836,6.19551758],[52.5447533,6.19559844],[52.54486983,6.19568046],[52.54491049,6.1957105],[52.54501122,6.19578491],[52.54530313,6.19598422],[52.54571813,6.19627922],[52.54599589,6.19646836],[52.54591462,6.19632387],[52.54585986,6.19622649],[52.54591642,6.19607412],[52.54621034,6.19626564],[52.54669275,6.1965829],[52.54723798,6.19696695],[52.54785039,6.19737635],[52.54851651,6.19782559],[52.54855425,6.19785106],[52.54935878,6.19839044],[52.5503227,6.19904595],[52.55094481,6.19945411],[52.55102386,6.19950597],[52.55180696,6.20002841],[52.55193179,6.2001119],[52.55194248,6.20011905],[52.55262272,6.20058597],[52.55370976,6.20132093],[52.5537348,6.20133596],[52.55388606,6.20143859],[52.55393453,6.20147218],[52.55472204,6.20199934],[52.55549081,6.20252328],[52.55633989,6.20309657],[52.55637791,6.20312212],[52.55647441,6.20318731],[52.5565737,6.20325486],[52.55663437,6.20329748],[52.55734006,6.20377623],[52.55772543,6.20403422],[52.55850198,6.2045627],[52.55923532,6.20505383],[52.55927628,6.20520919],[52.55930076,6.2052161],[52.55935833,6.20525638],[52.55939701,6.2052284],[52.55942121,6.20521755],[52.55965457,6.20537034],[52.56021146,6.20573054],[52.56085491,6.20614821],[52.56163973,6.20666571],[52.56243658,6.20719641],[52.56327296,6.2077614],[52.56381799,6.20812088],[52.56383814,6.20813418],[52.56384545,6.20813897],[52.56392372,6.20819031],[52.56448776,6.2085654],[52.56503926,6.20893501],[52.56569763,6.20937835],[52.56586113,6.20949212],[52.56593247,6.20953952],[52.56610325,6.20965679],[52.56683638,6.21015312],[52.56761365,6.21068419],[52.56773486,6.21076724],[52.56774069,6.21077123],[52.56779781,6.21081075],[52.56784181,6.21071953],[52.56794566,6.21050419],[52.56799029,6.21041168],[52.56809241,6.21019996],[52.56850434,6.2095107],[52.56852492,6.2094785],[52.56985403,6.20871442],[52.56985615,6.20871319],[52.5706284,6.20826922],[52.57191467,6.207519],[52.57235542,6.20725523],[52.5724883,6.20717566],[52.57267788,6.20706218],[52.57306223,6.20683212],[52.57315395,6.20677721],[52.57329245,6.20669677],[52.57341337,6.20662654],[52.57353073,6.20655839],[52.57377643,6.2064157],[52.57390459,6.20634055],[52.57508078,6.20565761],[52.57511429,6.20563805],[52.57512553,6.20563708],[52.57513408,6.20563955],[52.57513691,6.20564493],[52.57513268,6.20562755],[52.57515556,6.20561408],[52.57516827,6.20560667],[52.57525029,6.20545558],[52.5757679,6.20531348],[52.57590007,6.20527775],[52.57638383,6.20514856],[52.57694613,6.20499769],[52.57735845,6.20488817],[52.57790283,6.20474306],[52.57826981,6.20464416],[52.57826468,6.2044558],[52.57858082,6.20437313],[52.57898734,6.2042699],[52.57978374,6.20406019],[52.58051136,6.20386192],[52.58100208,6.20373446],[52.58120756,6.20367988],[52.58127414,6.20344047],[52.58182219,6.20324605],[52.58243235,6.20303291],[52.58295457,6.20284827],[52.58342312,6.20268306],[52.58393386,6.20250266],[52.58434387,6.20235522],[52.58458747,6.20226761],[52.58494855,6.20213779],[52.58492458,6.20193354],[52.5848735,6.20149823],[52.58478327,6.20072629],[52.58444426,6.19785432],[52.58435923,6.1971167],[52.58422726,6.1959898],[52.58417493,6.1955256],[52.58416302,6.19543272],[52.58411102,6.19509373],[52.58414095,6.19467593],[52.58414104,6.19467475],[52.58415063,6.19453357],[52.58419263,6.19425813],[52.58423195,6.19402656],[52.58425127,6.19391874],[52.58464538,6.19220005],[52.58488336,6.19115562],[52.58503727,6.19047514],[52.58512585,6.1900918],[52.58595284,6.1878385],[52.58617625,6.18723246],[52.58709404,6.18472202],[52.58733384,6.18405625],[52.58771341,6.18303485],[52.58778672,6.18278771],[52.5877968,6.18274253],[52.58780912,6.18268733],[52.58786073,6.18232069],[52.58794041,6.17990129],[52.58793915,6.17981248],[52.58792991,6.1794765],[52.58789661,6.17907647],[52.58765062,6.17622509],[52.58758084,6.17541149],[52.58733144,6.17247466],[52.58726104,6.17164485],[52.58714031,6.17019137],[52.5871242,6.16999592],[52.58711804,6.16992172],[52.58695648,6.16796443],[52.58670682,6.16501797],[52.58663074,6.16415595],[52.58647345,6.16240611],[52.58647319,6.16240319],[52.58599012,6.15683184],[52.58598,6.15671278],[52.58520379,6.14758314],[52.58512742,6.14760065],[52.58511834,6.14760273],[52.58502774,6.14762351],[52.58496019,6.14754585],[52.58487896,6.14736238],[52.58482824,6.14734501],[52.58471209,6.14736425],[52.58440829,6.14741862],[52.58435143,6.14748366],[52.58431394,6.14751575],[52.58427167,6.14753948],[52.58419699,6.14756242],[52.58411253,6.14757888],[52.5840801,6.14756551],[52.58404492,6.1475094],[52.58398498,6.14740721],[52.5839532,6.14735061],[52.58395309,6.14735062],[52.58392486,6.14735291],[52.58380053,6.14753159],[52.58379272,6.14763887],[52.58377565,6.14786309],[52.58375931,6.148049],[52.58375832,6.14811934],[52.58376934,6.14818749],[52.58378723,6.14824543],[52.5838007,6.14831476],[52.58381872,6.14839184],[52.58381884,6.14845785],[52.58380827,6.14852236],[52.5837863,6.14859104],[52.58376089,6.14868199],[52.58374127,6.14877035],[52.58373366,6.14883143],[52.58371729,6.14893287],[52.5837134,6.14901158],[52.58371408,6.1490746],[52.58372592,6.14932031],[52.58373995,6.14960088],[52.58374109,6.14972628],[52.58374076,6.14980188],[52.5837424,6.14989752],[52.58374197,6.15000252],[52.58374893,6.15013951],[52.58375885,6.15019023],[52.58375783,6.15024806],[52.58375429,6.15033568],[52.58374728,6.15040797],[52.58373565,6.15046922],[52.58370485,6.1505155],[52.58362371,6.1506763],[52.58348767,6.1509564],[52.58338396,6.15117297],[52.58329049,6.15142407],[52.58317807,6.15168426],[52.58310904,6.15185866],[52.58304586,6.15211663],[52.58292599,6.15257584],[52.58286506,6.15281257],[52.58279076,6.15307863],[52.58276942,6.15314758],[52.58276412,6.15321415],[52.58275537,6.15327957],[52.58275433,6.15334829],[52.58274768,6.15364205],[52.5827257,6.15420624],[52.58271541,6.15444045],[52.58271236,6.15459215],[52.58271548,6.15478784],[52.58272495,6.15499054],[52.58270639,6.15506958],[52.58268246,6.15512906],[52.58264674,6.15521642],[52.58260015,6.15530325],[52.58254981,6.15540508],[52.58250161,6.15549167],[52.58243693,6.15557925],[52.58236613,6.15566054],[52.58225762,6.15578401],[52.58211089,6.1559527],[52.58190232,6.15619897],[52.58181903,6.15629035],[52.58173642,6.15637608],[52.58158358,6.15650406],[52.58141366,6.15663436],[52.58124699,6.1567526],[52.58117191,6.15680656],[52.58108857,6.15686015],[52.58102731,6.15691118],[52.58099159,6.15694995],[52.58095421,6.15699937],[52.58092656,6.15705205],[52.58089904,6.15711305],[52.58087885,6.15716848],[52.58085305,6.1572617],[52.58083586,6.15732812],[52.58081509,6.15738512],[52.58077675,6.15742554],[52.58073407,6.1574588],[52.58066564,6.15750212],[52.58061056,6.15752696],[52.58051119,6.15759759],[52.58045631,6.15763414],[52.58041833,6.15764737],[52.58031992,6.15767855],[52.58022347,6.15770637],[52.58014526,6.15771982],[52.58001283,6.15776089],[52.57991634,6.15778713],[52.57981908,6.15781574],[52.57973758,6.15783632],[52.57954936,6.15788464],[52.57921397,6.15797113],[52.57888663,6.15805893],[52.57840539,6.15817826],[52.57810078,6.15825439],[52.57777134,6.15833551],[52.5774922,6.15839074],[52.57718271,6.15845919],[52.57687591,6.15850934],[52.57661868,6.15857869],[52.57629927,6.15864488],[52.57592676,6.15871245],[52.57555186,6.15878208],[52.57554602,6.15878329],[52.57540575,6.1588124],[52.5752798,6.15889362],[52.57514728,6.15900317],[52.5750036,6.15911916],[52.57489004,6.15920869],[52.57480917,6.15927554],[52.57480612,6.15927816],[52.57468743,6.15937638],[52.5746869,6.15937681],[52.57450462,6.15951978],[52.57438854,6.15961712],[52.57417712,6.15975858],[52.57405851,6.15983981],[52.57399254,6.15989061],[52.5738898,6.15999657],[52.5738323,6.16004853],[52.57374537,6.16011789],[52.57349518,6.16031786],[52.57317065,6.16057902],[52.57294387,6.16076499],[52.57245609,6.16115839],[52.57223173,6.16134728],[52.57186108,6.16164827],[52.57165998,6.16180172],[52.57150966,6.1619172],[52.57130495,6.16207039],[52.57108489,6.16224236],[52.57071874,6.16252873],[52.5704559,6.16273189],[52.57007814,6.16302641],[52.56987969,6.16318341],[52.56972339,6.16330561],[52.56933024,6.1636123],[52.56897326,6.16388922],[52.56851678,6.16424863],[52.56810222,6.16456759],[52.56790312,6.16472869],[52.56789619,6.1647343],[52.56764096,6.16493433],[52.56748224,6.16505522],[52.56714251,6.16532751],[52.56667902,6.16569032],[52.56611477,6.16612998],[52.56589771,6.1663002],[52.56557877,6.16658389],[52.5652522,6.16681432],[52.56523861,6.16676942],[52.56513468,6.16647399],[52.56505408,6.16623188],[52.56500826,6.16609724],[52.56481463,6.16547119],[52.56467666,6.16505938],[52.5646204,6.16492857],[52.56451506,6.16471071],[52.56437225,6.16443156],[52.56390539,6.16353297],[52.56325722,6.1622617],[52.56265972,6.16109862],[52.56180747,6.15942426],[52.56148567,6.15878799],[52.56118997,6.15820098],[52.56095465,6.15773052],[52.56065631,6.15713995],[52.56018044,6.15622749],[52.55983014,6.15554732],[52.55956638,6.15503801],[52.55956485,6.15503503],[52.55956331,6.15503133],[52.55949712,6.15487255],[52.55949274,6.15486557],[52.55937928,6.15464548],[52.55903973,6.15398416],[52.55790492,6.15178369],[52.55636015,6.14879715],[52.55553021,6.14719241],[52.55510733,6.14637079],[52.5550337,6.14622371],[52.55500903,6.1461764],[52.55491886,6.14600358],[52.55479765,6.14577085],[52.55469708,6.14557323],[52.55454899,6.14528597],[52.55450249,6.14519787],[52.55432864,6.14486178],[52.55419331,6.14458774],[52.55417207,6.14454173],[52.55408658,6.14438586],[52.55389275,6.14401566],[52.55376094,6.14376698],[52.5536379,6.14352551],[52.55360535,6.14346043],[52.55342747,6.1431163],[52.55324747,6.14276395],[52.55314566,6.14255547],[52.55311087,6.14249003],[52.55281929,6.14192051],[52.55269531,6.14167962],[52.55247038,6.1412516],[52.55233295,6.14098245],[52.55220695,6.14073754],[52.55215256,6.14062753],[52.55210248,6.14052731],[52.55241073,6.13977256],[52.55239664,6.13974877],[52.55249971,6.13949562],[52.55264831,6.13912898],[52.55289517,6.13850038],[52.55297656,6.13829184],[52.55297835,6.13828729],[52.55311438,6.13793874],[52.55323562,6.13763124],[52.55336877,6.13729235],[52.55344453,6.13711291],[52.55347116,6.13703294],[52.55352436,6.13688568],[52.55352644,6.13687992],[52.55355086,6.13681231],[52.55360688,6.13662374],[52.55368739,6.13637134],[52.55372387,6.13625595],[52.55373562,6.13621875],[52.55382836,6.13594402],[52.55382842,6.13594385],[52.55376957,6.1358487],[52.55370156,6.13569535],[52.55370888,6.13562445],[52.55375973,6.13549163],[52.55383796,6.13529967],[52.5539448,6.1350402],[52.55400442,6.13487813],[52.55402895,6.13480629],[52.55405333,6.13473491],[52.55414262,6.13452874],[52.55433473,6.13409389],[52.55438712,6.13394595],[52.55443911,6.13378395],[52.55448524,6.13366004],[52.55455806,6.13346222],[52.55463923,6.13329172],[52.55463989,6.1332898],[52.55467341,6.13319293],[52.55471862,6.13307683],[52.55476442,6.13294718],[52.55480011,6.13283222],[52.55483688,6.13274381],[52.55486329,6.13268208],[52.55493336,6.13251518],[52.55512327,6.1320137],[52.55517023,6.13186112],[52.55518472,6.13176359],[52.55519605,6.13159891],[52.55520564,6.1313952],[52.55521846,6.13120814],[52.55523986,6.13102253],[52.55526471,6.13082492],[52.55528265,6.13064403],[52.55530589,6.13044485],[52.55530815,6.13038131],[52.55531574,6.13030259],[52.55539549,6.13016996],[52.55548755,6.1300179],[52.5555377,6.12994287],[52.55563109,6.12987463],[52.55573021,6.12981154],[52.55580776,6.12989762],[52.55584283,6.12992952],[52.55586854,6.12989819],[52.55599015,6.12976369],[52.55614354,6.12958635],[52.55619595,6.12951926],[52.55626598,6.12942249],[52.55633673,6.12932386],[52.55642183,6.12906264],[52.55646185,6.12893805],[52.55653992,6.12862241],[52.5565813,6.12867931],[52.55661559,6.12852393],[52.55665935,6.12832422],[52.55669744,6.12814394],[52.55670061,6.12812924],[52.55670163,6.12812423],[52.55671762,6.1280117],[52.55672821,6.127908],[52.55672848,6.12786264],[52.55672583,6.12781795],[52.55671294,6.1277427],[52.55669331,6.12766948],[52.55666504,6.12758384],[52.55663121,6.12749435],[52.55657902,6.12739842],[52.55647686,6.12725013],[52.55637088,6.12710103],[52.55621915,6.12688419],[52.55615591,6.12679162],[52.5561303,6.12675068],[52.55611147,6.1266856],[52.55610646,6.12661133],[52.55610059,6.12638915],[52.55609312,6.12618978],[52.5560942,6.12613192],[52.55610489,6.12597771],[52.55618597,6.12561163],[52.55620993,6.12535418],[52.55619025,6.12524334],[52.55619729,6.12513076],[52.55621465,6.12503697],[52.55623687,6.12492906],[52.55627446,6.12478765],[52.55632719,6.12462495],[52.55641618,6.12436433],[52.55646682,6.1242263],[52.55652082,6.12411008],[52.55657801,6.12400146],[52.55669561,6.12385046],[52.55680767,6.12373207],[52.55699977,6.12353225],[52.5570079,6.12329701],[52.5570172,6.12306634],[52.55701721,6.12306606],[52.5569485,6.12299334],[52.55693073,6.12295299],[52.55692152,6.12287845],[52.55694436,6.12276362],[52.55697364,6.12264587],[52.55699673,6.12258243],[52.5570632,6.1224617],[52.55710496,6.12240798],[52.55715067,6.12237571],[52.55718432,6.12234171],[52.55721688,6.1222721],[52.55720662,6.1221378],[52.55720469,6.12211249],[52.55709597,6.12225269],[52.5571138,6.12220142],[52.55710536,6.12206393],[52.55709737,6.1219805],[52.55706425,6.12189685],[52.55701318,6.12177023],[52.55698414,6.12167015],[52.55697501,6.12156263],[52.55698217,6.12145294],[52.5570033,6.12137303],[52.55707479,6.12111028],[52.55713269,6.12089654],[52.55720625,6.12061897],[52.55730317,6.12024767],[52.55739785,6.11989184],[52.55748462,6.11956164],[52.55758078,6.11924998],[52.55759887,6.11917827],[52.55767476,6.1189977],[52.55765633,6.11894021],[52.55764539,6.11890608],[52.55760533,6.11877628],[52.55754381,6.1185717],[52.5575065,6.11845002],[52.5574639,6.11831111],[52.55739754,6.11808103],[52.55750194,6.1179866],[52.55759802,6.1179014],[52.55772914,6.11777649],[52.55790875,6.1176143],[52.55804802,6.11748677],[52.55814406,6.11740883],[52.55837702,6.11728456],[52.558426,6.11725843],[52.5584959,6.11721865],[52.5584609,6.11712056],[52.5584392,6.1170597],[52.55855753,6.11698427],[52.55846081,6.11653766],[52.55854127,6.11654662],[52.55863082,6.11657485],[52.55869432,6.11659199],[52.55870156,6.11648128],[52.5587255,6.11635213],[52.55873789,6.11629813],[52.55876088,6.11619785],[52.5587777,6.1161588],[52.55881511,6.11607188],[52.55886936,6.11595877],[52.55892829,6.11587613],[52.55899143,6.11579449],[52.55903873,6.11574919],[52.55914361,6.11565285],[52.55927407,6.1155365],[52.5593854,6.11544595],[52.55956974,6.11531989],[52.55970509,6.11523467],[52.55980521,6.1151812],[52.55991542,6.11512132],[52.55998919,6.11507393],[52.56004336,6.11504144],[52.56006581,6.11502],[52.56012202,6.11496638],[52.56025467,6.11483238],[52.56037145,6.11471062],[52.56041974,6.11464691],[52.56045679,6.11458888],[52.56053328,6.11433653],[52.56054236,6.1143105],[52.56060533,6.11413006],[52.5606704,6.11391405],[52.56068641,6.11385821],[52.56071502,6.11373369],[52.56074054,6.1136436],[52.56076281,6.11355422],[52.56078022,6.11342648],[52.56077492,6.11332951],[52.56077341,6.11326694],[52.56085209,6.11322791],[52.56089504,6.11320497],[52.56090327,6.11320058],[52.56104645,6.11313369],[52.56095075,6.11294144],[52.56086796,6.11273275],[52.56082598,6.1125793],[52.56082007,6.11254974],[52.56080401,6.11246949],[52.5607954,6.11215599],[52.56080322,6.11194261],[52.56082133,6.11162439],[52.56082257,6.11148013],[52.56082337,6.11122587],[52.56082437,6.11108258],[52.5608262,6.1109516],[52.56083877,6.11086444],[52.56085748,6.11076724],[52.56091933,6.11047307],[52.56097681,6.11021589],[52.56101433,6.11006405],[52.56104901,6.10992555],[52.5611146,6.10979058],[52.56117564,6.10977084],[52.56124078,6.10975541],[52.56128378,6.10976557],[52.5613729,6.1098086],[52.56148464,6.10986277],[52.56159765,6.10990876],[52.56169539,6.10993996],[52.56173228,6.10988684],[52.561862,6.10989988],[52.56203093,6.10992175],[52.56233068,6.10996634],[52.56261724,6.11001313],[52.56293828,6.11005681],[52.56317565,6.1101035],[52.56345387,6.11015619],[52.5636689,6.11020036],[52.56388571,6.11023837],[52.56405526,6.11026852],[52.56417084,6.11028598],[52.56431878,6.1103107],[52.56449975,6.11034146],[52.56457447,6.11035851],[52.56457688,6.11035918],[52.56466205,6.11038323],[52.56495091,6.11035103],[52.56532166,6.1103203],[52.56556001,6.11028815],[52.56599796,6.11023479],[52.56615104,6.11021969],[52.56614945,6.11014186],[52.56613259,6.11001825],[52.56615323,6.1100099],[52.56615629,6.11000867],[52.56624483,6.10998342],[52.56633402,6.10996695],[52.56642216,6.10995214],[52.56643836,6.10995076],[52.56651064,6.10995193],[52.56670541,6.10997123],[52.56681445,6.10998343],[52.56696971,6.11000804],[52.56711219,6.1100285],[52.56720847,6.11003958],[52.56739553,6.11005815],[52.56741241,6.11005971],[52.56741428,6.110014],[52.56741477,6.11000226],[52.56741525,6.10999046],[52.5674154,6.10998682],[52.56742298,6.10980292],[52.567426,6.10972931],[52.56749421,6.10807244],[52.56708921,6.10802771],[52.56718289,6.10622796],[52.56724302,6.10506162],[52.56727771,6.10438858],[52.56738817,6.10333561],[52.56728736,6.10330478],[52.56725156,6.10328057],[52.56709591,6.10316582],[52.56670921,6.10291729],[52.56647965,6.10283072],[52.56637744,6.10279061],[52.56629133,6.10275961],[52.56626807,6.10274447],[52.56613757,6.10263015],[52.5660017,6.10251575],[52.56581406,6.10234443],[52.56557126,6.10210897],[52.56531481,6.10186026],[52.56522579,6.10177393],[52.56507414,6.10162685],[52.56493524,6.10149214],[52.56464944,6.10121491],[52.56455604,6.10112432],[52.56415738,6.10095993],[52.5641415,6.10095339],[52.56388274,6.1008467],[52.56376174,6.10078687],[52.5634428,6.10043852],[52.56306802,6.09994651],[52.5626986,6.09944176],[52.56235161,6.09904406],[52.56214118,6.0989477],[52.56180227,6.09879509],[52.56150854,6.09867781],[52.56130756,6.09861969],[52.56121939,6.09861024],[52.56101334,6.09858816],[52.5608268,6.09856738],[52.56077233,6.09857525],[52.56070447,6.09859916],[52.56065758,6.09859911],[52.56062353,6.09859477],[52.56059141,6.09858772],[52.56052773,6.09856187],[52.56036618,6.09850876],[52.56020958,6.09846516],[52.56000709,6.09840093],[52.5599386,6.09836263],[52.55985992,6.0983112],[52.55980081,6.09826522],[52.55975439,6.09821788],[52.55971528,6.09816853],[52.5596723,6.0981246],[52.55963965,6.09809085],[52.55957611,6.09806205],[52.5594839,6.09802961],[52.55942877,6.09801371],[52.55936631,6.09799986],[52.55885808,6.09784346],[52.55878973,6.09780222],[52.55871449,6.09775419],[52.55862948,6.0976842],[52.55856735,6.097626],[52.55851088,6.09756259],[52.55845016,6.09747499],[52.55831497,6.09724773],[52.55819785,6.09701981],[52.55810791,6.09663854],[52.55806755,6.09646476],[52.55800627,6.09621073],[52.55792766,6.09600694],[52.55774283,6.09572865],[52.55763327,6.09556336],[52.55701224,6.09479352],[52.55660186,6.09431241],[52.55578802,6.09335048],[52.55532289,6.09302305],[52.5549526,6.09294797],[52.55482154,6.09292139],[52.55433079,6.0928808],[52.55398588,6.09261887],[52.5536042,6.09246487],[52.55351635,6.09241112],[52.55346057,6.09233016],[52.55286494,6.09126006],[52.55220357,6.09007274],[52.55184068,6.08939963],[52.55186648,6.08933915],[52.55189438,6.08927375],[52.55201568,6.08898928],[52.55205214,6.08888768],[52.55204098,6.08887527],[52.55229391,6.08823201],[52.55235978,6.08805097],[52.55235324,6.08780404],[52.55239601,6.0876844],[52.55248947,6.0875784],[52.55254227,6.08749475],[52.55263102,6.08717079],[52.55265424,6.08708604],[52.55270299,6.0869581],[52.55272783,6.08689125],[52.55278478,6.08675975],[52.55282881,6.08661584],[52.55315808,6.08440342],[52.55384728,6.08112832],[52.55387685,6.08105274],[52.55468876,6.07897783],[52.55498281,6.07822631],[52.55540955,6.07788278],[52.55541776,6.07787617],[52.55563616,6.07709354],[52.55565901,6.07696027],[52.55566596,6.07691961],[52.55591573,6.07546168],[52.5564024,6.07418583],[52.55696283,6.07616289],[52.55809823,6.07522285],[52.55814855,6.07518307],[52.55877014,6.07419192],[52.55891755,6.07395684],[52.55892891,6.07393873],[52.55897381,6.07386702],[52.5591761,6.07354442],[52.55916201,6.07349416],[52.55835166,6.07060427],[52.55827769,6.0703399],[52.55822625,6.07015602],[52.55823699,6.07014858],[52.55841385,6.07002658],[52.55867607,6.06982964],[52.55888583,6.0696431],[52.56173659,6.06747834],[52.56187452,6.06732798],[52.56190358,6.0673069],[52.56218262,6.06709043],[52.56233437,6.06697346],[52.56237418,6.06694265],[52.56240004,6.06692263],[52.56242181,6.06695917],[52.5627273,6.06673751],[52.56283706,6.06662431],[52.56289686,6.06653896],[52.56289786,6.06654259],[52.56321363,6.06632704],[52.56335196,6.06621429],[52.56335724,6.06623472],[52.56360256,6.06603601],[52.56372792,6.06596124],[52.56583516,6.06436438],[52.56596847,6.06420197],[52.56598454,6.06415753],[52.56599831,6.06420149],[52.56619956,6.06405553],[52.56625764,6.06402132],[52.5662352,6.06393793],[52.56638338,6.06383107],[52.56640325,6.06379877],[52.56653982,6.06371046],[52.56714906,6.06325594],[52.56721111,6.06320188],[52.56727995,6.06315379],[52.56448969,6.05315049],[52.56311628,6.0482429],[52.56309246,6.04815779],[52.56178552,6.04343159],[52.5615997,6.04275118],[52.56043535,6.0385796],[52.55980614,6.03632565],[52.55902994,6.03354547],[52.55897957,6.0333651],[52.55940351,6.03303761],[52.55934381,6.0328243],[52.559318,6.03273205],[52.55919404,6.03228916],[52.55904081,6.03174159],[52.557242,6.02538531],[52.55701738,6.02458212],[52.55516123,6.01800969],[52.55456104,6.01844178],[52.55454878,6.0184506],[52.55404824,6.0166438],[52.55404222,6.0166224],[52.554018,6.01653645],[52.55401223,6.01651597],[52.55345044,6.01452162],[52.55344664,6.01450806],[52.55189308,6.00897022],[52.55184782,6.00880891],[52.5515532,6.00775884],[52.55039154,6.00361908],[52.55035557,6.00366779],[52.55011556,6.00384903],[52.5491768,6.00456083],[52.54811129,6.00538773],[52.54803853,6.00544421],[52.54736697,6.00594769],[52.54731637,6.00596453],[52.54690952,6.0062721],[52.54689045,6.00620711],[52.54681615,6.00625354],[52.54649367,6.00649698],[52.54648645,6.00651944],[52.54638207,6.00659492],[52.54626264,6.00666106],[52.54615904,6.00670737],[52.54607184,6.00674757],[52.54604583,6.0067879],[52.54593971,6.00681766],[52.54584866,6.00681889],[52.54573145,6.00687311],[52.54559049,6.00694912],[52.54545719,6.00703894],[52.54526957,6.00718623],[52.54513842,6.00727436],[52.54511814,6.00728803],[52.54502386,6.00775761],[52.54495847,6.00780762],[52.54494632,6.00781691],[52.54459916,6.00932306],[52.54458034,6.00940128],[52.54422861,6.01086335],[52.54417542,6.0110752],[52.54377806,6.01265795],[52.5432777,6.01457017],[52.54329831,6.01455292],[52.54330678,6.01454584],[52.54312579,6.01521884],[52.54273994,6.01663027],[52.54223208,6.01834605],[52.54225164,6.01836175],[52.5422087,6.0185066],[52.54192259,6.019453],[52.54193885,6.0195101],[52.54185127,6.01979053],[52.54182153,6.01977517],[52.54179058,6.01975917],[52.54151246,6.0206439],[52.54121465,6.02158067],[52.54091246,6.02251043],[52.54061886,6.0233955],[52.54037184,6.02412335],[52.54016952,6.02471152],[52.53983364,6.02566772],[52.53961556,6.02627599],[52.53930183,6.02713889],[52.53906306,6.02778443],[52.53906251,6.02778619],[52.53907466,6.02778645],[52.53908443,6.02778666],[52.5389209,6.02822884],[52.53844083,6.02948402],[52.53806061,6.03045514],[52.53789815,6.030465],[52.53781243,6.03046242],[52.53696055,6.03043703],[52.53646201,6.0304221],[52.53540445,6.03037145],[52.53445858,6.03032612],[52.53271924,6.03024285],[52.5327201,6.03028221],[52.5316043,6.03023309],[52.53155718,6.03023712],[52.53124484,6.03021772],[52.53100401,6.03021194],[52.53060038,6.02993167],[52.53055269,6.02989855],[52.53035266,6.03012348],[52.5302177,6.030167],[52.53018916,6.03017621],[52.53017413,6.030181],[52.52914664,6.03017133],[52.52908766,6.03017445],[52.5279365,6.03016642],[52.52716926,6.03016109],[52.5267544,6.03017061],[52.52672422,6.02979284],[52.52672094,6.02975168],[52.52667277,6.0292736],[52.52667165,6.02926237],[52.52666737,6.02921997],[52.52648894,6.02841147],[52.52634276,6.02818699],[52.52639652,6.02760487],[52.52640442,6.02744575],[52.52639579,6.02736605],[52.5263031,6.02694638],[52.5262672,6.02678375],[52.52625367,6.02659196],[52.52625363,6.02658903],[52.52625092,6.02640324],[52.52624524,6.02606707],[52.52626645,6.02574595],[52.52630861,6.02556366],[52.52632378,6.02538693],[52.52630859,6.02516563],[52.52630783,6.02515581],[52.52629669,6.02501219],[52.52630433,6.02491203],[52.52630828,6.02483248],[52.52703378,6.02400451],[52.52736574,6.02364311],[52.52712661,6.02286646],[52.52647921,6.02061639],[52.52591928,6.0186705],[52.5255273,6.01822355],[52.52458413,6.0170547],[52.52414264,6.01655556],[52.52376514,6.01621534],[52.52334981,6.01587942],[52.52277144,6.01551005],[52.52202307,6.0152042],[52.5220018,6.01519683],[52.52141342,6.01499265],[52.52117548,6.01492067],[52.52095025,6.01484038],[52.52076209,6.01480291],[52.52026153,6.01474041],[52.51981582,6.01473326],[52.51942963,6.01471392],[52.51903186,6.01474417],[52.51867835,6.01481756],[52.51814945,6.01499065],[52.5179092,6.01506573],[52.51749539,6.0152959],[52.51730936,6.01541128],[52.51712715,6.01552457],[52.51688524,6.01567783],[52.51648745,6.01597709],[52.51623733,6.016185],[52.51556304,6.01676942],[52.51525117,6.01708517],[52.51387942,6.0188072],[52.51298742,6.02024781],[52.51285396,6.02046999],[52.51276456,6.02063338],[52.51196281,6.02211151],[52.51128184,6.02345855],[52.51099309,6.02409288],[52.51085699,6.02439758],[52.51078236,6.02457053],[52.51042959,6.02547247],[52.51020373,6.02603531],[52.50960137,6.02783166],[52.50960624,6.02785757],[52.50948866,6.02820301],[52.50935116,6.02858111],[52.509191,6.02905202],[52.50903925,6.02955586],[52.50884124,6.03034208],[52.50856564,6.03147167],[52.50843056,6.03203695],[52.50832952,6.03244642],[52.50807378,6.03373516],[52.50777496,6.03502885],[52.50771245,6.03529039],[52.50738716,6.03665133],[52.50697111,6.03811396],[52.5068528,6.03854032],[52.50666147,6.03919106],[52.50647653,6.03980063],[52.50625775,6.04050919],[52.50579376,6.04184636],[52.50559563,6.04240925],[52.50531648,6.04310417],[52.50497613,6.04388727],[52.5047301,6.0444112],[52.50446362,6.0449705],[52.50435681,6.04518021],[52.50429369,6.04530835],[52.50386206,6.04618474],[52.50316642,6.04754572],[52.50253179,6.04876343],[52.50214,6.04957345],[52.50160531,6.0506646],[52.50132205,6.05124263],[52.50058751,6.05270242],[52.50036901,6.05314531],[52.50019724,6.05346875],[52.49968281,6.05441144],[52.49954672,6.05466604],[52.49897798,6.05553592],[52.49877371,6.0558148],[52.49863715,6.0559906],[52.49842787,6.05626],[52.49779513,6.05689483],[52.49719538,6.0574187],[52.49699145,6.05758553],[52.49698648,6.05758961],[52.49685869,6.05769437],[52.49685077,6.05770085],[52.49610033,6.05831453],[52.49600318,6.05839763],[52.49525932,6.05893796],[52.49489946,6.05919426],[52.49478659,6.05927988],[52.49410728,6.05974289],[52.49370499,6.06001299],[52.4926261,6.06058494],[52.49247475,6.06066849],[52.49155352,6.06111409],[52.49071253,6.06157129],[52.49037199,6.06179121],[52.49032619,6.0618208],[52.49009343,6.06194562],[52.48998655,6.06201996],[52.48982949,6.06212921],[52.48982935,6.06212931],[52.48981852,6.06213685],[52.48979224,6.06215484],[52.48954737,6.06232248],[52.4892069,6.06255666],[52.48889994,6.06278308],[52.48864841,6.06297116],[52.48850175,6.06308149],[52.4883445,6.06320017],[52.48827446,6.06325544],[52.48819812,6.06331569],[52.48806178,6.06342327],[52.48790149,6.06355728],[52.48772572,6.06369717],[52.48764718,6.06376075],[52.48758712,6.06381105],[52.48743671,6.06394531],[52.48743218,6.06394976],[52.48697247,6.06440244],[52.48688575,6.06449121],[52.48679833,6.06457597],[52.48671717,6.06465762],[52.4866376,6.06474],[52.48648022,6.06489918],[52.48641215,6.06496514],[52.48631012,6.06507056],[52.48620957,6.06518011],[52.48602512,6.06537768],[52.48584847,6.06556723],[52.48564454,6.06579244],[52.48541563,6.0660615],[52.48527168,6.06623597],[52.48517082,6.06637126],[52.48494754,6.06667194],[52.48455539,6.067209],[52.4843894,6.06743743],[52.48429278,6.06758364],[52.48407312,6.06790514],[52.48391032,6.06814149],[52.48372656,6.06842303],[52.4835726,6.06868823],[52.48342358,6.06894266],[52.48333446,6.06909704],[52.48321992,6.06929341],[52.48311289,6.06947621],[52.48300741,6.0696591],[52.48295611,6.06975708],[52.48281689,6.07002678],[52.48273271,6.07019136],[52.48255388,6.07055187],[52.48245787,6.07073942],[52.48230471,6.07104111],[52.48210752,6.07142541],[52.48196367,6.07173088],[52.48178802,6.07213028],[52.48153896,6.07271306],[52.48137708,6.07311407],[52.48114067,6.07371663],[52.48095184,6.07421751],[52.48079065,6.0746553],[52.48063402,6.07510494],[52.48050173,6.07551161],[52.4803371,6.07604433],[52.48022339,6.07642135],[52.48009852,6.07684596],[52.47998163,6.07727476],[52.47988579,6.07763803],[52.47976665,6.07808431],[52.47973431,6.07822998],[52.47963581,6.07866014],[52.47958846,6.07886464],[52.47954494,6.07905682],[52.47950025,6.07926257],[52.4793888,6.07979186],[52.47927011,6.08039368],[52.4789314,6.08200929],[52.47865071,6.08326681],[52.47851473,6.08387601],[52.47838263,6.08439167],[52.47799595,6.08598665],[52.47771915,6.08681071],[52.4773865,6.08781403],[52.47725427,6.08815531],[52.47704392,6.08868804],[52.47694547,6.08893414],[52.47687653,6.08910672],[52.4768113,6.08926761],[52.4767771,6.08933919],[52.47660599,6.08970404],[52.47649401,6.08993431],[52.47635096,6.0902359],[52.47631791,6.09030492],[52.47628191,6.09037607],[52.4762411,6.09045555],[52.47620198,6.09052589],[52.47603818,6.09083534],[52.47582893,6.09121828],[52.47564215,6.09157899],[52.47547814,6.09188698],[52.4754186,6.09199796],[52.47537719,6.09207081],[52.47524042,6.09230812],[52.47485334,6.0929898],[52.47450396,6.09358746],[52.47415988,6.09417128],[52.47411104,6.09424649],[52.47392054,6.09453201],[52.47368988,6.09487825],[52.47341098,6.09529388],[52.47332151,6.09541149],[52.47318611,6.09559678],[52.47304778,6.09578207],[52.47290677,6.09597584],[52.47281684,6.09609855],[52.47263957,6.09635982],[52.47237989,6.0967378],[52.47208009,6.09714289],[52.47181486,6.09749169],[52.47149028,6.09790121],[52.47118299,6.09827099],[52.47081921,6.09865167],[52.47054837,6.09892432],[52.47031086,6.09914663],[52.47015483,6.09930392],[52.46997093,6.09948344],[52.46967307,6.09976175],[52.4695185,6.09990033],[52.46920047,6.10017523],[52.46893168,6.10039025],[52.46874569,6.1005296],[52.46857273,6.10063735],[52.46846239,6.10069998],[52.46800934,6.10097109],[52.46758491,6.10120776],[52.46727151,6.1013591],[52.46690038,6.10151573],[52.46658197,6.10163164],[52.46634732,6.10170131],[52.46597641,6.10177696],[52.46568159,6.10182754],[52.46558106,6.10184097],[52.46528118,6.10187194],[52.46485455,6.10190255],[52.4646944,6.10190988]]]]},"id":"a1ef1b0f-8827-5b0a-a18b-f114643bbfcf"},{"type":"Feature","properties":{"begin_lifespan_version":"2025-12-31T23:00:00Z","local_id":"GM1711","name":"Echt-Susteren","national_code":"1711","national_level":"3rdOrder","national_level_name":"Gemeente","residence_of_authority":null,"upper_level_unit":"Limburg"},"geometry":{"type":"MultiPolygon","coordinates":[[[[51.02853613,5.85719057],[51.02853148,5.85920574],[51.0288945,5.86182779],[51.02953182,5.86177043],[51.02956465,5.86200939],[51.0295516,5.86222104],[51.02955054,5.86223815],[51.02954528,5.86226544],[51.02949663,5.86230847],[51.02944342,5.86234069],[51.02936364,5.86237223],[51.02933531,5.86237975],[51.02926039,5.86240684],[51.02918586,5.86243893],[51.02916937,5.8624527],[51.02915256,5.86247824],[51.02914025,5.86251012],[51.02913094,5.86258253],[51.02912887,5.86272008],[51.0291195,5.86289211],[51.02909967,5.86314793],[51.02907104,5.8633711],[51.02902806,5.86372903],[51.02901911,5.8638621],[51.02901597,5.86395385],[51.02901532,5.86408187],[51.02902123,5.86421861],[51.02903049,5.86435293],[51.02904436,5.86448443],[51.02906319,5.86462459],[51.02909456,5.86483312],[51.02912269,5.86500599],[51.02914069,5.86514071],[51.02916837,5.86531392],[51.02919363,5.86544234],[51.02922379,5.86557623],[51.02931084,5.86595156],[51.02934761,5.86610983],[51.02940724,5.8663917],[51.02944777,5.86659562],[51.02947457,5.8666094],[51.02959808,5.86665733],[51.02959295,5.86681603],[51.02958679,5.86700622],[51.02959562,5.86704688],[51.02966513,5.86736472],[51.03013763,5.86950665],[51.03019018,5.86967156],[51.03022053,5.86980922],[51.03025532,5.86996766],[51.03026995,5.87011065],[51.03031499,5.8703169],[51.03035351,5.870492],[51.03039544,5.87067945],[51.03043077,5.8708342],[51.03044143,5.87088086],[51.03050234,5.87103027],[51.03051551,5.87108338],[51.03060618,5.87144904],[51.03064808,5.87160781],[51.03072652,5.87146719],[51.03077204,5.87153155],[51.03080072,5.87157233],[51.03077486,5.87161996],[51.03076696,5.87161024],[51.03068451,5.87176113],[51.03074728,5.87197814],[51.03085539,5.87235192],[51.030927,5.87263921],[51.0309425,5.87270408],[51.03098448,5.87287977],[51.03104947,5.87316867],[51.03125324,5.87305981],[51.03126732,5.87304937],[51.03155085,5.8728392],[51.0315591,5.87283634],[51.03166341,5.87331368],[51.03176873,5.87431722],[51.031401,5.87480953],[51.03144773,5.87500611],[51.03144979,5.87509936],[51.031461,5.87514621],[51.0315217,5.87539587],[51.0315602,5.8755542],[51.03157609,5.87561799],[51.03160386,5.87572942],[51.03161723,5.87578214],[51.03173436,5.87623209],[51.03185299,5.87621164],[51.03186611,5.87636267],[51.031932,5.87635435],[51.03189988,5.87645518],[51.03201947,5.87691463],[51.03204182,5.8770005],[51.03258511,5.87712135],[51.03400816,5.87743877],[51.03506587,5.87767498],[51.03561987,5.87779872],[51.03703564,5.87811419],[51.03710893,5.87812893],[51.03727172,5.87812882],[51.03735528,5.87811531],[51.03758352,5.87802821],[51.03764967,5.87798657],[51.03777163,5.8778875],[51.03786939,5.87779116],[51.03795685,5.87768502],[51.0380389,5.87756227],[51.03811038,5.87742888],[51.03819028,5.87724124],[51.03828469,5.87702169],[51.03834574,5.87686851],[51.03838578,5.87675286],[51.0389066,5.87504692],[51.03894666,5.87492816],[51.03899728,5.87481835],[51.0390743,5.87468997],[51.03913811,5.87460795],[51.03920981,5.87453159],[51.03957507,5.87418055],[51.04158803,5.87224584],[51.04166721,5.87216973],[51.04167355,5.872163],[51.04184387,5.87198224],[51.04226417,5.87153609],[51.04230918,5.87148834],[51.04323644,5.87050413],[51.04390724,5.86978466],[51.04502923,5.86859661],[51.04606477,5.86748834],[51.0461619,5.86739025],[51.04627991,5.86728525],[51.04636191,5.86723206],[51.04656786,5.86712396],[51.0466756,5.86708745],[51.04684248,5.86705625],[51.04797927,5.86685675],[51.04859499,5.86674536],[51.04889059,5.8666914],[51.04964386,5.86656063],[51.0503605,5.86643974],[51.0511035,5.86631527],[51.05111624,5.86637219],[51.05121563,5.86681654],[51.05123818,5.86691734],[51.05157045,5.86673699],[51.05157436,5.86680319],[51.05168576,5.86869043],[51.05159035,5.87038784],[51.05157744,5.87169219],[51.05158253,5.87374063],[51.05148471,5.87502206],[51.05148359,5.87503681],[51.05147262,5.87518815],[51.05155579,5.87584519],[51.05180407,5.87934932],[51.05194568,5.88063309],[51.05202859,5.8811959],[51.0520813,5.88205188],[51.05198808,5.88287033],[51.05208237,5.88507507],[51.05210295,5.8858735],[51.05217922,5.88719882],[51.05222699,5.88754176],[51.05233892,5.8881663],[51.05235189,5.88823867],[51.05236308,5.88829658],[51.05250514,5.88903158],[51.05290328,5.89056021],[51.05296765,5.89086927],[51.05312786,5.89200043],[51.05319971,5.89219903],[51.05323119,5.89228603],[51.05323463,5.89229554],[51.05511049,5.89426081],[51.05519088,5.89434439],[51.05590361,5.89508544],[51.05606971,5.89525814],[51.05647182,5.89567624],[51.05714136,5.89637245],[51.05750181,5.89703008],[51.05752117,5.8970654],[51.05755783,5.89713228],[51.05758884,5.89718884],[51.05761532,5.89724088],[51.05879106,5.89955163],[51.05884004,5.89964792],[51.06043152,5.90269564],[51.06183877,5.90562988],[51.0618459,5.90564473],[51.06189824,5.90573365],[51.06267681,5.90705631],[51.06411615,5.90916057],[51.06465963,5.90995516],[51.06466281,5.90995982],[51.06688305,5.91320778],[51.06628442,5.91434038],[51.06467499,5.9173721],[51.06402492,5.91859608],[51.06395287,5.91873172],[51.06244635,5.919693],[51.06100488,5.92037926],[51.06090425,5.92042716],[51.05842551,5.92160687],[51.05643884,5.92254586],[51.05446783,5.92347967],[51.05243502,5.9244415],[51.05070593,5.92521126],[51.05066404,5.92523045],[51.05008107,5.92549075],[51.04836016,5.92625925],[51.04834665,5.92626323],[51.04825351,5.9263062],[51.04823099,5.92631663],[51.04750286,5.92719125],[51.04692864,5.92807834],[51.04676628,5.9282755],[51.04651822,5.92857675],[51.04594025,5.92927847],[51.04556284,5.92973667],[51.04481394,5.93064573],[51.04444328,5.93109581],[51.04410453,5.93150703],[51.04371947,5.93192227],[51.04330053,5.93237418],[51.04299398,5.93270464],[51.042669,5.93305512],[51.04243039,5.93331237],[51.04191106,5.93387242],[51.0416916,5.93410907],[51.04161282,5.93419412],[51.04137448,5.93445107],[51.04122956,5.93460734],[51.04029718,5.93516729],[51.04011969,5.93527397],[51.0397152,5.93551696],[51.03948353,5.93565607],[51.0392816,5.93577728],[51.03899746,5.93594798],[51.03878246,5.93607716],[51.03829522,5.93636977],[51.03828684,5.9363748],[51.03829745,5.936411],[51.03629878,5.9379021],[51.03511727,5.93812949],[51.03512482,5.93816693],[51.03532503,5.93918268],[51.03536769,5.93939889],[51.03543079,5.93971899],[51.03549978,5.94006853],[51.03554718,5.94030847],[51.03558623,5.94050654],[51.03565162,5.94083779],[51.03555131,5.94085369],[51.03558395,5.94126638],[51.03559404,5.9413931],[51.0356087,5.94157862],[51.03568104,5.9417902],[51.03593706,5.94253933],[51.03603572,5.94282794],[51.03608199,5.94296336],[51.03609441,5.94299973],[51.03623818,5.94302883],[51.03658643,5.94309919],[51.03662623,5.94346094],[51.03666637,5.94382469],[51.03667033,5.94386109],[51.03667902,5.94425982],[51.03668551,5.94455601],[51.03672963,5.94482389],[51.03676071,5.94501258],[51.03680262,5.94526843],[51.0368396,5.94548544],[51.03689102,5.94576493],[51.03702968,5.94651952],[51.03662185,5.94644471],[51.03674797,5.94780293],[51.03679162,5.94827323],[51.03682681,5.94857976],[51.03690927,5.94929732],[51.03696723,5.9498013],[51.03684716,5.95127615],[51.03677248,5.95164163],[51.03665701,5.95220622],[51.0365293,5.95400644],[51.03629953,5.954449],[51.03627594,5.95449433],[51.03616075,5.95466813],[51.03613222,5.95471126],[51.03590057,5.95506083],[51.0358413,5.9551043],[51.03576787,5.95515828],[51.03576173,5.95516277],[51.03547665,5.95537324],[51.03535098,5.95546593],[51.03515314,5.9556119],[51.03503216,5.95570122],[51.03500033,5.95584838],[51.0349216,5.95621209],[51.03508201,5.95631358],[51.03507565,5.95633703],[51.03495365,5.9567873],[51.03487125,5.95707441],[51.03471404,5.95762219],[51.03472291,5.95773606],[51.03472612,5.9577783],[51.0349881,5.95773464],[51.03512822,5.95779169],[51.03532164,5.95787036],[51.03604919,5.95809194],[51.03611804,5.95811289],[51.03626603,5.95819784],[51.0366373,5.95841102],[51.03726982,5.95896477],[51.03823869,5.95946739],[51.03850952,5.95930608],[51.03879441,5.95906239],[51.03892982,5.95894644],[51.03992162,5.95826139],[51.03995581,5.95823772],[51.04062266,5.95797266],[51.0409323,5.95784945],[51.04098112,5.95783009],[51.04112593,5.95817722],[51.04120313,5.9583624],[51.04148866,5.95904678],[51.04161883,5.95941027],[51.04179031,5.95988892],[51.04184537,5.96004274],[51.04189361,5.96017723],[51.04193138,5.96028279],[51.04200621,5.96049175],[51.04198341,5.9612302],[51.0419787,5.96138428],[51.04197387,5.96154235],[51.04196948,5.96168317],[51.04199044,5.96171722],[51.04245305,5.96247015],[51.04274658,5.96258974],[51.04283171,5.96262431],[51.04368529,5.96383958],[51.04380024,5.96449523],[51.04369398,5.96473031],[51.04358573,5.96496994],[51.04405843,5.96578664],[51.04405902,5.96653212],[51.0441371,5.96690028],[51.04418385,5.96697074],[51.04475921,5.96783783],[51.04497547,5.96787563],[51.04588275,5.96801469],[51.04625029,5.9682164],[51.04636692,5.96828047],[51.04628097,5.96855275],[51.04677221,5.9691978],[51.04718648,5.96879391],[51.04779027,5.96850548],[51.04786335,5.96847061],[51.04792651,5.96844075],[51.04809639,5.96846214],[51.04827243,5.96856134],[51.04848694,5.96882458],[51.04862512,5.96901742],[51.04878894,5.969134],[51.04914373,5.96929764],[51.04958538,5.96864807],[51.04981437,5.96847755],[51.04989766,5.96848658],[51.05003107,5.96850096],[51.05085716,5.96821461],[51.05107085,5.96822814],[51.05137901,5.96845665],[51.05182495,5.96903174],[51.05228035,5.96938648],[51.0528178,5.96965555],[51.05344539,5.96981937],[51.05360113,5.96997109],[51.05363924,5.97000823],[51.05387253,5.97023553],[51.0541855,5.97031137],[51.05459838,5.97013047],[51.0549282,5.96960779],[51.05507324,5.9689892],[51.05556223,5.9681135],[51.05615565,5.96892699],[51.05660011,5.96950898],[51.05691485,5.97012841],[51.05723129,5.97037276],[51.05801758,5.97077981],[51.05830912,5.97088021],[51.05922587,5.97088784],[51.05971953,5.97078369],[51.06023526,5.97060008],[51.06051623,5.96999556],[51.06070392,5.96997839],[51.06093415,5.97027857],[51.06144404,5.97073693],[51.06163271,5.97096984],[51.0619135,5.9717253],[51.06187596,5.97187874],[51.06290645,5.97316184],[51.06306936,5.97406247],[51.06310321,5.97433694],[51.06315821,5.97478286],[51.0632081,5.97481759],[51.06349564,5.97501769],[51.06448845,5.97588986],[51.0645298,5.97592606],[51.0645391,5.97593431],[51.06464567,5.9761187],[51.0647393,5.97653431],[51.06541318,5.97736864],[51.06562489,5.97763071],[51.06597921,5.97802429],[51.0661325,5.9781946],[51.06636925,5.9784102],[51.06643806,5.97847286],[51.06688523,5.97874381],[51.06770238,5.97866315],[51.06899608,5.98089628],[51.06902183,5.98094084],[51.06947793,5.9817297],[51.06975427,5.98141183],[51.06992155,5.98121939],[51.07016334,5.98094115],[51.07032167,5.98075915],[51.07045576,5.98060522],[51.0706603,5.98036973],[51.07075587,5.9802601],[51.07084801,5.98015414],[51.07107343,5.97989495],[51.07118649,5.97976494],[51.07118926,5.97976175],[51.07134363,5.97958111],[51.07139111,5.97971855],[51.07174098,5.97991804],[51.07175514,5.98005258],[51.07189157,5.98018256],[51.07199621,5.98021857],[51.07219533,5.98019064],[51.07220523,5.98018926],[51.07231715,5.980294],[51.07245971,5.98053454],[51.07253432,5.98092805],[51.07305566,5.98139428],[51.07317674,5.9817642],[51.07319349,5.98195523],[51.07313201,5.98231174],[51.07332911,5.98304207],[51.07338464,5.98354547],[51.07356169,5.98427015],[51.07358585,5.98498152],[51.07460832,5.98840157],[51.07461392,5.98845178],[51.07551842,5.98897983],[51.07615025,5.98945522],[51.0763619,5.98964592],[51.07749801,5.99056906],[51.07788405,5.99085687],[51.07930071,5.99180239],[51.07935703,5.99183974],[51.0795029,5.99194366],[51.07985485,5.99219437],[51.0803254,5.99271296],[51.08206094,5.99470866],[51.0831566,5.99618611],[51.08354046,5.99678513],[51.08424574,5.99779355],[51.08480681,5.99924755],[51.08520843,5.99984499],[51.08600838,6.00192782],[51.0864079,6.00285696],[51.08679206,6.00382503],[51.08763178,6.00531661],[51.08842152,6.00632035],[51.08892558,6.00713197],[51.0892763,6.00782212],[51.08961323,6.00832044],[51.09004662,6.00882609],[51.09044845,6.00914253],[51.0905747,6.0092581],[51.09084423,6.00952368],[51.09089725,6.00969457],[51.09106977,6.0102126],[51.09108104,6.01027943],[51.09118697,6.01088265],[51.09119024,6.01091301],[51.0911841,6.01093187],[51.09095308,6.01199816],[51.09095181,6.0126721],[51.09142397,6.01401517],[51.09145915,6.01408585],[51.0916502,6.01437451],[51.09191867,6.01468634],[51.09232505,6.0156375],[51.09235755,6.01571355],[51.09309233,6.01633244],[51.09344842,6.01663236],[51.09377347,6.01690616],[51.09457265,6.01757492],[51.09440194,6.01786733],[51.0938988,6.01867639],[51.09378172,6.01887728],[51.09360641,6.01920943],[51.09331731,6.01977914],[51.09307643,6.0202416],[51.09294119,6.02049886],[51.09283833,6.02067561],[51.09298588,6.02137089],[51.09325766,6.02248296],[51.09337627,6.02393142],[51.09367762,6.02448711],[51.09396147,6.02501057],[51.09418832,6.02574223],[51.09423909,6.02590594],[51.09433543,6.02654447],[51.09439889,6.026965],[51.0944219,6.02711756],[51.09445417,6.02733138],[51.09452832,6.02782281],[51.09453017,6.02787194],[51.09453837,6.02808965],[51.09456539,6.02880717],[51.09458237,6.02925813],[51.09458874,6.0293366],[51.09460104,6.02948797],[51.09461379,6.02964512],[51.09462753,6.02981424],[51.09463492,6.02990537],[51.0946568,6.02999159],[51.09511459,6.0317822],[51.09512029,6.03180451],[51.09551572,6.03356224],[51.09555092,6.03371872],[51.09556995,6.03379369],[51.09572035,6.03438647],[51.09589591,6.03507843],[51.09590418,6.03509636],[51.09590734,6.03510323],[51.0960464,6.03540624],[51.09653146,6.03646317],[51.09658562,6.03649074],[51.09664278,6.03648762],[51.09670542,6.03644778],[51.09669995,6.03641968],[51.09709714,6.03605215],[51.09711562,6.03603516],[51.09722517,6.03591441],[51.09736836,6.03574701],[51.09746998,6.03561373],[51.09768556,6.0353313],[51.09801106,6.03490561],[51.09810483,6.03478308],[51.09821733,6.03463607],[51.09843899,6.03434654],[51.09873035,6.03396609],[51.09877306,6.03388885],[51.09881351,6.03385408],[51.0988683,6.03378396],[51.09896559,6.03365943],[51.09906651,6.03353027],[51.09916145,6.03340877],[51.09933925,6.03318123],[51.09990318,6.0324596],[51.10021367,6.03206232],[51.10030015,6.03195166],[51.10050757,6.0317225],[51.10059732,6.03162333],[51.10080578,6.03141035],[51.10094098,6.03127221],[51.10103766,6.03117341],[51.10113486,6.0310741],[51.10124987,6.0309566],[51.10142913,6.03077344],[51.10145458,6.03074975],[51.1015159,6.03069269],[51.10156896,6.0306433],[51.10166493,6.03057277],[51.10174138,6.03046922],[51.10176746,6.03045816],[51.10202304,6.03034966],[51.10247992,6.0302336],[51.1025583,6.03022631],[51.10267412,6.03021552],[51.10307765,6.03008831],[51.10332245,6.02998544],[51.10332409,6.0299846],[51.10388526,6.02969555],[51.10424374,6.02951094],[51.10611947,6.02854745],[51.10633967,6.02843862],[51.10655358,6.02835447],[51.10678018,6.02828702],[51.10698703,6.02824527],[51.10715577,6.0282139],[51.10713121,6.02767503],[51.10712336,6.02750327],[51.10683834,6.02543991],[51.10663575,6.02397473],[51.10906267,6.02263969],[51.10910734,6.02271656],[51.10959172,6.02366802],[51.1096082,6.0237004],[51.10987014,6.02421702],[51.11004975,6.02411588],[51.11009832,6.02408956],[51.11029652,6.0239649],[51.111868,6.02297102],[51.11192894,6.02293598],[51.11197001,6.02291846],[51.1120104,6.02290724],[51.11203103,6.02291812],[51.11207118,6.02280278],[51.11337135,6.02198324],[51.11670671,6.01334959],[51.11677971,6.01316058],[51.11679637,6.01300281],[51.11679714,6.01299553],[51.11679772,6.01296132],[51.11679805,6.01294236],[51.11680215,6.0128234],[51.11683128,6.01285338],[51.11686634,6.01289093],[51.11751615,6.01368413],[51.11761684,6.01377282],[51.11778663,6.01390155],[51.11785143,6.01393044],[51.11792557,6.01394833],[51.11727693,6.0116765],[51.11680875,6.01003632],[51.11679216,6.00997823],[51.11644868,6.00877263],[51.1164337,6.00872002],[51.11633249,6.0083648],[51.11631542,6.00830594],[51.11624847,6.00807503],[51.11622887,6.00800744],[51.11512893,6.00420405],[51.11427316,6.00124139],[51.11413617,6.00076576],[51.11425769,6.0007317],[51.11628393,5.99938826],[51.11638309,5.99932336],[51.11883662,5.9977037],[51.11860652,5.99693341],[51.11927979,5.99587324],[51.11923812,5.99578011],[51.11961095,5.9944871],[51.11964359,5.99403274],[51.11970804,5.99352782],[51.12040922,5.99090326],[51.12029618,5.9872687],[51.12025488,5.98676551],[51.12026629,5.98646899],[51.12036536,5.98599247],[51.12065512,5.9848068],[51.11920107,5.9838816],[51.11919927,5.98388045],[51.11892502,5.9836473],[51.11860262,5.98337325],[51.11844829,5.98324205],[51.11814717,5.98303123],[51.11809487,5.98298881],[51.11815025,5.98287499],[51.11857133,5.98223074],[51.11860657,5.98216046],[51.11860879,5.98206545],[51.11857132,5.98200134],[51.11854257,5.98199682],[51.11768379,5.98088074],[51.1173506,5.98044775],[51.11628302,5.97906048],[51.11625278,5.97902117],[51.11584291,5.97848857],[51.11594238,5.97826882],[51.11644923,5.9773039],[51.11709139,5.97608086],[51.11702925,5.97597965],[51.11653348,5.97517239],[51.11646338,5.97505543],[51.11607244,5.97440312],[51.11595869,5.97421419],[51.11595801,5.97421306],[51.11469444,5.97212637],[51.11508032,5.9714211],[51.11530907,5.97100303],[51.11578924,5.9701254],[51.11586485,5.96998716],[51.11598606,5.96976563],[51.11618413,5.96940356],[51.11627496,5.96923751],[51.11652338,5.96878996],[51.11671301,5.96844834],[51.11686966,5.9681661],[51.11695522,5.96801195],[51.11722084,5.96753337],[51.11739113,5.96722656],[51.11743531,5.96714695],[51.117914,5.96628445],[51.11809223,5.96596336],[51.11821573,5.96574085],[51.11844222,5.96532909],[51.11838254,5.96517058],[51.11817634,5.96464503],[51.11755885,5.96306346],[51.11753793,5.96300974],[51.11747893,5.96285827],[51.11719462,5.96212723],[51.11712224,5.96194033],[51.11703676,5.96171985],[51.11696899,5.96154516],[51.11694601,5.96164014],[51.11674586,5.96211682],[51.1164882,5.96260259],[51.11645865,5.96265829],[51.11602868,5.96156051],[51.11582829,5.9610489],[51.11592747,5.96086151],[51.11605418,5.96062212],[51.11611496,5.96050727],[51.11597216,5.95993602],[51.11596915,5.95992398],[51.11595483,5.95986671],[51.11587044,5.95952913],[51.11562749,5.95860569],[51.11555432,5.95865485],[51.11554192,5.95866318],[51.11545882,5.95871903],[51.11542604,5.9585901],[51.11479166,5.95609177],[51.11478269,5.95605646],[51.11471094,5.95607162],[51.11468845,5.95607637],[51.11445169,5.95617852],[51.11416091,5.95634842],[51.1138222,5.95656928],[51.11377433,5.95639456],[51.11319953,5.95423531],[51.11345665,5.9540606],[51.11393969,5.95373959],[51.11418711,5.95357516],[51.11452537,5.95335038],[51.11328297,5.95200898],[51.11319788,5.95191314],[51.1131952,5.95191012],[51.11311776,5.95186422],[51.11311669,5.95186359],[51.11308244,5.95184955],[51.11298594,5.9514129],[51.1129601,5.95129943],[51.11293221,5.95117691],[51.11289332,5.95100775],[51.11284803,5.95081795],[51.11283825,5.95076605],[51.11279332,5.95049294],[51.11276712,5.95033431],[51.1127546,5.95025503],[51.11271148,5.9499907],[51.11263186,5.94918238],[51.11259988,5.94845884],[51.11258143,5.9480889],[51.1126145,5.94790622],[51.11272205,5.94767934],[51.11282349,5.94753065],[51.1129861,5.94786308],[51.11334254,5.94751848],[51.11345487,5.94741545],[51.11342439,5.94735766],[51.11331579,5.94699507],[51.11322062,5.94657547],[51.11321117,5.94644382],[51.11322932,5.9463725],[51.11313469,5.9455908],[51.11310016,5.94543451],[51.11306504,5.94511357],[51.11306473,5.94511077],[51.11306012,5.94506864],[51.11305998,5.94506728],[51.11303753,5.94486216],[51.11301747,5.94467885],[51.11288755,5.94349192],[51.11286516,5.94328741],[51.11283841,5.94304304],[51.11283452,5.94300748],[51.11279883,5.94268144],[51.11272674,5.94106312],[51.11271663,5.94086881],[51.11270338,5.94060089],[51.11269956,5.94053634],[51.11269305,5.94042619],[51.11281714,5.94045833],[51.11284424,5.94047176],[51.11285367,5.94047643],[51.11307298,5.94058507],[51.1132351,5.94066236],[51.11333694,5.94074979],[51.11348777,5.94086711],[51.11357981,5.94096367],[51.11382674,5.94134062],[51.11410685,5.94087181],[51.11432878,5.94050038],[51.11432428,5.94017436],[51.11427676,5.93674017],[51.11427672,5.93673732],[51.11423848,5.93397861],[51.11423838,5.93397177],[51.11423764,5.9339182],[51.11423134,5.93346388],[51.11421714,5.93244125],[51.11420978,5.93191061],[51.11418709,5.93184828],[51.11418607,5.93184548],[51.11416057,5.93177542],[51.11405227,5.93039777],[51.11396319,5.92919467],[51.11386826,5.92799529],[51.11378425,5.9269105],[51.11377406,5.92675484],[51.11381452,5.92666376],[51.11384917,5.92659447],[51.11429802,5.92582461],[51.1144293,5.92563871],[51.11452963,5.92550542],[51.1145684,5.92546054],[51.1147918,5.92520195],[51.11494995,5.92501886],[51.11534087,5.92456584],[51.11536698,5.92453544],[51.11573243,5.92410998],[51.11574455,5.92409597],[51.11578656,5.92404737],[51.11582316,5.92400504],[51.11582341,5.92400476],[51.11608675,5.9237002],[51.11650991,5.92320615],[51.11694997,5.92270002],[51.1169696,5.92267745],[51.11698469,5.92265991],[51.11702723,5.92261047],[51.11735948,5.92222432],[51.11785046,5.92166156],[51.11851665,5.92089564],[51.11869433,5.92072195],[51.11875296,5.92066465],[51.11875498,5.92066329],[51.11877365,5.92065068],[51.11891589,5.92053678],[51.11906232,5.92043952],[51.11948218,5.92015207],[51.11996171,5.91982994],[51.12023834,5.91964231],[51.12028132,5.91961314],[51.12023948,5.91940534],[51.12038536,5.91934795],[51.12051778,5.91930055],[51.12056205,5.91928385],[51.12071144,5.91922752],[51.12122702,5.91902452],[51.12174707,5.91880419],[51.12211128,5.91865657],[51.12261682,5.91844418],[51.12280471,5.91836115],[51.12293808,5.91827243],[51.12294353,5.91826854],[51.12302052,5.91821342],[51.12307809,5.91817563],[51.12316969,5.91811408],[51.12376857,5.91769437],[51.1238026,5.91764233],[51.12430665,5.91728393],[51.12430809,5.91728293],[51.12434153,5.91725978],[51.12434298,5.91725876],[51.12467972,5.91702557],[51.12491791,5.91684512],[51.12589701,5.91615166],[51.12701303,5.91536242],[51.12705688,5.91533623],[51.12823049,5.91450948],[51.12827754,5.91441367],[51.12829656,5.91437247],[51.12871976,5.9145143],[51.1291072,5.91465993],[51.12910033,5.91469408],[51.12923748,5.91480432],[51.12935007,5.91491023],[51.12945482,5.91503936],[51.13026583,5.91610504],[51.13045189,5.91638662],[51.13100926,5.91578582],[51.13160714,5.9151444],[51.13227949,5.91442318],[51.13238167,5.91431476],[51.13302484,5.91374868],[51.13319996,5.91388835],[51.13323522,5.91387456],[51.133195,5.91381093],[51.13297179,5.91345114],[51.13240863,5.91255782],[51.13179305,5.91156303],[51.13183894,5.91150994],[51.13198256,5.9113438],[51.13199778,5.9113262],[51.13203694,5.91128213],[51.13230789,5.91096865],[51.13295061,5.910225],[51.13297752,5.91028233],[51.13320006,5.91002473],[51.13324623,5.90997128],[51.13327893,5.90993237],[51.13333926,5.90986115],[51.1333728,5.90982156],[51.1334199,5.90976598],[51.13348564,5.90968839],[51.13348928,5.90968409],[51.13368635,5.90945154],[51.13398117,5.9091036],[51.13401602,5.90906245],[51.13406645,5.9090029],[51.13407864,5.90898851],[51.13408923,5.908976],[51.13409159,5.9089732],[51.13466164,5.90830012],[51.13483574,5.90809455],[51.13483554,5.90809407],[51.13478822,5.90798565],[51.13453008,5.90739806],[51.13427391,5.90681176],[51.1340179,5.90622706],[51.13392145,5.90600777],[51.13376046,5.90564172],[51.13350843,5.90505217],[51.13328261,5.90451207],[51.13321478,5.90434772],[51.13311946,5.90392476],[51.13308617,5.90382167],[51.13305241,5.90374087],[51.13298081,5.90358551],[51.13297391,5.90354649],[51.13294758,5.90346944],[51.13302224,5.90338527],[51.13326932,5.90307221],[51.13336369,5.90295263],[51.13342627,5.90286058],[51.13369407,5.9024718],[51.13390221,5.9021282],[51.13407395,5.90180636],[51.13413453,5.90166573],[51.13420975,5.90146082],[51.1343418,5.90102003],[51.13439031,5.90082078],[51.13445552,5.90049577],[51.13449875,5.90022423],[51.13451954,5.90004865],[51.13455723,5.8997611],[51.13460551,5.8993736],[51.13467675,5.89881072],[51.13472303,5.89855333],[51.13483236,5.89827393],[51.13504715,5.89802952],[51.13531528,5.89789515],[51.13572112,5.8978169],[51.1359546,5.89777566],[51.13596217,5.89611393],[51.13555323,5.89579832],[51.13531595,5.8955256],[51.13525492,5.89524848],[51.13516017,5.89481822],[51.1352415,5.89442039],[51.13534041,5.89418202],[51.13545045,5.89400735],[51.13515303,5.89354828],[51.13442942,5.89073403],[51.13440292,5.89063099],[51.13445586,5.89060672],[51.13459255,5.89053848],[51.1348849,5.89039585],[51.13445316,5.88794436],[51.13441563,5.88785037],[51.13422074,5.88732977],[51.13442238,5.88715473],[51.13453739,5.88704451],[51.13456389,5.88702335],[51.13461027,5.88697798],[51.13469746,5.88689974],[51.13470622,5.88688769],[51.13480069,5.88678896],[51.13487105,5.88672169],[51.13487322,5.88671585],[51.13489252,5.8866999],[51.13500893,5.8866165],[51.13500967,5.88661597],[51.13489158,5.88634154],[51.13425753,5.88485621],[51.13424717,5.88483193],[51.13390524,5.88402862],[51.13369239,5.88352811],[51.13358708,5.88328044],[51.133534,5.88315609],[51.13339911,5.88283856],[51.13337584,5.88283761],[51.13369212,5.8825621],[51.13407208,5.88223066],[51.13469776,5.88168464],[51.13470553,5.88167787],[51.13475633,5.88163354],[51.13483108,5.88156831],[51.13475651,5.88027988],[51.13471122,5.88028658],[51.13461459,5.87868192],[51.13460658,5.87854919],[51.13451154,5.87850658],[51.13466902,5.87666101],[51.1346986,5.87631457],[51.13464663,5.87630366],[51.13431496,5.87623375],[51.13445689,5.87457309],[51.13424968,5.87430231],[51.13434418,5.87411175],[51.13437174,5.87405618],[51.13473399,5.87318392],[51.13479136,5.87304575],[51.1351087,5.87228164],[51.13138831,5.86938327],[51.13063523,5.86879665],[51.12833267,5.86700944],[51.12542289,5.86473586],[51.12421526,5.86378628],[51.12340199,5.86315474],[51.12058972,5.86094426],[51.11730382,5.85837577],[51.11563124,5.85702512],[51.11447366,5.85601226],[51.11132896,5.85326785],[51.10911271,5.85131045],[51.10920843,5.85102023],[51.10923335,5.85094466],[51.10935273,5.85058115],[51.10941487,5.85039272],[51.10964263,5.84970218],[51.10969254,5.84974627],[51.10979791,5.84946644],[51.10984542,5.84934027],[51.10990506,5.84909769],[51.10992293,5.84902502],[51.10985035,5.84890934],[51.10982495,5.84886884],[51.10977893,5.84880607],[51.1097328,5.84876385],[51.10963631,5.84872123],[51.10953505,5.8486765],[51.1094947,5.84865868],[51.10938342,5.84860951],[51.1092434,5.84850659],[51.10863277,5.84797755],[51.10859152,5.84794181],[51.10859089,5.84794126],[51.10853198,5.84789022],[51.10802669,5.84745245],[51.10781953,5.84727171],[51.10747734,5.84697311],[51.10705653,5.84660557],[51.10696322,5.84652408],[51.10693418,5.84649872],[51.10692616,5.84649171],[51.10673385,5.84632197],[51.10640236,5.84602941],[51.10632444,5.84596064],[51.10607028,5.84566234],[51.10579575,5.84534016],[51.10584487,5.84525312],[51.105787,5.84519775],[51.10570879,5.84512295],[51.10566109,5.84507733],[51.10555979,5.84490785],[51.10550946,5.84498545],[51.10546726,5.84493316],[51.10530942,5.84473758],[51.10526287,5.84467989],[51.10523592,5.84458573],[51.10518785,5.84441784],[51.1051403,5.84425174],[51.10504545,5.84392043],[51.10503455,5.84384716],[51.10494372,5.84323596],[51.10485159,5.84261613],[51.10475533,5.84266508],[51.10462863,5.84200323],[51.10458791,5.84184791],[51.10456915,5.84177636],[51.10454833,5.84169694],[51.10443204,5.84142188],[51.1043312,5.84110495],[51.10431728,5.84106123],[51.10429866,5.84094745],[51.1042748,5.84080161],[51.10430613,5.84044811],[51.1042972,5.84028063],[51.10423848,5.84006499],[51.10422095,5.84003559],[51.10418351,5.83997276],[51.10401955,5.83969761],[51.10401125,5.83967314],[51.10391694,5.8393952],[51.10387044,5.8393434],[51.10380766,5.83916777],[51.1037986,5.83903073],[51.10352938,5.83830301],[51.10333861,5.83789258],[51.10324259,5.83766521],[51.10307843,5.8373737],[51.10291875,5.83710038],[51.1025686,5.83669097],[51.10228277,5.83631564],[51.1019631,5.83597335],[51.10189361,5.8359293],[51.10177333,5.8357888],[51.10160649,5.83558842],[51.10153275,5.83553231],[51.10148336,5.83553975],[51.10141293,5.83546866],[51.10135523,5.83541042],[51.10134576,5.83534356],[51.1011328,5.83514511],[51.10105499,5.83508603],[51.10088998,5.83502666],[51.10055735,5.83487079],[51.10046378,5.83479156],[51.10032002,5.83472607],[51.10003619,5.83462631],[51.09968228,5.83444283],[51.09964133,5.83449184],[51.09959734,5.83469128],[51.0995626,5.83473699],[51.09946981,5.83471137],[51.09950508,5.83413657],[51.09951377,5.83399484],[51.09952404,5.8338274],[51.099528,5.83378692],[51.09953771,5.83368761],[51.09955535,5.8335073],[51.09910438,5.83334938],[51.09823953,5.83286949],[51.09736414,5.83242108],[51.09732517,5.83239161],[51.09652264,5.83178482],[51.09572253,5.83099912],[51.09506564,5.83002938],[51.09442163,5.82898699],[51.09381513,5.82793271],[51.09324479,5.8268504],[51.09268555,5.82555725],[51.09235012,5.82414307],[51.09232434,5.82265948],[51.09266882,5.82132922],[51.09334736,5.82028174],[51.09377388,5.81900291],[51.09426855,5.81781476],[51.09470362,5.8165274],[51.09516906,5.81526555],[51.09530525,5.81484668],[51.09558474,5.81398709],[51.09593007,5.81262288],[51.09618235,5.81125836],[51.09631012,5.80974579],[51.09633908,5.808258],[51.09617867,5.80678161],[51.09591908,5.80533674],[51.09552496,5.80394962],[51.09515094,5.80259411],[51.0946942,5.80136635],[51.0942016,5.80005822],[51.09351651,5.7987541],[51.09304943,5.7981533],[51.09286545,5.79791666],[51.09222475,5.79701796],[51.0914785,5.79602271],[51.09071569,5.79543985],[51.08962273,5.79510715],[51.08885128,5.79534423],[51.08785012,5.79582362],[51.08698926,5.79643425],[51.08618068,5.79713053],[51.08578349,5.79884791],[51.08508254,5.79968211],[51.08444059,5.80068221],[51.08372852,5.80173204],[51.08302098,5.80256581],[51.08220958,5.80338606],[51.08140271,5.80399539],[51.08053173,5.80450666],[51.07963353,5.80486554],[51.07878737,5.80497516],[51.07818238,5.80490808],[51.07792936,5.80488004],[51.07692545,5.80419129],[51.07645014,5.80320912],[51.07600866,5.80213866],[51.07567967,5.80050163],[51.07500691,5.79924822],[51.07428644,5.79838795],[51.07353916,5.79753602],[51.0727466,5.79690174],[51.07182444,5.79662016],[51.0708996,5.79768085],[51.07011104,5.79812637],[51.06911341,5.79803828],[51.06817509,5.79825789],[51.06743238,5.79913277],[51.06666374,5.79979112],[51.06578542,5.80024974],[51.06491832,5.8006374],[51.06401963,5.80105858],[51.06305968,5.80116778],[51.06211181,5.80088637],[51.06118763,5.80034244],[51.06034434,5.79972223],[51.06007184,5.79933888],[51.05999153,5.79946398],[51.0599485,5.799531],[51.05992323,5.79957037],[51.05989988,5.79960674],[51.05988949,5.79962296],[51.05925851,5.80060787],[51.05930961,5.80066053],[51.05934427,5.80068716],[51.0593586,5.80070985],[51.05939387,5.80069904],[51.05947821,5.8006281],[51.05946535,5.80069402],[51.05936797,5.80118554],[51.05936424,5.80120432],[51.05930884,5.80148392],[51.05928482,5.80147083],[51.05926898,5.80145783],[51.05926188,5.80150709],[51.05922022,5.80179618],[51.05872732,5.80265429],[51.05864133,5.80280206],[51.0585682,5.80292773],[51.05855759,5.80294596],[51.0583886,5.80281504],[51.05837024,5.8028247],[51.05829546,5.80286411],[51.0582468,5.80289011],[51.05816266,5.80293435],[51.05782963,5.80310948],[51.0577499,5.80315157],[51.05759477,5.80323345],[51.05759712,5.80324758],[51.05768903,5.80380001],[51.05775396,5.80419023],[51.05780318,5.80448608],[51.05782423,5.8046126],[51.05784908,5.8047619],[51.05793805,5.80529652],[51.05807043,5.80609207],[51.05807382,5.80611246],[51.0580768,5.80613061],[51.05809851,5.80626126],[51.0580149,5.806299],[51.05769459,5.80646041],[51.05757208,5.80693439],[51.05796018,5.80736301],[51.05825278,5.80754417],[51.05858383,5.80777073],[51.0587752,5.80779577],[51.0592121,5.80785623],[51.05931978,5.80799562],[51.05935604,5.80826078],[51.05937906,5.80842892],[51.05930168,5.8087328],[51.05929659,5.80875278],[51.05925188,5.8089318],[51.0591442,5.80934362],[51.0611794,5.81063803],[51.06217316,5.81127648],[51.06273964,5.81164791],[51.06308587,5.81187085],[51.06341814,5.81208099],[51.06468181,5.81289799],[51.06528257,5.81332708],[51.06554437,5.81351888],[51.06621001,5.81404573],[51.066777,5.81453429],[51.06747645,5.8151367],[51.07024719,5.81756364],[51.0726099,5.81962318],[51.07258888,5.82054197],[51.07258552,5.82068833],[51.07256754,5.82147419],[51.0725649,5.82158932],[51.07256274,5.82168374],[51.07255794,5.82189345],[51.07251958,5.82356802],[51.07251673,5.82369236],[51.07251493,5.82377097],[51.07251289,5.82386021],[51.07251059,5.82396055],[51.07215235,5.82387341],[51.07171117,5.8237794],[51.07170452,5.82377798],[51.07144025,5.82371964],[51.07125608,5.82367899],[51.07080493,5.82360709],[51.07073432,5.82359731],[51.07035311,5.82354459],[51.07005801,5.82351066],[51.06990135,5.82349266],[51.0694455,5.82347093],[51.06918064,5.82346357],[51.06899486,5.8234584],[51.06854168,5.8234695],[51.06808576,5.82349443],[51.06799849,5.8235032],[51.06791124,5.82351196],[51.06777318,5.82352582],[51.06776191,5.82352695],[51.06763021,5.82354018],[51.06758935,5.82354614],[51.06757696,5.82354795],[51.06717817,5.82360609],[51.06673161,5.82367789],[51.06627859,5.82376547],[51.06583276,5.82385727],[51.06538727,5.82395176],[51.06494154,5.82404353],[51.06454762,5.82413719],[51.06459785,5.82480351],[51.06398889,5.82493719],[51.0632795,5.82508789],[51.06264258,5.82521507],[51.06247942,5.82522402],[51.06234334,5.82524302],[51.06235282,5.82541407],[51.06233506,5.8254159],[51.0623411,5.82548357],[51.06238465,5.82549383],[51.06236131,5.82562813],[51.06220999,5.82566292],[51.06217163,5.82553788],[51.06220746,5.82552381],[51.06219811,5.82542901],[51.06210556,5.82544831],[51.06208256,5.82527714],[51.06197142,5.82532232],[51.06184817,5.82539192],[51.0615644,5.82562202],[51.06147007,5.82569417],[51.06141723,5.82573459],[51.06127057,5.82582044],[51.06109973,5.8258894],[51.06090219,5.82593867],[51.06066804,5.82594125],[51.06038447,5.82593344],[51.05999035,5.82590945],[51.05986392,5.8259155],[51.05970689,5.82592452],[51.05946249,5.82596662],[51.05907336,5.82604457],[51.0569757,5.82651582],[51.05621945,5.82669834],[51.05566004,5.82681668],[51.05566357,5.82682491],[51.0554204,5.82688915],[51.05498329,5.82699204],[51.05469288,5.82706199],[51.05454985,5.82709471],[51.05433398,5.82714326],[51.05428517,5.82714722],[51.05422053,5.82715547],[51.05412895,5.82717007],[51.05402953,5.82718575],[51.05391894,5.82720418],[51.05377207,5.827232],[51.05360945,5.82725467],[51.05334372,5.82729321],[51.05322704,5.82730569],[51.05295378,5.82733953],[51.05267197,5.82737069],[51.05243329,5.82739271],[51.05226607,5.82740746],[51.05205851,5.82742227],[51.05178734,5.82743531],[51.05165871,5.82744027],[51.05155608,5.82743948],[51.05119228,5.82744516],[51.05091753,5.82744823],[51.05067474,5.82744569],[51.05035246,5.82744636],[51.05022421,5.82744483],[51.05014861,5.82744424],[51.04991948,5.8274269],[51.0494859,5.82739355],[51.04927148,5.8273754],[51.04911685,5.82736212],[51.04879706,5.82732679],[51.04851842,5.82728497],[51.04827898,5.82724726],[51.04804437,5.82721313],[51.04795786,5.82720301],[51.04795306,5.82727425],[51.04781421,5.82726657],[51.04762667,5.82725621],[51.04752379,5.82725174],[51.04766019,5.82733662],[51.0477052,5.82745718],[51.04774401,5.82756893],[51.04788273,5.82796818],[51.04797898,5.82824124],[51.04797928,5.8282421],[51.04798986,5.82827211],[51.04802991,5.82839124],[51.04803887,5.82839252],[51.04803922,5.82839257],[51.04804079,5.8283928],[51.04804355,5.82839319],[51.04806009,5.82848519],[51.04806351,5.82850419],[51.0480662,5.82851914],[51.04807603,5.82857378],[51.04808817,5.82863526],[51.048101,5.82870023],[51.04812919,5.82886712],[51.04813629,5.82892849],[51.04812228,5.82893305],[51.04813472,5.82901335],[51.04814939,5.82910011],[51.04819182,5.82935087],[51.04819518,5.82936445],[51.0482339,5.82963755],[51.04826882,5.82990503],[51.04829707,5.83012793],[51.04834664,5.83053421],[51.04837654,5.83078496],[51.04840707,5.83113836],[51.04843998,5.83151463],[51.04847649,5.83190014],[51.04850568,5.8322286],[51.04852912,5.83247991],[51.04854062,5.83273169],[51.04854989,5.83290899],[51.04856887,5.83291387],[51.04858263,5.83299778],[51.04860269,5.83311939],[51.0486888,5.83368213],[51.04875613,5.83409821],[51.0488083,5.8344336],[51.0488012,5.83444568],[51.04884998,5.8347355],[51.04889502,5.83501824],[51.04892959,5.8352755],[51.04889309,5.83528047],[51.04868628,5.83550988],[51.04823472,5.83602364],[51.04802869,5.83625533],[51.04775356,5.83656662],[51.04745694,5.83690102],[51.04725438,5.8371281],[51.04718641,5.83720349],[51.04717783,5.83721434],[51.04710634,5.83730451],[51.04710303,5.83730868],[51.04700551,5.83743096],[51.04700044,5.8374373],[51.04689511,5.83757509],[51.04680132,5.83771725],[51.04675927,5.83778032],[51.04667725,5.83798314],[51.04661501,5.83815242],[51.04656395,5.83833493],[51.04656219,5.83834122],[51.04652404,5.83851393],[51.04650408,5.83864052],[51.04649425,5.83877435],[51.04648583,5.83887497],[51.04648204,5.83911293],[51.04648,5.83918969],[51.04647917,5.83922085],[51.04646005,5.83948718],[51.04641632,5.83971799],[51.04636987,5.83986697],[51.04631268,5.84000352],[51.04622242,5.84022661],[51.0462067,5.84026546],[51.04617614,5.84033911],[51.0461159,5.84048434],[51.04607939,5.84057234],[51.04606977,5.84059596],[51.04596768,5.84084654],[51.04592992,5.84093733],[51.04589716,5.84101608],[51.045845,5.84111989],[51.04575398,5.84123852],[51.04571639,5.84128498],[51.04577645,5.84135436],[51.04595809,5.84156475],[51.0460399,5.84166722],[51.04604125,5.84172481],[51.04605186,5.84178081],[51.04606381,5.84182102],[51.0460879,5.84187386],[51.04611288,5.84191882],[51.04613391,5.84195398],[51.0461485,5.84197838],[51.04623372,5.84210969],[51.04629509,5.84219253],[51.046386,5.84231227],[51.04645546,5.84239048],[51.04578479,5.84326167],[51.04576836,5.84328161],[51.04572199,5.84334491],[51.04569197,5.84339122],[51.0456753,5.84342742],[51.04565748,5.84347601],[51.04564766,5.84350302],[51.04563094,5.84357358],[51.04562377,5.84363881],[51.045625,5.8437127],[51.04563222,5.84377195],[51.04565574,5.84391635],[51.04574205,5.84432604],[51.04621424,5.84669072],[51.04622156,5.84672781],[51.0463072,5.84715414],[51.04633308,5.84728296],[51.0464148,5.84767417],[51.04645633,5.84790183],[51.04646636,5.84797669],[51.04647124,5.84803653],[51.04646891,5.84810142],[51.04645724,5.84818065],[51.04644219,5.84826159],[51.04641925,5.84834058],[51.04639643,5.84840399],[51.04636838,5.84846132],[51.04632815,5.84852621],[51.04628293,5.84858059],[51.04624468,5.848612],[51.04546805,5.84902641],[51.04491792,5.84931293],[51.04352699,5.85002882],[51.04335238,5.85011842],[51.0429269,5.85032858],[51.04218179,5.85070609],[51.04199639,5.85079462],[51.04160542,5.85099462],[51.04120511,5.85119661],[51.04098899,5.85130658],[51.04080644,5.85140051],[51.04062283,5.85149407],[51.04043818,5.85158706],[51.04008559,5.85176187],[51.03993153,5.85183721],[51.03949247,5.85206398],[51.03928449,5.85216759],[51.03898487,5.85231742],[51.0389177,5.85235095],[51.0384422,5.85258482],[51.03812436,5.85274286],[51.03670477,5.84995805],[51.03653778,5.84911702],[51.03640912,5.84918123],[51.03626457,5.84925723],[51.0362005,5.849295],[51.0359807,5.8494584],[51.0358877,5.84953356],[51.03580784,5.84960984],[51.03578045,5.8496428],[51.03576093,5.84946752],[51.03566053,5.84952544],[51.035616,5.84954722],[51.03556411,5.84957262],[51.03522776,5.84965109],[51.03465818,5.84994182],[51.03465664,5.8499426],[51.03441273,5.85006728],[51.03415548,5.85019923],[51.03369378,5.8504337],[51.03353857,5.85051002],[51.03344358,5.850559],[51.03331171,5.85062471],[51.03328279,5.85063962],[51.03313178,5.85067615],[51.03296238,5.85071926],[51.03278895,5.85080057],[51.03276722,5.85081581],[51.03265103,5.8508913],[51.03248401,5.85101902],[51.03240931,5.8510754],[51.0324043,5.85107791],[51.03240272,5.8510787],[51.03236994,5.85109511],[51.03213192,5.85121487],[51.03178221,5.85129343],[51.03176447,5.85130186],[51.03172315,5.85132149],[51.03156505,5.85140403],[51.03145347,5.85149894],[51.03129799,5.85163182],[51.03112962,5.85171852],[51.0306172,5.85197658],[51.03030475,5.85213504],[51.02995356,5.85231206],[51.02973481,5.85242237],[51.02950345,5.8525404],[51.02938131,5.85260271],[51.02931813,5.85261422],[51.02932753,5.852666],[51.02931473,5.85269268],[51.02930764,5.85270764],[51.02929099,5.85274272],[51.0292495,5.85279272],[51.02925455,5.85292958],[51.02923794,5.85308763],[51.02921453,5.85324656],[51.02921135,5.85326822],[51.02918002,5.85341175],[51.02914824,5.85353149],[51.02911581,5.85364447],[51.02910612,5.85367217],[51.02908251,5.85373968],[51.02904193,5.85385572],[51.0289724,5.85403614],[51.02881664,5.85441495],[51.02873285,5.85468674],[51.02869953,5.85479482],[51.02869686,5.85489159],[51.02869648,5.85490526],[51.02864256,5.85511968],[51.02859585,5.85525199],[51.02851709,5.85550132],[51.02839073,5.85599294],[51.0283524,5.85643744],[51.02838829,5.85652002],[51.02834292,5.85658754],[51.0283384,5.85671062],[51.02853301,5.85667326],[51.02853733,5.85667027],[51.02853699,5.85681979],[51.02853623,5.85715032],[51.02853613,5.85719057]]]]},"id":"6b9afe92-15d0-5d40-a6fd-767a51f07c6d"},{"type":"Feature","properties":{"begin_lifespan_version":"2025-12-31T23:00:00Z","local_id":"GM1621","name":"Lansingerland","national_code":"1621","national_level":"3rdOrder","national_level_name":"Gemeente","residence_of_authority":null,"upper_level_unit":"Zuid-Holland"},"geometry":{"type":"MultiPolygon","coordinates":[[[[51.96039919,4.51836579],[51.96028632,4.51858655],[51.96029144,4.51858997],[51.96100888,4.51902181],[51.96131061,4.51920462],[51.96136208,4.51923579],[51.96151537,4.51932463],[51.9620212,4.51970698],[51.96205612,4.51973337],[51.96223322,4.51988966],[51.96254686,4.52016623],[51.96284351,4.52042544],[51.96319785,4.52071878],[51.963342,4.52086194],[51.96340797,4.52094666],[51.9634526,4.52101317],[51.96347901,4.52107232],[51.96352613,4.52123307],[51.96358003,4.52144942],[51.9636185,4.52165661],[51.96366205,4.52194286],[51.96367487,4.52208594],[51.9636882,4.52259031],[51.96369892,4.52276501],[51.96371135,4.52290285],[51.96373907,4.52304259],[51.96376182,4.52315289],[51.96386161,4.52347414],[51.96400904,4.52389227],[51.96410715,4.52413178],[51.96419794,4.52436416],[51.96437978,4.524794],[51.96452552,4.52514174],[51.96462246,4.52539248],[51.96469249,4.52556546],[51.96473705,4.52567229],[51.96477829,4.52576841],[51.96483325,4.52588376],[51.96488064,4.52598471],[51.96493536,4.52609309],[51.96510225,4.5263844],[51.96516163,4.52650142],[51.96520981,4.52662418],[51.96530156,4.52691651],[51.96533303,4.52701646],[51.96548841,4.52745424],[51.96552461,4.52754974],[51.9656156,4.52773774],[51.96565873,4.52782175],[51.96572163,4.52790509],[51.96578971,4.52797146],[51.96584653,4.52800966],[51.9659248,4.52805589],[51.96602442,4.52804671],[51.96612548,4.52803895],[51.9662379,4.52803462],[51.96633684,4.52804305],[51.96644057,4.52806784],[51.96645722,4.52807174],[51.96657052,4.52811396],[51.96664442,4.52815329],[51.96672615,4.52822972],[51.96680078,4.52831983],[51.96687591,4.5284284],[51.96692841,4.52852795],[51.96702368,4.52875998],[51.96704545,4.52883698],[51.96706635,4.52908949],[51.9670865,4.52923972],[51.96712954,4.52947115],[51.96714502,4.52957228],[51.96715759,4.52969457],[51.96717618,4.52983944],[51.96722882,4.53010721],[51.96726513,4.53025437],[51.96731829,4.53041997],[51.96738634,4.53059388],[51.96746283,4.53076559],[51.96755879,4.53096982],[51.967618,4.53111567],[51.96769458,4.531337],[51.96774539,4.53152521],[51.9677723,4.53164111],[51.96780263,4.53181938],[51.96783472,4.53210428],[51.96784881,4.53227428],[51.96785529,4.53251048],[51.96786174,4.53287882],[51.96787198,4.53308862],[51.96788751,4.53330835],[51.96790469,4.53352005],[51.96792532,4.53370025],[51.96795983,4.53392254],[51.96799071,4.5341024],[51.9680061,4.5341916],[51.9680446,4.53436986],[51.96806898,4.53447214],[51.96811607,4.53460614],[51.96815746,4.53471144],[51.96822685,4.53488548],[51.96827234,4.53498518],[51.96831294,4.53505542],[51.9683585,4.53512834],[51.96842517,4.53521206],[51.96851643,4.53530215],[51.96860105,4.5353573],[51.96868016,4.53539523],[51.96876468,4.53541226],[51.9688749,4.53542617],[51.96905609,4.53543583],[51.96919307,4.5354357],[51.96936362,4.53542752],[51.96957694,4.53543089],[51.96958631,4.53542948],[51.96982188,4.53539379],[51.96994854,4.53538295],[51.97004391,4.53538274],[51.97013436,4.53539877],[51.97020076,4.53542022],[51.9702641,4.53546587],[51.9703171,4.53552235],[51.97037301,4.53560934],[51.9704151,4.53568698],[51.97044788,4.53578241],[51.97047658,4.53587428],[51.97049786,4.53598273],[51.97050397,4.53609336],[51.97050224,4.53617824],[51.97048732,4.53630222],[51.97045409,4.53644329],[51.97028972,4.53694383],[51.97022318,4.53716499],[51.97016384,4.53741104],[51.97004471,4.53795554],[51.97000906,4.53812182],[51.96996765,4.53828778],[51.96992771,4.53845764],[51.96990147,4.53860789],[51.96986489,4.53893224],[51.96984196,4.53915547],[51.96983736,4.53931608],[51.96983808,4.53950292],[51.9698451,4.53966608],[51.96986579,4.53985516],[51.96988518,4.53995143],[51.96999686,4.54030718],[51.97006215,4.54046122],[51.9702833,4.54093977],[51.97034045,4.54106342],[51.97042213,4.54124597],[51.97080055,4.54215933],[51.97083563,4.54225035],[51.97092798,4.54256864],[51.9709952,4.54277883],[51.97107767,4.54302323],[51.9711445,4.54317988],[51.97122231,4.54333806],[51.97139893,4.54366394],[51.97153433,4.543881],[51.97162186,4.54402955],[51.97175585,4.5443264],[51.97183646,4.54453591],[51.97191132,4.54472239],[51.97198965,4.54489091],[51.97212542,4.54514814],[51.97225482,4.5454199],[51.97235152,4.54563014],[51.97243919,4.54588711],[51.97259391,4.54646796],[51.97268902,4.5468603],[51.9727522,4.54715994],[51.97278875,4.54737058],[51.97280112,4.54750293],[51.97280665,4.54768635],[51.97281191,4.54787336],[51.97281469,4.54792615],[51.97282187,4.5479886],[51.97283476,4.54805584],[51.97284834,4.54812402],[51.97287085,4.54821925],[51.97289487,4.54831836],[51.97293824,4.54847547],[51.97300111,4.54869262],[51.97308553,4.5489669],[51.97311815,4.54905488],[51.9731487,4.54914577],[51.97316667,4.54919622],[51.97320017,4.54927219],[51.97322163,4.54931694],[51.97325767,4.54939252],[51.9732986,4.54946992],[51.97333986,4.54954211],[51.97346122,4.54976895],[51.97359856,4.55002337],[51.97361738,4.55005836],[51.97370916,4.55027852],[51.97374598,4.55035119],[51.97378924,4.55043068],[51.97406151,4.55086605],[51.97464576,4.55179823],[51.97473742,4.55193479],[51.97483434,4.55206236],[51.97497761,4.55223851],[51.97510442,4.55238192],[51.97516979,4.55244586],[51.97522781,4.55249795],[51.97526527,4.55252976],[51.97529458,4.5525524],[51.97533181,4.5525801],[51.97581254,4.55287313],[51.97615259,4.55306652],[51.97660724,4.5533669],[51.97663958,4.55339841],[51.97668077,4.55343432],[51.97670799,4.55346553],[51.97687035,4.55364103],[51.97694798,4.55370735],[51.97698976,4.55373647],[51.97704115,4.5537606],[51.9775056,4.55385516],[51.97754323,4.55385494],[51.97757652,4.55382798],[51.97757689,4.55382755],[51.9776164,4.55378149],[51.97766356,4.55371639],[51.97802281,4.55314667],[51.97823392,4.5528542],[51.97830649,4.5527581],[51.97837553,4.55267905],[51.97841341,4.5526251],[51.97863639,4.55227568],[51.9787035,4.55217883],[51.97876206,4.55210075],[51.97880413,4.55204774],[51.97884579,4.55200461],[51.97886934,4.55199194],[51.97889663,4.55198339],[51.97895628,4.55198361],[51.97905581,4.55197814],[51.97918443,4.55198552],[51.97932892,4.55199736],[51.9796719,4.55204013],[51.97984534,4.55204472],[51.98002736,4.55204292],[51.98009721,4.55203136],[51.98016339,4.55201672],[51.98022953,4.55199537],[51.98029073,4.55196544],[51.98043795,4.55188137],[51.98064074,4.55176353],[51.98075907,4.55168773],[51.98093166,4.55156595],[51.98099489,4.55152643],[51.98112246,4.55146221],[51.98118401,4.55142707],[51.9812958,4.55134807],[51.98141312,4.55125381],[51.98152596,4.55115919],[51.98169374,4.55101951],[51.98174823,4.55097195],[51.98181452,4.55092425],[51.98187366,4.55088583],[51.98193124,4.55084816],[51.98198396,4.55079723],[51.98203744,4.55073124],[51.98204241,4.550724],[51.98208973,4.55065508],[51.98211009,4.55061912],[51.98215015,4.55052923],[51.98221296,4.550418],[51.98223096,4.55038548],[51.9822525,4.55033026],[51.98228335,4.55024116],[51.98231565,4.5501436],[51.98245371,4.54968188],[51.9824745,4.5495896],[51.98250605,4.54945497],[51.98251591,4.54939625],[51.98254614,4.54930725],[51.98257788,4.54922886],[51.98261686,4.54913654],[51.98266514,4.54904548],[51.98279864,4.54882138],[51.98289077,4.54868633],[51.98296975,4.54856762],[51.98307299,4.54842583],[51.98317097,4.5483044],[51.98323407,4.54822772],[51.98329429,4.5481623],[51.98336126,4.54810985],[51.98342766,4.54806987],[51.98348891,4.54804095],[51.98355476,4.54801447],[51.98360011,4.54799816],[51.98367346,4.54799798],[51.98376693,4.5480042],[51.98382541,4.5480237],[51.98388359,4.54804943],[51.98416295,4.54820611],[51.98431063,4.548282],[51.98446958,4.54835422],[51.98457692,4.54839822],[51.98464794,4.54841954],[51.98475855,4.54843001],[51.98485209,4.54843158],[51.98491727,4.54842791],[51.98545035,4.54829576],[51.98659419,4.5480115],[51.98757958,4.54774014],[51.98809622,4.5475876],[51.98874628,4.54739372],[51.98874661,4.54738554],[51.99037443,4.54686277],[51.9905808,4.54678209],[51.99095572,4.54663552],[51.99143942,4.54636273],[51.99147448,4.54634344],[51.9915142,4.54633934],[51.99156139,4.54634804],[51.99159523,4.54636539],[51.99165896,4.54640877],[51.99175421,4.54649195],[51.99178479,4.54654188],[51.99182971,4.54664826],[51.99191393,4.54688862],[51.99202402,4.54725946],[51.99206419,4.5473863],[51.99208658,4.54743984],[51.99222547,4.54772676],[51.99228387,4.54786407],[51.99232293,4.5479511],[51.99237304,4.54806279],[51.99255737,4.54838796],[51.99299769,4.54802323],[51.9932407,4.54773732],[51.99346264,4.54749883],[51.99367205,4.54727471],[51.99383342,4.54709923],[51.99394292,4.54700549],[51.99428521,4.54719607],[51.99433561,4.54722534],[51.99439791,4.54726878],[51.99465705,4.54746726],[51.99477462,4.54770499],[51.99489972,4.54794263],[51.99497911,4.54808566],[51.99522724,4.5485242],[51.99528461,4.5486192],[51.99543223,4.54904799],[51.99552499,4.54930549],[51.9957466,4.54989367],[51.99589077,4.5499613],[51.99703539,4.55049821],[51.99841059,4.55113665],[51.99943266,4.55162322],[51.99985228,4.55182299],[52.0008309,4.55227527],[52.00098074,4.55219494],[52.00104376,4.55217262],[52.00110374,4.55215416],[52.00116044,4.55214096],[52.00121959,4.55212968],[52.00133451,4.55211539],[52.00145725,4.55210709],[52.00159692,4.55210609],[52.0017212,4.55210991],[52.00184285,4.55212308],[52.00191002,4.55213989],[52.00196922,4.55215671],[52.00208869,4.55219994],[52.00221517,4.55225106],[52.00233411,4.55230238],[52.00245822,4.55235617],[52.00258297,4.55241935],[52.00271083,4.55248858],[52.0027763,4.55252505],[52.00284182,4.55256384],[52.00300421,4.55267756],[52.00318158,4.55280676],[52.00335031,4.55293715],[52.00352315,4.55308618],[52.00376146,4.5532975],[52.00387934,4.55340369],[52.00415147,4.55365309],[52.00439345,4.55386995],[52.00444906,4.55391691],[52.00451136,4.55397084],[52.00481491,4.55420184],[52.00498047,4.55432392],[52.00534092,4.55455852],[52.00551969,4.55466716],[52.00557867,4.55470587],[52.00564438,4.55474096],[52.00569949,4.55476614],[52.00576239,4.55479487],[52.00584976,4.55483193],[52.00594862,4.55487521],[52.00600836,4.55489684],[52.00614041,4.55494304],[52.0062556,4.55497894],[52.00634696,4.55500425],[52.00654804,4.55504919],[52.00666809,4.55507375],[52.00679633,4.55510221],[52.00696338,4.55514384],[52.00726591,4.55523331],[52.0073984,4.55526152],[52.00813404,4.55540053],[52.00824818,4.55541892],[52.00845701,4.55545714],[52.00851748,4.55547212],[52.00856835,4.55548331],[52.00860854,4.55549399],[52.00883157,4.55556243],[52.00895982,4.55560115],[52.0090448,4.55563078],[52.00910173,4.55565241],[52.00916877,4.55567506],[52.00972782,4.55582902],[52.00976444,4.55583878],[52.00983615,4.55584846],[52.01015465,4.55588325],[52.0102469,4.55588296],[52.01028028,4.55588207],[52.01030799,4.55588155],[52.01033584,4.55587503],[52.01036932,4.55586586],[52.01039897,4.55585715],[52.01042844,4.55584684],[52.0104584,4.55583903],[52.01048422,4.55583079],[52.0105277,4.55580512],[52.01064965,4.55574914],[52.01067104,4.55573955],[52.01070968,4.55571994],[52.01074044,4.55571024],[52.01077374,4.55569947],[52.01079845,4.55569222],[52.01083236,4.55568325],[52.0109362,4.55566796],[52.01098719,4.55566027],[52.0110025,4.55565842],[52.01103123,4.5556652],[52.01106722,4.55567844],[52.01110493,4.55569251],[52.01113627,4.5557081],[52.01117015,4.55572262],[52.01120338,4.55574593],[52.01122689,4.55576086],[52.01125234,4.5557858],[52.01133247,4.55587073],[52.0114195,4.55595895],[52.01160142,4.55613073],[52.01162718,4.55615128],[52.01164408,4.55616914],[52.01165927,4.55618088],[52.01168601,4.55619354],[52.01180583,4.55627377],[52.01186622,4.55630995],[52.01192042,4.55633636],[52.01221832,4.5564774],[52.0125927,4.55662752],[52.01295059,4.55677103],[52.01314132,4.55684996],[52.01319908,4.55687731],[52.01325503,4.55689924],[52.01338189,4.55694567],[52.01350389,4.55699053],[52.01362233,4.55702918],[52.01366965,4.55704704],[52.01374934,4.5570696],[52.01387742,4.55710673],[52.01393642,4.55711951],[52.01398512,4.55712968],[52.01401238,4.55713424],[52.01403804,4.55713729],[52.01406191,4.55713723],[52.0140903,4.55713551],[52.0141153,4.55713445],[52.01417772,4.55712306],[52.01448523,4.55706319],[52.01466404,4.55703185],[52.01501873,4.55697763],[52.01514051,4.5569594],[52.01520728,4.55694939],[52.01598902,4.55688753],[52.01647917,4.55684875],[52.01650659,4.55684202],[52.01653467,4.55683939],[52.01655611,4.5568321],[52.01658292,4.55682356],[52.01662079,4.55680965],[52.01719341,4.5565993],[52.01748763,4.55660995],[52.01753489,4.55661167],[52.01792133,4.55662566],[52.0179494,4.55662667],[52.01806883,4.5566594],[52.01817491,4.55668848],[52.01840519,4.55675162],[52.01840076,4.55677704],[52.0192782,4.55705172],[52.01984633,4.55722877],[52.01998444,4.55727077],[52.02006081,4.55730097],[52.02010829,4.55731751],[52.02013026,4.55732516],[52.02020467,4.55734472],[52.02024195,4.55735264],[52.02029372,4.55736009],[52.02034452,4.55736786],[52.0207775,4.55742057],[52.02113089,4.55745974],[52.02128136,4.55747772],[52.02143257,4.55749677],[52.02145573,4.55750007],[52.02148995,4.55749838],[52.02156423,4.55749074],[52.02199709,4.55745444],[52.02214828,4.5574456],[52.02221505,4.55744676],[52.02229108,4.55745647],[52.02243256,4.55746978],[52.02257129,4.55747436],[52.02278928,4.55748328],[52.02300343,4.55748449],[52.02308004,4.55748238],[52.02315104,4.55747483],[52.02329452,4.5574536],[52.02358185,4.5574173],[52.02364556,4.55740934],[52.02365591,4.55740806],[52.02369326,4.55740999],[52.02373085,4.55741881],[52.02377269,4.55743852],[52.02382065,4.55746616],[52.0238468,4.55748508],[52.02388799,4.55751431],[52.02392418,4.55754287],[52.02399247,4.55759369],[52.02408249,4.55767054],[52.02414858,4.55772342],[52.0241822,4.55774785],[52.02428482,4.55780756],[52.02442618,4.55789169],[52.02449724,4.55792863],[52.02456466,4.55795947],[52.02467116,4.5580126],[52.02477378,4.55805273],[52.02484683,4.55807772],[52.02498444,4.55812554],[52.02505419,4.55814232],[52.025123,4.55815642],[52.02515625,4.55816335],[52.02515673,4.55816337],[52.02519501,4.55816514],[52.02525912,4.55815988],[52.02532754,4.5581595],[52.02540438,4.55815599],[52.02547353,4.55814839],[52.02555071,4.55814277],[52.02568901,4.55812756],[52.02590874,4.55810633],[52.02612414,4.55808321],[52.02619349,4.55807721],[52.0262669,4.55807749],[52.02633887,4.55808091],[52.0263921,4.55808523],[52.026443,4.5580923],[52.02649069,4.55810475],[52.02662851,4.55814287],[52.02677423,4.55816707],[52.02691355,4.55818774],[52.02705819,4.55820996],[52.02712625,4.55821169],[52.0272043,4.55821775],[52.0273476,4.55822282],[52.02749415,4.55823704],[52.02890849,4.55821804],[52.03073449,4.55904519],[52.03074054,4.55904793],[52.0308297,4.55908832],[52.03087154,4.55910728],[52.03094265,4.5591395],[52.03099917,4.55916509],[52.03108298,4.55920307],[52.03108812,4.55920539],[52.03109141,4.55920685],[52.03181733,4.55952976],[52.03196427,4.55959513],[52.03212409,4.55966622],[52.0330084,4.5600596],[52.03306264,4.56008372],[52.03318993,4.56014035],[52.03577702,4.56345724],[52.03591722,4.56344798],[52.0382766,4.56330487],[52.03882174,4.56327181],[52.04055316,4.56229691],[52.04076894,4.56217541],[52.04106178,4.56201053],[52.04099106,4.56154189],[52.04114601,4.56143203],[52.04125292,4.56138263],[52.04145266,4.56135115],[52.04145372,4.56135132],[52.04152614,4.56136297],[52.0420609,4.5610597],[52.04207774,4.56120991],[52.04210602,4.56146218],[52.04251442,4.56137879],[52.04258571,4.56137646],[52.04265118,4.56138524],[52.04270713,4.56139412],[52.042905,4.56145971],[52.04341149,4.56155179],[52.04366435,4.56161577],[52.04414646,4.56177956],[52.04442954,4.56188415],[52.04471083,4.56192773],[52.04480892,4.56194277],[52.04488415,4.56194231],[52.04501125,4.56193644],[52.04531199,4.56194607],[52.04548743,4.56199708],[52.04602498,4.56215338],[52.04623899,4.56221233],[52.04625077,4.56221449],[52.04660111,4.56227878],[52.04660115,4.56234556],[52.04715878,4.56250925],[52.04777438,4.5626827],[52.04808458,4.56278737],[52.04889383,4.56304957],[52.04889876,4.56302964],[52.04890376,4.56300938],[52.04890442,4.5630067],[52.04892071,4.56298859],[52.04894196,4.56296497],[52.04895516,4.5629503],[52.0490205,4.56293573],[52.04902088,4.56293565],[52.04920059,4.56289558],[52.04921858,4.56289658],[52.04923199,4.56289732],[52.04946647,4.56295746],[52.04995222,4.56307334],[52.04999224,4.56308288],[52.05016183,4.56312334],[52.05121473,4.56337453],[52.05122284,4.56337647],[52.05125342,4.56338377],[52.05129857,4.56339454],[52.05229626,4.56363256],[52.05236398,4.56364873],[52.05254284,4.56369173],[52.0525656,4.5636972],[52.05288866,4.56377487],[52.05344884,4.56390955],[52.05370148,4.5639703],[52.05459561,4.56418527],[52.05528192,4.56435029],[52.0569953,4.5647623],[52.05772801,4.56493849],[52.0578971,4.56497916],[52.05789975,4.5649798],[52.05811886,4.5650322],[52.05812407,4.56502696],[52.05816061,4.56499023],[52.05818794,4.56502162],[52.05830856,4.56511628],[52.05835539,4.56515303],[52.0583763,4.56516944],[52.05839835,4.56517534],[52.05842132,4.56518148],[52.05842421,4.56518225],[52.05849628,4.5652015],[52.05856942,4.56504303],[52.05857799,4.56502387],[52.0598354,4.56229044],[52.0598356,4.56228999],[52.06051463,4.56081377],[52.06069936,4.56041213],[52.0607171,4.56037358],[52.06078768,4.56022808],[52.06080716,4.56018791],[52.06082483,4.5601515],[52.06084475,4.56011043],[52.06086439,4.56006994],[52.06098648,4.55981824],[52.06101864,4.55975193],[52.06104374,4.55970021],[52.06112425,4.55952118],[52.0611829,4.55938661],[52.06122648,4.5592866],[52.06124296,4.55922684],[52.06126462,4.5591483],[52.06127437,4.55911297],[52.06127438,4.55910722],[52.06127441,4.55902623],[52.0612662,4.55896575],[52.06125894,4.55891644],[52.06125679,4.55887326],[52.0612615,4.55882316],[52.0612736,4.55878248],[52.06153398,4.55824047],[52.0617412,4.55780906],[52.0612394,4.55718032],[52.06115503,4.55721787],[52.06097657,4.55763087],[52.06095257,4.55768643],[52.06089214,4.5575911],[52.06085465,4.55753196],[52.05996754,4.55613281],[52.05969577,4.555707],[52.0583129,4.55354043],[52.05830398,4.55352659],[52.05826624,4.55346799],[52.05803947,4.5531159],[52.05801687,4.5530808],[52.05714102,4.55172097],[52.05635344,4.55058813],[52.05633738,4.55056561],[52.05630408,4.55053311],[52.05593043,4.5502448],[52.05557804,4.54997291],[52.05522009,4.54969673],[52.05513188,4.54962867],[52.05453963,4.54919177],[52.05436928,4.54908278],[52.05415465,4.54893637],[52.05406363,4.54888426],[52.05400406,4.54886996],[52.05399597,4.54886832],[52.05394775,4.54885854],[52.05381146,4.54883088],[52.0533087,4.54883767],[52.05319826,4.54880528],[52.05247078,4.54849616],[52.0515988,4.54812949],[52.05145877,4.54806781],[52.05108166,4.54776934],[52.05080725,4.54755216],[52.05048782,4.54729935],[52.05047285,4.5473307],[52.05046289,4.54735157],[52.05036971,4.54754677],[52.05008334,4.54710439],[52.05000129,4.54697766],[52.04989191,4.54680869],[52.04978397,4.54664278],[52.04952437,4.54624378],[52.04948813,4.54618807],[52.04895953,4.54537565],[52.04893633,4.54533543],[52.04892279,4.54529437],[52.04890014,4.54524052],[52.0488837,4.54518114],[52.04886815,4.54512217],[52.04886106,4.54507952],[52.04885863,4.54501364],[52.04889597,4.54431842],[52.04899023,4.54268903],[52.04901596,4.54230653],[52.04902636,4.54215197],[52.04902648,4.5421502],[52.04904865,4.54182059],[52.04905879,4.54166994],[52.04905945,4.54166483],[52.04914913,4.54097126],[52.04915256,4.54091723],[52.04919517,4.54024509],[52.0492106,4.53989535],[52.04921828,4.53975829],[52.04923767,4.53957715],[52.04925064,4.53942313],[52.04926361,4.53921761],[52.04928794,4.53867131],[52.0493209,4.53801357],[52.04936223,4.53736154],[52.04938504,4.53706176],[52.04942551,4.53641824],[52.04943252,4.53631332],[52.04944703,4.53617693],[52.04946534,4.53603901],[52.04958454,4.5353126],[52.04960787,4.53516507],[52.04961426,4.53509909],[52.04961866,4.5350255],[52.04961881,4.53497717],[52.04961361,4.53487385],[52.04960288,4.53479595],[52.04959149,4.53474337],[52.04956329,4.53466569],[52.04949406,4.53451026],[52.04940923,4.53433586],[52.04940779,4.53433289],[52.04934161,4.53445654],[52.04932538,4.53442989],[52.04930896,4.53440294],[52.04928297,4.53435286],[52.04917266,4.5341279],[52.04899557,4.53377541],[52.04862227,4.53306521],[52.04853392,4.53287015],[52.04834031,4.53243844],[52.04803769,4.53175826],[52.04763855,4.53086845],[52.04739436,4.53032236],[52.04715087,4.52979909],[52.04686468,4.52917439],[52.046635,4.52866079],[52.04648423,4.52831613],[52.04634397,4.52801322],[52.0462228,4.52775271],[52.04604512,4.52736303],[52.04586093,4.52696418],[52.04587671,4.52678002],[52.04581691,4.52688166],[52.04580441,4.52673899],[52.04578885,4.52672031],[52.04576432,4.52670245],[52.04574372,4.52667067],[52.04570303,4.52660358],[52.04552387,4.52629011],[52.04489349,4.52519791],[52.04415294,4.52391393],[52.04359448,4.52293567],[52.043453,4.52268786],[52.04341531,4.52261691],[52.04329447,4.5224466],[52.04329394,4.52244585],[52.04328911,4.52243905],[52.04328333,4.52242789],[52.04257791,4.52106575],[52.04256168,4.52103442],[52.0424451,4.52082271],[52.04232893,4.52066655],[52.04228561,4.52060117],[52.0421561,4.52041387],[52.0420933,4.52031327],[52.04204816,4.5202399],[52.04201515,4.52018299],[52.04201485,4.52018247],[52.04199215,4.52014333],[52.04195212,4.52006964],[52.04187459,4.51992261],[52.04179111,4.51976183],[52.04170344,4.51958965],[52.04162613,4.51943852],[52.04159853,4.51938742],[52.04158335,4.51935931],[52.04158061,4.51935424],[52.04152746,4.51925732],[52.04150937,4.51922434],[52.04150837,4.51922251],[52.04148918,4.51918753],[52.04119525,4.51865158],[52.04116623,4.51859866],[52.04102239,4.51833636],[52.04097707,4.51825373],[52.04096757,4.51823641],[52.04094635,4.51819771],[52.04094006,4.51818623],[52.04091626,4.51814587],[52.04086176,4.51805344],[52.04085876,4.51804835],[52.04073365,4.51783617],[52.04068595,4.51775564],[52.04054783,4.51752244],[52.04045305,4.5173624],[52.04015333,4.51686047],[52.04015219,4.51685856],[52.04008625,4.51674813],[52.0397121,4.51612001],[52.03957673,4.51589354],[52.03935825,4.51552902],[52.03921603,4.51529158],[52.03913123,4.51515711],[52.03906628,4.5150552],[52.03897427,4.51491368],[52.03891652,4.51482613],[52.03881047,4.51466606],[52.03877293,4.51460848],[52.03873075,4.51454972],[52.03870938,4.51451995],[52.03855864,4.51433177],[52.03846453,4.51421495],[52.03832199,4.5140384],[52.0382383,4.51393498],[52.03816059,4.51383781],[52.03809794,4.51375891],[52.03801943,4.51365953],[52.03778305,4.51335027],[52.03752985,4.51300944],[52.03733065,4.51274172],[52.03727413,4.5126655],[52.03714764,4.51249758],[52.03708859,4.51241987],[52.03700555,4.51231126],[52.03688468,4.51215391],[52.03682517,4.51207265],[52.03679877,4.5120366],[52.03667696,4.51187363],[52.03651504,4.51165602],[52.03618197,4.5112156],[52.03597614,4.51094997],[52.03579014,4.5107241],[52.03506646,4.5098396],[52.03498574,4.50974167],[52.03491103,4.5096511],[52.03489852,4.50963593],[52.03470504,4.50939805],[52.03460671,4.50926972],[52.03458797,4.50924652],[52.03441882,4.50899878],[52.03422168,4.5087023],[52.03414845,4.50858904],[52.03408362,4.50849929],[52.03402893,4.50843611],[52.03395937,4.50835384],[52.03364313,4.5079906],[52.03325083,4.50754843],[52.03303544,4.50730809],[52.0329849,4.50725211],[52.03296684,4.50723212],[52.03289549,4.50715164],[52.03288328,4.50713765],[52.0328667,4.50711742],[52.0328469,4.507091],[52.03282538,4.5070604],[52.03280378,4.50702702],[52.03278462,4.50699558],[52.03276753,4.50696611],[52.03274708,4.50692766],[52.03273117,4.50689667],[52.03262459,4.50668301],[52.03241383,4.50626002],[52.03225287,4.50593592],[52.03213996,4.50572995],[52.03225011,4.50540383],[52.03202885,4.50492357],[52.0319306,4.50470958],[52.03195944,4.50467478],[52.03195405,4.50373959],[52.03194049,4.50139237],[52.03193589,4.500599],[52.03192137,4.49809628],[52.03191943,4.49776146],[52.03191424,4.49687011],[52.03191409,4.49684497],[52.03191377,4.49679087],[52.03189885,4.49382245],[52.03189883,4.4938198],[52.03188369,4.49082435],[52.03188009,4.49011293],[52.03184912,4.48595076],[52.03184246,4.48505779],[52.03184067,4.48481797],[52.03184036,4.48477638],[52.03184034,4.48477414],[52.03183141,4.48308466],[52.03179285,4.47756127],[52.03179277,4.47754954],[52.03179221,4.47747048],[52.03179212,4.47745792],[52.03179161,4.47738451],[52.03175617,4.47741099],[52.03168706,4.47746264],[52.03166834,4.47747663],[52.03165132,4.47748937],[52.03165115,4.47748949],[52.03152703,4.47758226],[52.03139486,4.47768104],[52.03137809,4.47758515],[52.03131418,4.47721982],[52.0312923,4.4770948],[52.03128215,4.47703674],[52.03128061,4.47702795],[52.03154693,4.47679095],[52.03155163,4.47678676],[52.03155234,4.47678613],[52.03164218,4.47670618],[52.03161866,4.47666648],[52.03160824,4.4766489],[52.0315338,4.47652329],[52.03153026,4.47651731],[52.03151021,4.47648349],[52.03128558,4.47610441],[52.03110026,4.4757917],[52.0309529,4.47555404],[52.03093916,4.47553188],[52.03043744,4.47465298],[52.02910965,4.47235136],[52.02904089,4.47223218],[52.02902025,4.47219604],[52.02901983,4.4721953],[52.02886349,4.47192171],[52.02870604,4.47164618],[52.02869262,4.47162268],[52.02864128,4.47153283],[52.02854661,4.47136716],[52.02854643,4.47136684],[52.02850123,4.47128774],[52.02817054,4.47070345],[52.02732306,4.46920615],[52.02697876,4.46860219],[52.02695975,4.46857423],[52.02693786,4.46855549],[52.02687867,4.46850751],[52.02675096,4.4683913],[52.02670842,4.46834974],[52.02661028,4.46824232],[52.02649013,4.46810817],[52.02647091,4.46808953],[52.0264458,4.46807],[52.0263494,4.46802527],[52.02634478,4.46802312],[52.0263234,4.46801322],[52.02632321,4.46801312],[52.02628356,4.46799473],[52.02624629,4.46798309],[52.02624524,4.46798268],[52.02621531,4.46797074],[52.02621323,4.46796991],[52.02615874,4.46794818],[52.02608806,4.46792001],[52.02602954,4.46791761],[52.02600618,4.46792657],[52.02583795,4.46799893],[52.02581906,4.46801491],[52.02580472,4.46800457],[52.02578691,4.4679926],[52.02576555,4.46796772],[52.02572461,4.46789397],[52.0254081,4.46732375],[52.02537161,4.46724192],[52.02536417,4.46722222],[52.02535824,4.46720071],[52.02535366,4.46717543],[52.02535232,4.46714939],[52.02535261,4.46703027],[52.02534453,4.46695978],[52.02531488,4.46681326],[52.02529695,4.46669],[52.02528933,4.46665549],[52.02526806,4.46662246],[52.02506908,4.46648856],[52.0250477,4.46645464],[52.02502962,4.46639778],[52.02496097,4.46616669],[52.02490835,4.46605768],[52.02488105,4.46598205],[52.02487123,4.46594744],[52.02485097,4.46585543],[52.02476214,4.46541756],[52.02472325,4.46509542],[52.02471812,4.46501173],[52.0247164,4.46489985],[52.02470658,4.46481805],[52.02470204,4.46479395],[52.0246868,4.46471706],[52.02464743,4.46454309],[52.0245884,4.46434779],[52.02454085,4.46426688],[52.02446058,4.46415631],[52.02442903,4.46409958],[52.02442437,4.4640912],[52.02436317,4.46398114],[52.02436112,4.46397746],[52.02433662,4.46391019],[52.02429134,4.46376636],[52.02424021,4.46356577],[52.02422268,4.46347047],[52.02421378,4.46340352],[52.02421434,4.4633667],[52.02421322,4.46331154],[52.0242149,4.46318996],[52.02421468,4.46304104],[52.02420276,4.46297085],[52.02420196,4.46296754],[52.02418455,4.46289537],[52.02416408,4.46278884],[52.02416262,4.46278446],[52.0241201,4.4626564],[52.02409659,4.4625814],[52.02407757,4.46251479],[52.0240348,4.46230026],[52.02403291,4.46227706],[52.0240245,4.46217387],[52.02398562,4.46179406],[52.02397682,4.46170823],[52.0239752,4.46169241],[52.0239698,4.46163966],[52.0239691,4.46163287],[52.02396362,4.46160673],[52.02393722,4.46148099],[52.02391057,4.46138204],[52.0238886,4.46130422],[52.02387753,4.46128206],[52.02384636,4.46121968],[52.02378406,4.46113747],[52.02370725,4.46105355],[52.02363673,4.46098112],[52.02362944,4.46097364],[52.02338203,4.46073639],[52.02335665,4.46071197],[52.02325309,4.46061235],[52.02324186,4.46060154],[52.02320827,4.4605689],[52.02318507,4.46055468],[52.02316361,4.46054664],[52.02314684,4.46055605],[52.02313444,4.46056009],[52.02311719,4.4605562],[52.02308562,4.46048377],[52.02304239,4.46038458],[52.02309548,4.46028995],[52.02310335,4.4602173],[52.02309198,4.46014505],[52.02306933,4.4600866],[52.02303458,4.46004758],[52.02301372,4.46004039],[52.02297033,4.46003909],[52.02295199,4.45998505],[52.0229346,4.45989494],[52.02291135,4.45977152],[52.02290138,4.45964899],[52.02288764,4.45947998],[52.02286386,4.45936477],[52.02284928,4.45932349],[52.02280464,4.45924005],[52.02276782,4.45917243],[52.0227366,4.4590884],[52.02266244,4.45887806],[52.02263408,4.45879473],[52.02261746,4.4587296],[52.02258043,4.45854703],[52.02256637,4.45847776],[52.02255152,4.45843244],[52.02247455,4.45825828],[52.02244934,4.45815739],[52.02244011,4.45812923],[52.02241834,4.4580628],[52.02234738,4.45794056],[52.0223325,4.45787121],[52.02231512,4.45778616],[52.022301,4.4576903],[52.02229631,4.45764155],[52.02227053,4.45737348],[52.02221955,4.45727547],[52.02221532,4.45726734],[52.02216891,4.45719931],[52.02213038,4.45717287],[52.02209083,4.45714651],[52.02205391,4.45713143],[52.02195442,4.45712411],[52.02185415,4.45711672],[52.02182609,4.45711908],[52.02181639,4.45713423],[52.02180763,4.45714592],[52.02179473,4.45737045],[52.02179426,4.45737855],[52.02179397,4.45738369],[52.02179069,4.4574412],[52.02177406,4.45750242],[52.02176727,4.45754405],[52.02175009,4.45755971],[52.02173047,4.45758883],[52.02171037,4.45761241],[52.02169147,4.45762956],[52.02168308,4.45763537],[52.02167473,4.45764117],[52.02164574,4.45765917],[52.02164437,4.45765984],[52.02162173,4.45767097],[52.02162105,4.45767131],[52.02159353,4.4576803],[52.0215684,4.45768999],[52.02154251,4.45769502],[52.02152431,4.45769494],[52.02150115,4.4576992],[52.0214722,4.45769846],[52.02144588,4.45769385],[52.02139726,4.45768852],[52.02137288,4.45768291],[52.02135917,4.4576804],[52.02135024,4.45767815],[52.02134087,4.45767639],[52.021317,4.45766806],[52.02128647,4.45765612],[52.02126222,4.45764562],[52.02123728,4.45763525],[52.02120012,4.45761892],[52.02112045,4.45757622],[52.02108237,4.45755635],[52.0210637,4.45754711],[52.02103349,4.45753746],[52.02100244,4.45752797],[52.02097844,4.45752567],[52.02095831,4.45752609],[52.02093322,4.45752493],[52.02088381,4.45751228],[52.02087672,4.45751366],[52.0208424,4.45753197],[52.02082749,4.45753976],[52.02080685,4.45754951],[52.02075155,4.45757436],[52.02070005,4.45757998],[52.02065864,4.45758518],[52.02063657,4.45758563],[52.02060166,4.45758945],[52.02059334,4.45758754],[52.02055565,4.45760175],[52.02046504,4.45763144],[52.02041177,4.45765306],[52.02036856,4.45767058],[52.02029595,4.4577013],[52.02026982,4.45771631],[52.02025726,4.45772644],[52.02024287,4.45774165],[52.0202294,4.45776881],[52.02021662,4.45779529],[52.02019431,4.45786201],[52.02018584,4.45789527],[52.02018295,4.45790663],[52.02015158,4.45798375],[52.02013858,4.45801303],[52.02012161,4.45804108],[52.02009697,4.45808143],[52.02008151,4.45810488],[52.02006874,4.4581256],[52.0200551,4.45813777],[52.02004088,4.45814956],[52.02002853,4.45815563],[52.02002009,4.45815891],[52.0200037,4.45816548],[52.0199453,4.45817472],[52.0199181,4.45817951],[52.01989868,4.45818309],[52.01984737,4.4581976],[52.01981463,4.45820635],[52.01978072,4.45821713],[52.01971739,4.45823988],[52.01964178,4.45826704],[52.01955315,4.45829519],[52.01943318,4.45832551],[52.01941326,4.45832905],[52.01939864,4.45833039],[52.01938507,4.45832658],[52.01937239,4.45832333],[52.0193596,4.45832056],[52.01934633,4.45831335],[52.01932907,4.45830502],[52.01931389,4.45829561],[52.01928115,4.45827529],[52.01920043,4.45822887],[52.01919261,4.45822453],[52.01910922,4.45819287],[52.01910025,4.45819275],[52.01906938,4.45819233],[52.0190516,4.4581891],[52.01898711,4.45815605],[52.0188444,4.4580829],[52.0188114,4.45807275],[52.01878723,4.45806698],[52.0187519,4.45806087],[52.01870441,4.4580579],[52.01865603,4.45806156],[52.01863691,4.45806532],[52.0186177,4.45806873],[52.01860022,4.45807491],[52.01857642,4.45808401],[52.01854923,4.45809875],[52.01852775,4.45811097],[52.01850785,4.45812447],[52.01848712,4.45814212],[52.01846796,4.45816104],[52.01844857,4.45818451],[52.01843673,4.45820056],[52.01841301,4.45824507],[52.01839857,4.45827134],[52.01838691,4.45829524],[52.0183752,4.45832076],[52.01834715,4.45837912],[52.01833569,4.45840646],[52.01832221,4.45844081],[52.01830941,4.45847669],[52.01830012,4.45850564],[52.01829067,4.45853672],[52.01827977,4.45857599],[52.01827219,4.45860273],[52.01825048,4.45867665],[52.01823393,4.45873032],[52.01822229,4.45876417],[52.01819882,4.45881684],[52.01816933,4.45887264],[52.01812602,4.45895069],[52.01807782,4.45901713],[52.01804228,4.45905974],[52.01798487,4.45912124],[52.01796451,4.45913664],[52.01795323,4.45914036],[52.01794169,4.45914306],[52.01792423,4.45914843],[52.01787096,4.45915398],[52.01785564,4.45915527],[52.01785192,4.45915558],[52.01785139,4.45915562],[52.01774513,4.45916461],[52.01771502,4.4591659],[52.01768806,4.45916254],[52.01766589,4.45915923],[52.01764579,4.45915624],[52.01758151,4.45914301],[52.01757562,4.45914143],[52.01757084,4.45914014],[52.0174879,4.45911778],[52.01745528,4.45913208],[52.01740564,4.45914531],[52.01733802,4.45918126],[52.01725871,4.45922672],[52.01725225,4.45923182],[52.01717391,4.45929377],[52.01711548,4.45938724],[52.0170688,4.45943091],[52.0170455,4.45943818],[52.0170211,4.45941545],[52.01697366,4.45936463],[52.0169573,4.45935676],[52.01692811,4.45934271],[52.01689798,4.45933668],[52.01687159,4.45932368],[52.01684937,4.45928662],[52.01682901,4.45925953],[52.01680483,4.45920537],[52.01678161,4.45916842],[52.01675443,4.45910117],[52.01672064,4.4590121],[52.01670303,4.45892838],[52.01666723,4.45886244],[52.01662725,4.45877474],[52.01658303,4.45870554],[52.01652414,4.45863278],[52.01648662,4.45859651],[52.01647045,4.45854537],[52.01642884,4.45854816],[52.01639843,4.45854379],[52.01635654,4.45854042],[52.0163169,4.45854368],[52.01627489,4.45854019],[52.01624571,4.45853261],[52.01622736,4.45852077],[52.01619908,4.45849656],[52.01616916,4.45847021],[52.01615104,4.45845316],[52.01611346,4.45841873],[52.01609993,4.45840946],[52.01608418,4.45840107],[52.01606604,4.45839256],[52.0160443,4.4583905],[52.01602306,4.45839298],[52.01598186,4.45840382],[52.01591347,4.45842382],[52.01585169,4.45847718],[52.0158064,4.45849812],[52.01572916,4.45851257],[52.01565706,4.45853365],[52.01562153,4.4585469],[52.01558659,4.45858267],[52.01555554,4.45862421],[52.01551245,4.45865374],[52.01547077,4.45867392],[52.01546091,4.45867439],[52.01540508,4.45872328],[52.01539454,4.45875699],[52.0153777,4.45880967],[52.01535125,4.45882745],[52.015314,4.45884744],[52.01529065,4.45885542],[52.01526491,4.45886423],[52.01521133,4.45891197],[52.01519768,4.45895019],[52.0151848,4.45898004],[52.01517628,4.4589998],[52.01514008,4.45908057],[52.01510874,4.45916141],[52.01508671,4.45921535],[52.01505143,4.45927535],[52.01501784,4.45930969],[52.01499063,4.45932855],[52.01495207,4.45933265],[52.01489207,4.45934447],[52.01485884,4.45936069],[52.01484645,4.45936673],[52.014781,4.45941519],[52.01473186,4.45947224],[52.01469181,4.45951088],[52.01464588,4.45956297],[52.01460576,4.4596],[52.01455144,4.4596583],[52.01451985,4.45969239],[52.01450663,4.45971445],[52.01448677,4.45974757],[52.01445242,4.45980586],[52.0144172,4.45988095],[52.01435164,4.46001385],[52.01430171,4.46011223],[52.01428008,4.46015835],[52.01426114,4.46019873],[52.01424115,4.46024788],[52.01421673,4.46030793],[52.01419704,4.46036027],[52.01417789,4.46039717],[52.01415451,4.46042964],[52.01413899,4.46044845],[52.01411032,4.46048448],[52.01408972,4.46050225],[52.01407668,4.46050374],[52.0140685,4.46052433],[52.01406332,4.46057139],[52.01405609,4.46062264],[52.01405422,4.46066245],[52.01404514,4.46068085],[52.01402436,4.46068977],[52.01399913,4.460676],[52.01396541,4.46064781],[52.01395684,4.46063176],[52.01394282,4.46061602],[52.01391626,4.46060371],[52.01387931,4.46060338],[52.01385758,4.46060459],[52.01381071,4.46062601],[52.01377284,4.46065033],[52.01374295,4.4606816],[52.01373566,4.46069065],[52.01372726,4.46070108],[52.01371205,4.46073684],[52.01368783,4.4607701],[52.0136556,4.46080191],[52.01361832,4.46083447],[52.01356848,4.46084135],[52.01351931,4.46083733],[52.01348396,4.4608549],[52.01344822,4.46089533],[52.01339328,4.46097468],[52.01333866,4.4610501],[52.01329678,4.46110268],[52.01324802,4.461143],[52.01320994,4.46116809],[52.01319514,4.461176],[52.0131214,4.46119372],[52.01310087,4.46119868],[52.0130934,4.46120048],[52.01304327,4.46122588],[52.01301541,4.46123999],[52.0129715,4.46126222],[52.01295447,4.46127085],[52.01291618,4.46130866],[52.01288504,4.4613394],[52.01284228,4.46138162],[52.01276823,4.46146704],[52.01275418,4.46148325],[52.01272074,4.46151293],[52.01269547,4.46153538],[52.01266587,4.46155941],[52.01265145,4.46156175],[52.0126332,4.46153666],[52.01260212,4.46148435],[52.01258608,4.46145514],[52.01251488,4.46129467],[52.01241061,4.46106258],[52.01235495,4.46094951],[52.01234411,4.46092748],[52.01229925,4.46084692],[52.01223723,4.46076469],[52.01219142,4.46073407],[52.01215187,4.4606972],[52.01209994,4.46063513],[52.01207517,4.46058472],[52.0120621,4.46052896],[52.01205613,4.46045882],[52.01205015,4.46038663],[52.01204171,4.46034606],[52.0120275,4.46031885],[52.01200839,4.46029888],[52.01197443,4.46028329],[52.01194033,4.46025243],[52.01192028,4.46022738],[52.01188679,4.46015779],[52.01187297,4.46012243],[52.01185239,4.46008721],[52.011831,4.46006525],[52.01179829,4.46003638],[52.01173482,4.46000001],[52.01171435,4.45997905],[52.01169428,4.45995196],[52.01167999,4.45991254],[52.01166696,4.45986392],[52.01165666,4.45975822],[52.01164369,4.45971673],[52.01162859,4.45969056],[52.01161404,4.45967558],[52.01159276,4.45966686],[52.0114321,4.4596651],[52.01138327,4.45965389],[52.01130206,4.45963797],[52.0112174,4.45962064],[52.01114607,4.45961703],[52.01105317,4.45962506],[52.01102299,4.45962848],[52.01097606,4.45963379],[52.01092924,4.45958994],[52.01081123,4.45949457],[52.0106928,4.45939884],[52.01055486,4.45927749],[52.01049861,4.45922277],[52.01037803,4.45908451],[52.01033445,4.45902332],[52.01022827,4.45884749],[52.01017573,4.45876785],[52.01009249,4.45864332],[52.01001937,4.45852683],[52.0099756,4.45844081],[52.00990283,4.45827878],[52.00983207,4.45812502],[52.00976651,4.4580084],[52.00969813,4.45790632],[52.00964664,4.45783494],[52.00958936,4.4577761],[52.00954012,4.45774193],[52.00948723,4.45774096],[52.00941814,4.45776102],[52.00936145,4.45777669],[52.0092949,4.45778221],[52.00925369,4.4577727],[52.00919167,4.45773259],[52.00913836,4.45767988],[52.00908893,4.45762088],[52.00903845,4.45755363],[52.00898188,4.45745958],[52.00893117,4.45736335],[52.00887434,4.45723619],[52.00880457,4.4570824],[52.00876293,4.45698184],[52.00872666,4.45685426],[52.00867043,4.45667949],[52.00860562,4.45653388],[52.00855898,4.45645619],[52.00852723,4.4564051],[52.0084907,4.4563686],[52.0084396,4.4563469],[52.00839431,4.45631678],[52.00834995,4.45628045],[52.00829163,4.45621336],[52.00824433,4.45617708],[52.00821186,4.45615706],[52.00817262,4.45614959],[52.00812388,4.45614233],[52.0080837,4.45613902],[52.00804346,4.45612744],[52.00799235,4.45610575],[52.00793725,4.45607377],[52.0078773,4.45604811],[52.00779234,4.45607885],[52.00772687,4.45609884],[52.00768674,4.45610174],[52.00766615,4.45609803],[52.00763865,4.45608824],[52.00760323,4.45606828],[52.0075481,4.45603217],[52.00748904,4.45599407],[52.00744392,4.45598467],[52.00737619,4.45596528],[52.0072998,4.45589564],[52.00723707,4.45587914],[52.00720937,4.45587717],[52.00712161,4.45589171],[52.00706838,4.4558572],[52.00699882,4.4557391],[52.00695144,4.45568157],[52.00690289,4.45563171],[52.00687528,4.45558368],[52.00685178,4.45553207],[52.00679803,4.45538902],[52.00669413,4.45541475],[52.00658864,4.45547036],[52.00651956,4.45547962],[52.00647716,4.4554805],[52.00645547,4.45545307],[52.0064249,4.45535106],[52.00637056,4.45538752],[52.00634342,4.45540574],[52.0062779,4.45550732],[52.00627311,4.45551475],[52.00621515,4.45560462],[52.00618798,4.45564675],[52.00614948,4.45568858],[52.00609682,4.45572511],[52.00599701,4.45582602],[52.00593925,4.45588691],[52.00588738,4.45591224],[52.00579597,4.45595889],[52.0057636,4.45599314],[52.00565375,4.45616325],[52.00564943,4.45617844],[52.00562641,4.45625968],[52.00559542,4.45638877],[52.00556327,4.45655495],[52.00554047,4.4565909],[52.00550038,4.45665074],[52.0054574,4.45669523],[52.00540583,4.45673709],[52.00537044,4.456748],[52.00500413,4.45696641],[52.0049438,4.45704261],[52.00487321,4.45720108],[52.00481793,4.45734147],[52.00477604,4.45747902],[52.00476312,4.45752906],[52.00473405,4.45764173],[52.00471174,4.4577159],[52.00470361,4.4577554],[52.00469111,4.45778724],[52.00466956,4.45781062],[52.00465066,4.45780264],[52.00463112,4.45778004],[52.00462081,4.45773836],[52.00456356,4.45780245],[52.00459709,4.45797972],[52.00458097,4.45798454],[52.00460687,4.45811891],[52.00461546,4.45816358],[52.00465516,4.45836989],[52.00464806,4.45847717],[52.00466964,4.45854142],[52.00468301,4.45858827],[52.00469632,4.458643],[52.00470284,4.45869948],[52.00469987,4.45876456],[52.00468812,4.45882215],[52.00466557,4.45886853],[52.00464439,4.45890005],[52.004626,4.45891294],[52.00460603,4.45891685],[52.00435456,4.45881478],[52.00400305,4.45867933],[52.00383317,4.45861241],[52.00373787,4.45856803],[52.00370087,4.45853367],[52.00368984,4.45851204],[52.00368719,4.45849763],[52.00367695,4.45852627],[52.00365099,4.45854983],[52.00360439,4.45856267],[52.00353026,4.45859566],[52.00345953,4.45862858],[52.00334458,4.45863647],[52.00325405,4.45864976],[52.00322359,4.45863558],[52.00321462,4.45861535],[52.00321116,4.45859645],[52.00319883,4.45860474],[52.00316822,4.45862359],[52.00314087,4.45862967],[52.00310206,4.45861382],[52.00304237,4.45865888],[52.00299894,4.45870701],[52.00296591,4.45872583],[52.00287652,4.45871936],[52.00286068,4.45871659],[52.00284872,4.45870618],[52.00283686,4.4586611],[52.00284054,4.45869436],[52.00283118,4.45871962],[52.00282615,4.4587336],[52.00280914,4.4587545],[52.00267361,4.45875332],[52.00252327,4.45875872],[52.00236379,4.45874454],[52.00221187,4.45872363],[52.00220925,4.45872819],[52.00219647,4.45871722],[52.0021138,4.4585756],[52.00206688,4.45844463],[52.0020284,4.458313],[52.00200182,4.45818624],[52.00188872,4.4575691],[52.00186713,4.45745132],[52.00177908,4.45733252],[52.00170624,4.45690208],[52.00163648,4.45648979],[52.00148699,4.45560642],[52.00147568,4.45553976],[52.00131088,4.45456806],[52.00130887,4.4545562],[52.00128147,4.45456808],[52.00127761,4.45454542],[52.00127352,4.45452143],[52.00129639,4.45451184],[52.00119439,4.45386602],[52.00116892,4.45370474],[52.0011664,4.45368881],[52.00114621,4.45356092],[52.00105158,4.45293514],[52.00104981,4.45292341],[52.00104764,4.45290909],[52.0010292,4.45285216],[52.00102315,4.45283349],[52.0010188,4.45282187],[52.00093222,4.4522962],[52.00091475,4.45224814],[52.00086941,4.45216242],[52.00069337,4.45086829],[52.00064625,4.45051079],[52.00062417,4.45034326],[52.00059251,4.45016555],[52.00055277,4.44994236],[52.00054685,4.44990913],[52.00050281,4.44977597],[52.0003845,4.44985379],[52.00028741,4.44991932],[52.0002715,4.44993005],[51.99962995,4.45036305],[51.9985763,4.45106694],[51.99830076,4.45125205],[51.99828618,4.45126185],[51.99826221,4.4512759],[51.99824152,4.45129727],[51.9982199,4.45131792],[51.99819285,4.45134094],[51.99817596,4.45137552],[51.99816,4.45141379],[51.99814291,4.45144828],[51.99813256,4.45146916],[51.99812085,4.45149276],[51.99808314,4.45157835],[51.99791682,4.4517233],[51.99788889,4.45166931],[51.99781791,4.45177651],[51.99780963,4.451789],[51.99777478,4.45184163],[51.99772961,4.45191548],[51.99760677,4.45211632],[51.99752114,4.45227149],[51.99740536,4.45253648],[51.99729028,4.4528222],[51.99727057,4.45287771],[51.99724265,4.45283669],[51.99720949,4.45278796],[51.99718894,4.45275776],[51.99706229,4.45258215],[51.99694961,4.4524187],[51.99694913,4.45241801],[51.99662159,4.45194292],[51.99659053,4.45187887],[51.99655298,4.45180146],[51.9961129,4.45109575],[51.99602931,4.45098703],[51.99602873,4.45098629],[51.99597883,4.45092139],[51.99597857,4.45092105],[51.99595023,4.45088421],[51.99593837,4.45087499],[51.99588026,4.45080133],[51.99573782,4.45062081],[51.99566727,4.45053139],[51.99533126,4.45014156],[51.99436201,4.44899214],[51.99337163,4.44770914],[51.99312273,4.44753311],[51.99292299,4.44745331],[51.99288732,4.44743906],[51.99286502,4.44743015],[51.99283278,4.44741727],[51.99257245,4.44731326],[51.99255833,4.44730761],[51.99252602,4.44729471],[51.99251629,4.44729082],[51.99240909,4.44724799],[51.99234495,4.44713637],[51.99226585,4.44699875],[51.99205293,4.44662827],[51.99204691,4.4466178],[51.99200737,4.446549],[51.9919518,4.44645232],[51.99182182,4.44622616],[51.99170318,4.44601974],[51.99165474,4.44593545],[51.99152324,4.44570665],[51.99032897,4.44362882],[51.98975569,4.44263147],[51.98963582,4.44242294],[51.98953333,4.44224465],[51.9894235,4.44205357],[51.98913148,4.44154558],[51.98883703,4.44103335],[51.98854563,4.44052645],[51.98825251,4.44001657],[51.98795558,4.43950005],[51.98746248,4.43864234],[51.98719574,4.43817836],[51.98719324,4.43817402],[51.98664469,4.43721992],[51.98639944,4.43679334],[51.98608333,4.43624354],[51.98576198,4.43568465],[51.98550443,4.43523672],[51.98550377,4.43523558],[51.98520014,4.43470751],[51.98489175,4.43417118],[51.98458621,4.43363985],[51.98435542,4.43323849],[51.98412616,4.43283981],[51.98389362,4.43243542],[51.98361591,4.4319525],[51.98333321,4.43146092],[51.98305544,4.43097791],[51.98281138,4.43055353],[51.98257006,4.43013393],[51.98221505,4.42951664],[51.98186108,4.42890117],[51.98167617,4.42857967],[51.98122631,4.42779751],[51.98117786,4.42771328],[51.98076814,4.42700093],[51.98060491,4.42671714],[51.98030067,4.42618821],[51.98007642,4.42579836],[51.98009372,4.42559845],[51.98010859,4.42542661],[51.98008639,4.42523221],[51.98000585,4.42509371],[51.97998182,4.42502199],[51.9798464,4.42482112],[51.97969921,4.42455757],[51.97961106,4.42444636],[51.97956764,4.42441306],[51.97950931,4.42437807],[51.97937473,4.42443919],[51.97936285,4.42441689],[51.97930351,4.42430554],[51.97925877,4.42422159],[51.97925704,4.42422394],[51.97912134,4.42440906],[51.9779358,4.42602613],[51.97793144,4.42603208],[51.97766892,4.42639014],[51.97747056,4.4266162],[51.97728851,4.42680393],[51.97691026,4.42732113],[51.97671778,4.42757154],[51.9767015,4.42759272],[51.97663757,4.42767587],[51.97662486,4.42769241],[51.97661142,4.42770988],[51.9764665,4.42789842],[51.97650748,4.42796072],[51.97653167,4.42799749],[51.97662013,4.42813197],[51.97652484,4.42824142],[51.97606933,4.42876377],[51.97587615,4.42896844],[51.97583203,4.42901819],[51.97582579,4.42902458],[51.97581757,4.42902999],[51.97581285,4.42903562],[51.97579533,4.429059],[51.97573012,4.42914468],[51.9756497,4.42924448],[51.97561665,4.42929205],[51.97557301,4.4293531],[51.97557402,4.42935628],[51.97556757,4.42936512],[51.97553784,4.42940581],[51.97552572,4.42941858],[51.97551209,4.42943314],[51.97550069,4.42944677],[51.97548655,4.42946498],[51.975467,4.42949305],[51.97546528,4.429496],[51.97545379,4.4295156],[51.97544167,4.42953958],[51.9754274,4.42956376],[51.97540864,4.42958963],[51.97538454,4.42962085],[51.97534541,4.42967336],[51.97530567,4.42972631],[51.97527779,4.42975747],[51.97524083,4.42980018],[51.97518204,4.42986716],[51.97517752,4.42987232],[51.97515257,4.42990118],[51.97511386,4.42994873],[51.97507162,4.43000537],[51.97505035,4.43003406],[51.97496807,4.43014115],[51.97467625,4.43051987],[51.97464496,4.43056173],[51.97462074,4.4305899],[51.97458406,4.43063318],[51.97452929,4.4307077],[51.97446777,4.43079052],[51.97440799,4.43086835],[51.97437532,4.43091062],[51.97434164,4.43095418],[51.97427961,4.43103133],[51.97423221,4.43109362],[51.9741833,4.43115855],[51.97412663,4.43123151],[51.97407257,4.43130369],[51.97402384,4.43136892],[51.97396596,4.43144772],[51.97386145,4.4315952],[51.97379829,4.43168737],[51.97378472,4.4317063],[51.97373057,4.43178181],[51.97367236,4.4318647],[51.97364593,4.43190463],[51.97362859,4.43193083],[51.97352527,4.43208149],[51.97349808,4.43212078],[51.97346389,4.43217216],[51.97343561,4.43222079],[51.97341281,4.43225737],[51.97340653,4.43227002],[51.97340284,4.43227999],[51.97339986,4.43228995],[51.97339573,4.43230198],[51.97339292,4.43230917],[51.97338769,4.43231859],[51.97337348,4.43233971],[51.97335374,4.43236618],[51.97334794,4.43237435],[51.97333614,4.43239101],[51.97331691,4.43241412],[51.97330158,4.43242944],[51.97328686,4.43244358],[51.97327813,4.43245337],[51.97326878,4.43246419],[51.973243,4.43249982],[51.9732311,4.43251753],[51.97322398,4.43252627],[51.97322288,4.43253415],[51.9732121,4.43254676],[51.9731974,4.4325625],[51.97318867,4.43257229],[51.97317977,4.43258296],[51.97317246,4.43259112],[51.97312078,4.43266308],[51.97309985,4.43269221],[51.97300899,4.43281654],[51.97294898,4.43289845],[51.97286796,4.43300569],[51.97282896,4.43306182],[51.97281039,4.43308827],[51.97279396,4.43311336],[51.97278392,4.43312798],[51.97277488,4.4331409],[51.97277388,4.43314231],[51.97276337,4.43315462],[51.97274894,4.43317064],[51.97273844,4.43318382],[51.97270856,4.43322331],[51.97270424,4.43323301],[51.97270134,4.43324151],[51.97269772,4.43324945],[51.972694,4.43325651],[51.97268777,4.43326407],[51.97268206,4.43326929],[51.97265867,4.43328972],[51.97265077,4.43329737],[51.97264868,4.43329939],[51.97264497,4.43330393],[51.97263498,4.43331613],[51.97262296,4.43333065],[51.97255772,4.4334214],[51.97246929,4.43354611],[51.97245805,4.4335614],[51.97244546,4.43357849],[51.97242582,4.43360605],[51.97236487,4.43369156],[51.97236023,4.43369833],[51.97231073,4.43376478],[51.97217073,4.43395264],[51.97202723,4.43414523],[51.97202071,4.43415046],[51.97201374,4.43415628],[51.97200665,4.43416291],[51.97198857,4.43417806],[51.97197725,4.43418922],[51.97196148,4.43420687],[51.97194251,4.43422853],[51.97192337,4.43425105],[51.97187583,4.43430766],[51.97183513,4.43435451],[51.971807,4.43438858],[51.9717867,4.43441274],[51.9717807,4.43441966],[51.97176497,4.43443779],[51.97175118,4.43445555],[51.97173775,4.43447266],[51.9717749,4.43456152],[51.97151342,4.43489452],[51.9711721,4.43533679],[51.97114779,4.43535866],[51.97108154,4.43544866],[51.97098345,4.43559059],[51.97076897,4.4358711],[51.9706721,4.43599963],[51.97057049,4.43617579],[51.97049986,4.43624114],[51.97038452,4.43634785],[51.97007646,4.43675096],[51.96996968,4.43688986],[51.96973018,4.43721305],[51.96962385,4.43735622],[51.96938591,4.43767884],[51.96925442,4.43785016],[51.96900185,4.43818899],[51.96890786,4.43831074],[51.96862722,4.43869066],[51.96854259,4.43881128],[51.96821742,4.43925603],[51.96808446,4.43943693],[51.96776027,4.43989346],[51.96763222,4.44006798],[51.96725489,4.44058622],[51.96709376,4.44080528],[51.96677052,4.44124345],[51.96665989,4.44138405],[51.96646294,4.44164704],[51.96645987,4.44165115],[51.96642381,4.4416993],[51.96642089,4.44170321],[51.96624667,4.44193584],[51.96614427,4.44208645],[51.9657473,4.44267539],[51.96564099,4.44283968],[51.96519555,4.44346706],[51.9650808,4.44362751],[51.96458913,4.44430346],[51.96439656,4.4445444],[51.96424782,4.44472097],[51.96379691,4.44531167],[51.96372958,4.44539986],[51.96298838,4.44640493],[51.96278599,4.44668214],[51.96280252,4.44671513],[51.96288303,4.44687582],[51.96310589,4.4472958],[51.96308542,4.44732372],[51.96295939,4.44749389],[51.96394341,4.44850844],[51.96460174,4.44918724],[51.96493221,4.44952799],[51.96526254,4.4498686],[51.96546647,4.45007888],[51.96557756,4.45021825],[51.96581295,4.45051358],[51.96583897,4.45064719],[51.96588493,4.45088315],[51.96610937,4.45203534],[51.96622454,4.45254822],[51.96632156,4.45299323],[51.96665246,4.45426444],[51.96667379,4.45424566],[51.9669816,4.45550821],[51.9672691,4.45667223],[51.9674132,4.45719589],[51.96746087,4.45734181],[51.96760084,4.45777031],[51.96781419,4.45834537],[51.96798706,4.45878113],[51.96803188,4.45884889],[51.96823838,4.45922983],[51.96878177,4.46009727],[51.96878252,4.46009847],[51.96878307,4.46009895],[51.96910146,4.46037474],[51.96914726,4.46040275],[51.96954964,4.46056835],[51.9695942,4.46057704],[51.97017433,4.46056607],[51.97044193,4.46049059],[51.97044213,4.46049053],[51.9705944,4.46044757],[51.9716088,4.46016141],[51.97170998,4.46036449],[51.97171109,4.46036673],[51.97178811,4.46052131],[51.97189773,4.46074134],[51.97196822,4.46088283],[51.97203062,4.46100807],[51.972255,4.46145847],[51.97225701,4.46146249],[51.97230218,4.46155315],[51.97231019,4.46156923],[51.97246768,4.46188534],[51.9725052,4.46196067],[51.97265435,4.4622037],[51.97268145,4.4622206],[51.97270923,4.46220984],[51.97371052,4.46174675],[51.97376755,4.46169368],[51.97387204,4.46159642],[51.97479017,4.46135874],[51.97483725,4.46134655],[51.97512199,4.46167641],[51.97518773,4.46175257],[51.97572046,4.46236168],[51.97575485,4.462401],[51.97610042,4.46279612],[51.97640667,4.46315301],[51.97640306,4.46316048],[51.97682907,4.46367727],[51.97699986,4.46386529],[51.97714771,4.4640232],[51.97714855,4.46402145],[51.97731592,4.46367591],[51.97752655,4.46324105],[51.97816806,4.46396731],[51.97830705,4.46412467],[51.97892975,4.46580275],[51.97892964,4.46580297],[51.97883847,4.46598842],[51.97883793,4.46598951],[51.97874425,4.46618011],[51.9787441,4.46618039],[51.97866355,4.46634424],[51.97866309,4.46634516],[51.97860141,4.46647065],[51.97860061,4.46647228],[51.97849831,4.46668036],[51.97864396,4.46698977],[51.97870902,4.46712798],[51.97870916,4.46712827],[51.97870984,4.46712972],[51.97876657,4.46723955],[51.97876679,4.46723997],[51.97884147,4.46738458],[51.97884174,4.46738511],[51.97887947,4.46745816],[51.97889943,4.46749627],[51.97889957,4.46749654],[51.97895745,4.46760713],[51.97895768,4.46760758],[51.97903316,4.46775175],[51.97903324,4.46775191],[51.97904767,4.46777947],[51.97909228,4.46786168],[51.97909242,4.46786192],[51.97915075,4.46796941],[51.97915162,4.46797103],[51.97921776,4.4680929],[51.97926678,4.46818673],[51.97928101,4.4682084],[51.97928129,4.46820884],[51.97938358,4.4683647],[51.97938482,4.4683666],[51.97945029,4.46846635],[51.97945038,4.46846649],[51.9794964,4.4685366],[51.97951665,4.46856335],[51.97951703,4.46856385],[51.97958641,4.46865544],[51.97958682,4.46865599],[51.97965537,4.46874646],[51.97965662,4.46874813],[51.97973721,4.46885451],[51.97976567,4.46888942],[51.97976586,4.46888965],[51.97992678,4.46908698],[51.97993586,4.46909811],[51.98000571,4.46918375],[51.97998412,4.46922747],[51.98018749,4.4694513],[51.98028523,4.46925857],[51.98029665,4.46923607],[51.98030762,4.46921443],[51.98038193,4.46906788],[51.98047978,4.46887492],[51.98052423,4.46896283],[51.9805492,4.46901222],[51.98054398,4.46902265],[51.98030608,4.46950496],[51.98028844,4.46954071],[51.98009327,4.46993866],[51.98008637,4.46995232],[51.97982325,4.47047257],[51.97977958,4.47055824],[51.97959939,4.4709117],[51.97933793,4.47143059],[51.97933786,4.47143074],[51.97933698,4.47143249],[51.97933097,4.4714443],[51.97924353,4.47161593],[51.97923658,4.47162958],[51.97915676,4.47178627],[51.97915336,4.47179295],[51.97907411,4.47194851],[51.97883549,4.47242727],[51.97882922,4.47243985],[51.97877115,4.47255636],[51.97870372,4.47269106],[51.97851514,4.4730678],[51.97847289,4.47315218],[51.97828931,4.47351539],[51.97827627,4.47354119],[51.97821583,4.4736608],[51.97816274,4.47376584],[51.97815381,4.47378405],[51.97811934,4.47385442],[51.97809394,4.47390627],[51.97808027,4.47393418],[51.97806431,4.47396562],[51.97806385,4.47396652],[51.97806345,4.47396731],[51.97803289,4.47402754],[51.97800906,4.47407449],[51.97797178,4.47414795],[51.97791089,4.47426794],[51.97790991,4.47426986],[51.97789348,4.47430225],[51.97786335,4.47436164],[51.97781234,4.47446404],[51.97780061,4.47448757],[51.97776107,4.47456697],[51.97766771,4.4747544],[51.97764463,4.47480073],[51.97754004,4.47501091],[51.97740341,4.47528548],[51.97740238,4.47528756],[51.97740134,4.4752897],[51.97739971,4.47529303],[51.9772786,4.47554077],[51.9771494,4.47580508],[51.97707869,4.47594974],[51.97699492,4.47612108],[51.97697401,4.47616351],[51.97688861,4.47633677],[51.97687325,4.47636792],[51.97674176,4.47663471],[51.97669223,4.47673521],[51.97656728,4.47698869],[51.97641639,4.47729482],[51.97626217,4.47760771],[51.97624961,4.47763319],[51.97609902,4.47793869],[51.97602098,4.47810211],[51.97591641,4.47831838],[51.97588154,4.47838812],[51.975407,4.47933385],[51.97523123,4.47968382],[51.97521133,4.47972345],[51.97521119,4.47972373],[51.97410799,4.48192014],[51.97379122,4.48254799],[51.97375567,4.4826236],[51.97359124,4.48294987],[51.97350441,4.48311707],[51.97348058,4.48316548],[51.97336316,4.48325126],[51.97324514,4.48333745],[51.97298855,4.48384213],[51.97289731,4.48402159],[51.97288741,4.48404108],[51.97282409,4.48416561],[51.97211773,4.48555254],[51.97198638,4.48581044],[51.97173476,4.48671025],[51.97160588,4.4869655],[51.97112292,4.48792204],[51.96955591,4.49099468],[51.96870824,4.49267234],[51.96869599,4.49269659],[51.96834554,4.49339016],[51.96783947,4.49439064],[51.96781958,4.49442993],[51.96744684,4.49517056],[51.96744252,4.4951792],[51.96743989,4.49518445],[51.96740303,4.49525811],[51.96743885,4.49525937],[51.9690428,4.49531624],[51.9690706,4.49531844],[51.96969183,4.49530998],[51.97062024,4.49556354],[51.97156457,4.49574573],[51.97184452,4.49579976],[51.97179654,4.49589416],[51.97172551,4.4960339],[51.97167373,4.49613575],[51.97161985,4.49624177],[51.97157401,4.49633194],[51.97156791,4.49633976],[51.96993775,4.49955903],[51.9694659,4.50048199],[51.96783443,4.50370222],[51.96720962,4.5049369],[51.9663758,4.50658455],[51.96635388,4.50662788],[51.96635211,4.50663139],[51.96565206,4.50584423],[51.96389497,4.50927394],[51.96390189,4.50928323],[51.96384629,4.50939173],[51.96256623,4.51195491],[51.96242045,4.51224691],[51.96292173,4.51310334],[51.96260566,4.51378901],[51.9626538,4.51390077],[51.96215793,4.51487853],[51.96177955,4.51562373],[51.96175271,4.51567717],[51.96174686,4.51568882],[51.96134137,4.51648735],[51.96127835,4.5166201],[51.96128209,4.51663895],[51.96061277,4.51794806],[51.96056447,4.51804254],[51.96045238,4.51826177],[51.96039919,4.51836579]]]]},"id":"f8d3ed99-c6c9-52c6-a634-d7b19b3039a1"},{"type":"Feature","properties":{"begin_lifespan_version":"2025-12-31T23:00:00Z","local_id":"GM1659","name":"Laarbeek","national_code":"1659","national_level":"3rdOrder","national_level_name":"Gemeente","residence_of_authority":null,"upper_level_unit":"Noord-Brabant"},"geometry":{"type":"MultiPolygon","coordinates":[[[[51.49832167,5.62488886],[51.49833302,5.6250712],[51.498347,5.62523612],[51.49835242,5.62527542],[51.498366,5.62544285],[51.4983656,5.62561447],[51.49834509,5.6258035],[51.49833757,5.62585876],[51.4983188,5.62594705],[51.49828547,5.62606608],[51.49823143,5.62620574],[51.49820315,5.62626725],[51.49812963,5.6263946],[51.49804512,5.62650375],[51.49796167,5.62657913],[51.49787342,5.62663989],[51.49778493,5.62667989],[51.49769528,5.6267029],[51.49751683,5.62670319],[51.49745356,5.62669804],[51.49738382,5.62669372],[51.4970817,5.62667265],[51.49697465,5.62666295],[51.49693187,5.62666134],[51.49678786,5.62666899],[51.49667731,5.62669587],[51.4965793,5.62672757],[51.49648182,5.62677452],[51.49639321,5.62682568],[51.49627481,5.62693101],[51.49621991,5.62699826],[51.49613664,5.62710142],[51.49605831,5.62723215],[51.49597994,5.62740875],[51.49590151,5.6276181],[51.49583974,5.62782478],[51.49579386,5.62804784],[51.49572611,5.6283906],[51.49567017,5.6286683],[51.49557033,5.62913955],[51.49544928,5.6296663],[51.49536375,5.63003091],[51.49531222,5.63023759],[51.49526792,5.63039947],[51.49521312,5.63057519],[51.49515468,5.63076086],[51.49511066,5.63093918],[51.49509479,5.63104951],[51.49510903,5.6310621],[51.49510697,5.63106832],[51.49508027,5.63131851],[51.49503923,5.63200199],[51.49501197,5.63248832],[51.4949646,5.63332578],[51.49492012,5.63417412],[51.49488482,5.63476635],[51.49488447,5.63477848],[51.4948832,5.6348223],[51.49492815,5.63491552],[51.49493342,5.63492965],[51.49523992,5.63575213],[51.49524972,5.63577842],[51.49533701,5.63600589],[51.49538181,5.63611251],[51.49540999,5.63616324],[51.4954408,5.63619498],[51.4955976,5.63631688],[51.49573455,5.63641549],[51.495769,5.63644463],[51.49579195,5.63646403],[51.49585635,5.63652903],[51.49590923,5.63658921],[51.49602397,5.63672623],[51.49614849,5.63689129],[51.49623237,5.63702401],[51.496338,5.63719114],[51.49657192,5.63760198],[51.49688506,5.63815196],[51.49714542,5.63862008],[51.49720795,5.63873249],[51.49747066,5.63920834],[51.497565,5.63939452],[51.49757046,5.63940773],[51.4976064,5.63949469],[51.49774503,5.63984476],[51.49778472,5.63993913],[51.49797747,5.64039506],[51.49803597,5.64052585],[51.49804753,5.64055167],[51.49812162,5.64071053],[51.49814821,5.64077211],[51.49815354,5.64078447],[51.49819462,5.64090104],[51.49822161,5.64097203],[51.49824729,5.6410358],[51.49827795,5.64109532],[51.49830375,5.64113893],[51.49833095,5.6411732],[51.49835866,5.64120172],[51.4983846,5.64122373],[51.49874675,5.64151861],[51.49882339,5.64158119],[51.49889683,5.64164116],[51.49924256,5.64192346],[51.49924525,5.64192564],[51.49934625,5.64200751],[51.4998309,5.64240036],[51.49983711,5.6424054],[51.4998885,5.64244705],[51.50005263,5.64256457],[51.50014453,5.64263039],[51.50022282,5.64269284],[51.50028534,5.64275935],[51.50104115,5.6438673],[51.50123844,5.64415654],[51.50124801,5.64417255],[51.50132547,5.64430231],[51.50157759,5.64474401],[51.50161775,5.64482807],[51.501639,5.64489927],[51.50168296,5.64509281],[51.50172249,5.64532093],[51.50175828,5.64557675],[51.50176438,5.64562035],[51.50178205,5.64569661],[51.50180645,5.64576491],[51.50186889,5.64588587],[51.50186987,5.64588775],[51.50187917,5.64590617],[51.50193529,5.64601717],[51.50206163,5.64625593],[51.50209062,5.64635141],[51.50209425,5.64636339],[51.50211063,5.64650441],[51.50215447,5.64664007],[51.50221401,5.64685299],[51.50225809,5.64700795],[51.50235679,5.64734739],[51.50265324,5.64804813],[51.50287504,5.64857242],[51.50297463,5.64881309],[51.50310421,5.64913238],[51.50317442,5.64933019],[51.5031876,5.6494068],[51.50318095,5.64944449],[51.50315834,5.6495186],[51.50314234,5.64957808],[51.50315094,5.64964301],[51.50315677,5.64966109],[51.50318621,5.64975246],[51.50322311,5.6498845],[51.503316,5.65014384],[51.50335184,5.65023464],[51.50343392,5.65042941],[51.5034959,5.65052612],[51.50351982,5.65049564],[51.50360937,5.6503739],[51.50369527,5.65028064],[51.50374877,5.65025369],[51.50375642,5.65025496],[51.50380658,5.65036918],[51.50382137,5.6504684],[51.50383203,5.65059067],[51.50384162,5.6507006],[51.50387833,5.65106272],[51.50388167,5.65109555],[51.50395599,5.65191332],[51.50396378,5.6519991],[51.50398367,5.65221824],[51.50400266,5.65242743],[51.50405586,5.65301338],[51.50406164,5.65307713],[51.50476822,5.65311955],[51.5048625,5.65315805],[51.50498818,5.65322179],[51.50509679,5.65329594],[51.50521507,5.65334799],[51.50527145,5.65339143],[51.5053335,5.65343433],[51.50553835,5.6535977],[51.50561549,5.65366419],[51.50564594,5.65370324],[51.50567206,5.65375379],[51.5056791,5.65379857],[51.50567728,5.65385456],[51.50567112,5.65392203],[51.50565724,5.65400077],[51.50563835,5.65409366],[51.50563285,5.65417564],[51.5056313,5.65424069],[51.50565204,5.65429994],[51.50568518,5.65436089],[51.50571143,5.65438972],[51.50574468,5.65441268],[51.50579429,5.65443757],[51.50582401,5.65444673],[51.50586382,5.65445924],[51.5059046,5.65449443],[51.50594123,5.65453479],[51.50596916,5.65458184],[51.50599641,5.65463246],[51.50603994,5.65472212],[51.50610222,5.65486276],[51.50616527,5.65501431],[51.50624198,5.65519841],[51.50626585,5.65526599],[51.50630211,5.65533528],[51.50634534,5.65539961],[51.50654123,5.65569905],[51.50658546,5.65574985],[51.50662422,5.65579488],[51.50666077,5.65583795],[51.50671017,5.65586918],[51.50686026,5.65593946],[51.5071158,5.65607715],[51.50717561,5.65610182],[51.5072495,5.65612919],[51.50724485,5.65629273],[51.50730931,5.65640379],[51.50648856,5.65769037],[51.50631476,5.65795872],[51.50551482,5.65919704],[51.50539209,5.65941649],[51.50529032,5.65963126],[51.50476796,5.66084334],[51.50459205,5.6611999],[51.50435247,5.66146413],[51.50396965,5.66182983],[51.50337194,5.66240472],[51.50334989,5.66242593],[51.5030986,5.66266822],[51.5025223,5.66322385],[51.50225587,5.66358521],[51.50224808,5.66360588],[51.50207112,5.66407541],[51.50158263,5.66581084],[51.50091174,5.6681941],[51.5008554,5.66839426],[51.50082124,5.6685156],[51.50073227,5.66879387],[51.50051682,5.66942642],[51.5001555,5.67050319],[51.50002036,5.67090588],[51.49990026,5.6712638],[51.49982035,5.67152647],[51.49980276,5.67158426],[51.49973883,5.67184632],[51.49971474,5.67194505],[51.49953414,5.67268528],[51.4994141,5.67317732],[51.4992535,5.67383555],[51.49913713,5.67431251],[51.4990557,5.67465308],[51.49896036,5.67505183],[51.49894753,5.67510545],[51.49908376,5.67497857],[51.49932887,5.67475028],[51.49936197,5.67471945],[51.49953391,5.67455931],[51.49958888,5.67450812],[51.49967668,5.67442635],[51.49977021,5.67434251],[51.50000124,5.67413539],[51.50035178,5.67382113],[51.50054649,5.6736414],[51.50110424,5.67311701],[51.50186291,5.6723743],[51.50261228,5.67160731],[51.50335181,5.67081662],[51.50413815,5.66995184],[51.50417795,5.67003397],[51.50464479,5.67099745],[51.50466455,5.67103822],[51.50472343,5.67115974],[51.50473105,5.67117545],[51.50476654,5.67124873],[51.50496965,5.67166792],[51.50501552,5.67176258],[51.50532084,5.67241162],[51.5054416,5.67266832],[51.50539937,5.67291827],[51.50529977,5.67397328],[51.50529632,5.67397248],[51.50528549,5.67408879],[51.50528368,5.67410793],[51.50520346,5.67506682],[51.50503795,5.6768101],[51.5047798,5.67966677],[51.504771,5.67980882],[51.50473184,5.68023258],[51.50470576,5.68051479],[51.50467449,5.68085314],[51.50467339,5.68086504],[51.50455449,5.68215153],[51.50452499,5.68247082],[51.50449194,5.68282834],[51.50447964,5.68296132],[51.50516254,5.68321278],[51.50751906,5.68407725],[51.5075954,5.68410526],[51.50769839,5.6841435],[51.50770001,5.6841441],[51.50850951,5.68444178],[51.50850981,5.68444188],[51.50951619,5.68481197],[51.51056375,5.68519935],[51.51144448,5.68552505],[51.51200815,5.68573353],[51.51211051,5.68577128],[51.51218761,5.68579974],[51.51273601,5.68600509],[51.51284568,5.68548857],[51.51293936,5.68504733],[51.51297113,5.68489771],[51.51303837,5.68465237],[51.51314908,5.68424849],[51.51315282,5.68423486],[51.51322784,5.68407013],[51.51405415,5.68442123],[51.51506831,5.68487016],[51.51510857,5.684888],[51.51527749,5.68495797],[51.51600087,5.68525761],[51.51601209,5.68526227],[51.5160242,5.68525683],[51.51656521,5.68501374],[51.51679717,5.68493087],[51.51725844,5.68472126],[51.51765748,5.68455042],[51.51777926,5.68452059],[51.51780213,5.68442439],[51.51782279,5.68433751],[51.51784858,5.68377268],[51.5178681,5.68344896],[51.51794123,5.6829859],[51.51798472,5.68270119],[51.51802728,5.68248387],[51.51807131,5.68232297],[51.51810191,5.68216552],[51.51814122,5.6820418],[51.51819683,5.68193769],[51.51827421,5.68174143],[51.51838949,5.68157567],[51.51865115,5.68144299],[51.51877963,5.68134774],[51.51922138,5.68113271],[51.51949566,5.68086386],[51.51972276,5.68062036],[51.52001687,5.6803279],[51.52009924,5.68023055],[51.52018996,5.68015599],[51.5203564,5.68006445],[51.52061724,5.6799764],[51.52080413,5.67986991],[51.52117798,5.67969863],[51.52148225,5.67954583],[51.52181113,5.67934088],[51.52206632,5.67918548],[51.52249606,5.67895801],[51.52236526,5.67784693],[51.52237196,5.67776253],[51.52239893,5.67769443],[51.52244943,5.67763669],[51.52257838,5.6775745],[51.52282781,5.6776088],[51.52295146,5.6775917],[51.52327715,5.67753642],[51.52390544,5.67709328],[51.52435429,5.67673825],[51.52440351,5.67660648],[51.5244687,5.67625476],[51.52472577,5.67486377],[51.52482438,5.67467543],[51.52495332,5.67451999],[51.52495996,5.6744585],[51.52496199,5.67443971],[51.5255249,5.67442574],[51.52553071,5.67444512],[51.5255445,5.67449112],[51.52577566,5.67453877],[51.52582731,5.67456497],[51.52586592,5.67462108],[51.52588822,5.67467258],[51.52588113,5.67484619],[51.52584287,5.67511685],[51.52579122,5.67530685],[51.52578148,5.67560906],[51.525777,5.67598258],[51.52576051,5.67609954],[51.5257696,5.67634445],[51.5257592,5.67642551],[51.52567675,5.67749986],[51.52568041,5.67760714],[51.52570878,5.67844037],[51.52573518,5.67867782],[51.52578368,5.67883189],[51.52584029,5.67909033],[51.52585715,5.6794852],[51.52585645,5.68052147],[51.52594935,5.68083128],[51.52613194,5.68107397],[51.52624744,5.68105359],[51.52647081,5.68085582],[51.52656542,5.68047678],[51.52660102,5.68033413],[51.52725775,5.67770312],[51.52745431,5.67774467],[51.52783989,5.67778086],[51.52796306,5.67788513],[51.52829609,5.67828012],[51.52835729,5.67837403],[51.52839543,5.67878871],[51.52838974,5.67913219],[51.52836337,5.67934107],[51.52819401,5.68008142],[51.52798959,5.68082219],[51.52779638,5.68141967],[51.5276595,5.68184297],[51.52760468,5.68210507],[51.52765169,5.68219551],[51.52767655,5.68224336],[51.5276978,5.68221313],[51.52774439,5.68215522],[51.5277928,5.68210881],[51.52783762,5.68206243],[51.52787703,5.68200455],[51.52791465,5.68195244],[51.52795046,5.68189747],[51.52798084,5.68182235],[51.5279839,5.68181521],[51.52801302,5.68174722],[51.52804881,5.68168074],[51.52808822,5.68162284],[51.52812407,5.68158806],[51.5281589,5.68156546],[51.52817791,5.68155313],[51.52821738,5.68152696],[51.52825141,5.68148065],[51.52835879,5.68128113],[51.52839997,5.68121459],[51.52849308,5.68106993],[51.52865602,5.68080956],[51.52881538,5.68055211],[51.52915023,5.68003129],[51.52933472,5.67976791],[51.52946013,5.67960575],[51.52962143,5.67941742],[51.52970386,5.67931317],[51.52979346,5.67920021],[51.52988839,5.67906705],[51.53018212,5.6786416],[51.53021434,5.67858664],[51.53025731,5.67851432],[51.53035212,5.67832928],[51.53041117,5.67821365],[51.53048459,5.67810367],[51.53063859,5.67786639],[51.53068872,5.67778538],[51.53074061,5.67768708],[51.53082466,5.67750499],[51.53085689,5.6774529],[51.53091246,5.67739493],[51.53098057,5.67732246],[51.53106116,5.67719803],[51.5311381,5.67705632],[51.53128308,5.67680181],[51.53133682,5.67672364],[51.53139592,5.67664258],[51.5314657,5.67650958],[51.53152,5.67639602],[51.53152651,5.67638238],[51.53159991,5.67626088],[51.53172342,5.6760526],[51.53183989,5.67591065],[51.53191339,5.67583525],[51.53197078,5.67578015],[51.53199415,5.67575996],[51.53205148,5.67571046],[51.53213754,5.6756321],[51.53218234,5.67558284],[51.53221999,5.67553936],[51.53225937,5.67547283],[51.53230944,5.67537164],[51.53234866,5.67529608],[51.53235543,5.67528722],[51.53243117,5.67516337],[51.53248133,5.67509676],[51.53254406,5.67502432],[51.53260143,5.67496919],[51.5326588,5.67491695],[51.53278981,5.67484408],[51.5328026,5.67483675],[51.53288133,5.67479162],[51.5329818,5.67472758],[51.53310199,5.67463748],[51.53326167,5.67452984],[51.53329939,5.67450614],[51.53342853,5.67442502],[51.53358824,5.67433467],[51.53366537,5.67427941],[51.53382146,5.67417467],[51.53395425,5.67409891],[51.53403141,5.67405231],[51.53408879,5.67400007],[51.53415146,5.67390744],[51.53422124,5.67377153],[51.53425705,5.67371655],[51.53436277,5.6735833],[51.534438,5.67348195],[51.53450969,5.67340368],[51.53458682,5.67334555],[51.53469268,5.67327569],[51.534777,5.67321464],[51.53481465,5.67318269],[51.53487735,5.67310448],[51.53493108,5.67302344],[51.5350367,5.67284983],[51.53514053,5.67267623],[51.53521398,5.67258066],[51.53527134,5.67252553],[51.53533954,5.6724905],[51.53540058,5.67246706],[51.53545081,5.67242928],[51.53548047,5.67239822],[51.53557182,5.67221947],[51.53559288,5.67218808],[51.53561455,5.6721503],[51.53564369,5.67210045],[51.53565876,5.67207868],[51.53567093,5.67206109],[51.53569201,5.6720297],[51.5357169,5.67199632],[51.53573916,5.67196668],[51.53578447,5.67192361],[51.53581679,5.67190803],[51.53585489,5.67188874],[51.53587655,5.6718745],[51.53591096,5.67185189],[51.53596298,5.6718148],[51.53604725,5.67177741],[51.53610713,5.67174365],[51.5361562,5.67171386],[51.53620841,5.67167464],[51.53632783,5.67157646],[51.53638818,5.67151804],[51.5364808,5.67143458],[51.5365335,5.67138527],[51.53658645,5.67135277],[51.53663442,5.67132492],[51.53667224,5.67129898],[51.53676181,5.67121916],[51.53690537,5.67110051],[51.53695696,5.67105823],[51.53698096,5.67103921],[51.53706001,5.67098963],[51.53717424,5.67092297],[51.53732711,5.67082625],[51.53741831,5.67076792],[51.53749998,5.67069494],[51.53754072,5.67065224],[51.53757576,5.67060234],[51.53759369,5.6705804],[51.53764833,5.67053448],[51.53769679,5.67049652],[51.5377394,5.67046302],[51.53782748,5.67035515],[51.53791923,5.6702518],[51.53800183,5.67016884],[51.53805394,5.67012084],[51.53810626,5.67008527],[51.5381603,5.67005086],[51.53823549,5.67001348],[51.53833431,5.66997591],[51.53837255,5.66993551],[51.53838404,5.66991933],[51.5384252,5.66984759],[51.53845619,5.66979234],[51.53849735,5.66973517],[51.53858909,5.66961725],[51.53862028,5.66957955],[51.53865025,5.66952554],[51.53869144,5.66944359],[51.53873543,5.66936087],[51.53877784,5.66925592],[51.53881928,5.66915657],[51.53886588,5.66903587],[51.53890519,5.66891051],[51.53891419,5.6688826],[51.53893704,5.66881175],[51.53896735,5.66878841],[51.53901887,5.66875676],[51.53904027,5.66874611],[51.53906876,5.66871797],[51.5391094,5.66864683],[51.53912959,5.66857589],[51.53914195,5.66853078],[51.53915283,5.66845948],[51.53915697,5.66843238],[51.53917425,5.66835857],[51.53921269,5.66828179],[51.53924191,5.66822614],[51.53926053,5.66820489],[51.53929469,5.66816592],[51.53933193,5.66812674],[51.53937942,5.66807471],[51.53939191,5.66806241],[51.5396671,5.66780186],[51.53985579,5.6676175],[51.53998834,5.66750496],[51.54020219,5.66733318],[51.54028616,5.6672585],[51.5403229,5.66722582],[51.54047285,5.66706404],[51.54048717,5.66704061],[51.54056444,5.66691421],[51.54066338,5.66685771],[51.54066859,5.66685474],[51.54068558,5.66684503],[51.54072284,5.66682375],[51.54152809,5.66636387],[51.54205311,5.66606266],[51.54263524,5.66571623],[51.54380727,5.6650345],[51.54443701,5.66469929],[51.54497411,5.66438269],[51.54588679,5.66383955],[51.54739691,5.66294081],[51.5477462,5.6627302],[51.54803934,5.66255344],[51.54804052,5.66255272],[51.54863471,5.66215409],[51.54874921,5.66208457],[51.54932599,5.6617866],[51.55037351,5.66110622],[51.55079168,5.66082789],[51.55110168,5.66062548],[51.55117209,5.66057951],[51.55132598,5.66047902],[51.55137577,5.66045155],[51.55162451,5.66031435],[51.55170012,5.66027264],[51.55334307,5.6596135],[51.55504878,5.65894619],[51.55568896,5.65869322],[51.55678645,5.65825954],[51.55838758,5.65760621],[51.55877425,5.65745179],[51.55913527,5.65730762],[51.56005409,5.65694067],[51.56024247,5.6568666],[51.56248829,5.65598361],[51.56335135,5.65564982],[51.56410979,5.65531985],[51.56452886,5.65517124],[51.56458796,5.65515168],[51.56474461,5.65509988],[51.5649861,5.65501568],[51.56523287,5.65491979],[51.56548755,5.65482597],[51.56569797,5.65472705],[51.56620278,5.65449638],[51.56650534,5.65434846],[51.56674741,5.65421864],[51.56715606,5.65399664],[51.56753511,5.65377731],[51.56875495,5.65309924],[51.56886386,5.6528938],[51.56928896,5.65267554],[51.56930556,5.65268764],[51.56934329,5.65271708],[51.56939258,5.65272863],[51.56945187,5.65271402],[51.56950965,5.65268205],[51.56957891,5.65259294],[51.56960043,5.65256679],[51.56961697,5.65254668],[51.56963541,5.65252537],[51.56966189,5.65249698],[51.56967856,5.65248587],[51.56962465,5.6523801],[51.56955762,5.65225946],[51.56919187,5.65161329],[51.56908199,5.65139106],[51.569053,5.65132392],[51.56898317,5.65115943],[51.56893992,5.65104089],[51.56867574,5.65033282],[51.56836929,5.64951102],[51.56803736,5.64862322],[51.56787799,5.64819533],[51.56778878,5.64795583],[51.56757495,5.64738248],[51.56755036,5.64731961],[51.5675215,5.647246],[51.56747639,5.64712902],[51.56740747,5.64696661],[51.5673576,5.64685195],[51.56734927,5.64683637],[51.56731145,5.64676568],[51.56725053,5.64665181],[51.56712484,5.64647074],[51.56699047,5.64630407],[51.56689772,5.64621162],[51.56654961,5.64586109],[51.5663803,5.6456888],[51.56620245,5.64550872],[51.56606324,5.64536807],[51.56597391,5.6452775],[51.5658069,5.64510729],[51.5657988,5.64507501],[51.56579573,5.64502206],[51.56579449,5.64495],[51.56579186,5.64491802],[51.56578949,5.64490856],[51.56578223,5.64485514],[51.56577063,5.64478265],[51.56576304,5.64472055],[51.56576393,5.64470522],[51.56576789,5.64463645],[51.56577035,5.6445307],[51.56577816,5.64443883],[51.56578528,5.64436446],[51.56579188,5.64428102],[51.56579025,5.64420338],[51.565792,5.64411515],[51.56578576,5.64396764],[51.5657748,5.64382724],[51.56576546,5.64376449],[51.5657402,5.64363355],[51.56570619,5.64349931],[51.56567819,5.64339993],[51.56566868,5.64336377],[51.56564032,5.64331759],[51.56560578,5.64326317],[51.56553326,5.6431145],[51.56547096,5.64298449],[51.56545609,5.64293446],[51.56544202,5.64287882],[51.56543093,5.64281542],[51.56539815,5.64258388],[51.56539296,5.64254341],[51.56538345,5.64250726],[51.56531513,5.6423424],[51.56530708,5.6423216],[51.56529745,5.64227355],[51.56525078,5.64204866],[51.5652268,5.64195968],[51.5652142,5.6419194],[51.56520253,5.6418854],[51.56516817,5.64180437],[51.56511864,5.64168804],[51.56511018,5.64167005],[51.56508113,5.64164217],[51.56507376,5.64163509],[51.56506969,5.64163117],[51.56501508,5.64157515],[51.56487657,5.64141064],[51.56479349,5.64129654],[51.56473358,5.64118815],[51.56463661,5.64099181],[51.56460936,5.64092531],[51.56448343,5.64053636],[51.56444387,5.64041423],[51.56443072,5.64037361],[51.56441829,5.64033522],[51.56440989,5.64031134],[51.56434384,5.64012362],[51.56434057,5.64012003],[51.56406522,5.6398542],[51.56392954,5.6397173],[51.56367002,5.63943962],[51.56353585,5.63928247],[51.56346861,5.63915458],[51.56342365,5.63900222],[51.56333292,5.63869117],[51.56330383,5.63861782],[51.56325547,5.63852847],[51.56315783,5.63836189],[51.56301815,5.63802094],[51.56297201,5.63793612],[51.56292577,5.63786975],[51.56288247,5.63783271],[51.56280697,5.63778127],[51.56258393,5.63766665],[51.56252074,5.6376217],[51.56246219,5.63754886],[51.56242997,5.63748314],[51.56239987,5.63738908],[51.5623756,5.63725094],[51.56229752,5.63676983],[51.56227045,5.63668662],[51.56223683,5.63662267],[51.56203251,5.63641103],[51.5619035,5.63628775],[51.56180305,5.6361761],[51.56164941,5.63598854],[51.56155231,5.63590049],[51.56154702,5.63589569],[51.56152595,5.63587659],[51.56147517,5.63581963],[51.56146406,5.63579697],[51.56145441,5.63576696],[51.56144224,5.63572913],[51.56141667,5.63562567],[51.56139645,5.63551912],[51.56138625,5.63548431],[51.56136554,5.63541874],[51.56133462,5.63531836],[51.56132037,5.63525197],[51.56131338,5.63519107],[51.56131451,5.63496953],[51.56131095,5.63489697],[51.56128963,5.6348395],[51.56126207,5.63479726],[51.56122967,5.63476845],[51.56100289,5.63466957],[51.56096928,5.63465697],[51.56094526,5.63463594],[51.56092001,5.63457978],[51.56087717,5.63445042],[51.56087559,5.63444616],[51.56085586,5.63439294],[51.5608298,5.63433046],[51.56079981,5.63426928],[51.56077919,5.63418523],[51.56076179,5.63407512],[51.56073477,5.63387077],[51.56071656,5.63375434],[51.56069756,5.63368294],[51.56067706,5.63363178],[51.56065514,5.63358241],[51.56062061,5.63353063],[51.5605992,5.63349162],[51.56056296,5.63344565],[51.56052449,5.63339517],[51.56046867,5.63333724],[51.56042647,5.63330247],[51.56036328,5.63325751],[51.56005777,5.63308196],[51.55995926,5.63303025],[51.55986409,5.63298531],[51.55982068,5.63296674],[51.55980756,5.63295396],[51.55979363,5.63293486],[51.55977364,5.63289407],[51.55971717,5.63274157],[51.55967655,5.63261676],[51.55965089,5.63253176],[51.55959348,5.63226827],[51.55958507,5.63222964],[51.55956607,5.63215824],[51.55954082,5.63210206],[51.55951689,5.63206258],[51.5592869,5.63176598],[51.55925147,5.63172633],[51.55921372,5.63170062],[51.55917345,5.63167443],[51.55905334,5.63162063],[51.55903487,5.63161094],[51.55901508,5.63158456],[51.55899448,5.63155187],[51.55897317,5.63149441],[51.55890066,5.63112735],[51.55887085,5.63102924],[51.55884753,5.63098165],[51.5588238,5.63095658],[51.55878493,5.63092264],[51.55866871,5.63083705],[51.55866711,5.63083587],[51.55863593,5.63081291],[51.55854602,5.63074242],[51.55850453,5.63069569],[51.55848982,5.63067235],[51.558475,5.63064494],[51.55844901,5.63050212],[51.55844083,5.63047046],[51.55843531,5.63044911],[51.5584223,5.63041849],[51.55839603,5.63037056],[51.5583693,5.6303492],[51.55834899,5.63032936],[51.55834015,5.63032626],[51.55829433,5.63031019],[51.55818194,5.63028623],[51.55809846,5.63026843],[51.55800555,5.63024613],[51.55795853,5.63022636],[51.55792394,5.63019745],[51.55789962,5.63017181],[51.55787396,5.63012281],[51.5578633,5.6300859],[51.55784075,5.6300142],[51.55773233,5.62962889],[51.557706,5.62957892],[51.5576928,5.6295422],[51.55767368,5.62952024],[51.55761942,5.62945104],[51.55756958,5.6294019],[51.55750185,5.62932866],[51.55744638,5.62928303],[51.5574066,5.62925043],[51.55727444,5.62917104],[51.5572485,5.62915471],[51.5572139,5.6291258],[51.55718045,5.62907129],[51.55715242,5.62900718],[51.55713588,5.62896563],[51.55709458,5.62892499],[51.55706858,5.62890662],[51.55700848,5.62887563],[51.55697821,5.62886272],[51.55695451,5.62885743],[51.55692742,5.62884528],[51.55689237,5.62884293],[51.55687189,5.62883199],[51.55685315,5.62880723],[51.55682945,5.62879615],[51.55680566,5.62878088],[51.5567808,5.62875984],[51.55674805,5.6287314],[51.55671843,5.62871365],[51.55669759,5.6287059],[51.556669,5.62871065],[51.55664632,5.62872206],[51.5566276,5.62873437],[51.55655151,5.62880188],[51.55652454,5.62884557],[51.55651313,5.62884133],[51.55649471,5.6288382],[51.55647909,5.62883105],[51.55637792,5.62867752],[51.5563212,5.62859157],[51.55630356,5.62855903],[51.55628412,5.62852807],[51.5562344,5.6284061],[51.55621793,5.62837328],[51.55618322,5.62828961],[51.55616576,5.62825909],[51.55613929,5.6282343],[51.55593916,5.6280494],[51.55587212,5.62798746],[51.55583095,5.62794586],[51.55580218,5.62790619],[51.55575914,5.62785377],[51.55565846,5.62772692],[51.55547261,5.62749105],[51.55536556,5.62735883],[51.55533311,5.62731483],[51.55531757,5.6272673],[51.55527705,5.62721403],[51.55526366,5.62716839],[51.55525694,5.62711529],[51.5552608,5.62707263],[51.55526466,5.62698729],[51.55526348,5.62695066],[51.55525641,5.62684536],[51.55525769,5.62679187],[51.55525402,5.62669683],[51.55524386,5.62665165],[51.55522115,5.62650921],[51.55518759,5.62634682],[51.55516355,5.62623336],[51.55510926,5.62606119],[51.55509949,5.62599914],[51.55510476,5.62588814],[51.55510935,5.62583827],[51.55511192,5.62577052],[51.55509936,5.62567009],[51.55504766,5.62550213],[51.55504677,5.62549868],[51.55496392,5.62517365],[51.55494686,5.6251231],[51.55490892,5.62503826],[51.55487785,5.62497681],[51.55482025,5.62483766],[51.5547784,5.62468633],[51.55470102,5.62446055],[51.55465945,5.62433646],[51.55463991,5.62427812],[51.55461521,5.62417821],[51.55459009,5.6240212],[51.55457102,5.62385283],[51.55456571,5.62372202],[51.55456582,5.62371683],[51.5545688,5.6235728],[51.55455808,5.62349229],[51.55453742,5.62344518],[51.55452287,5.62343266],[51.55449749,5.6234108],[51.55444705,5.623415],[51.55438804,5.6233935],[51.5543544,5.62336103],[51.55433678,5.62331465],[51.55429393,5.62321753],[51.55423623,5.62312394],[51.5542133,5.62308114],[51.55418921,5.62303589],[51.55413365,5.62299724],[51.55405962,5.62293544],[51.55399347,5.62293538],[51.55393729,5.62293278],[51.55391403,5.62292372],[51.55388857,5.62289086],[51.55386786,5.62286509],[51.55387073,5.62281954],[51.55386211,5.62280454],[51.5538289,5.62274679],[51.55373218,5.62237344],[51.55367163,5.62215481],[51.55362383,5.6221426],[51.55358251,5.62212998],[51.55354225,5.62208046],[51.55342782,5.62190641],[51.55337582,5.6218848],[51.55326858,5.62179543],[51.553238,5.62171323],[51.55323897,5.62163696],[51.55394267,5.62115007],[51.55397546,5.62102624],[51.55404131,5.6209622],[51.55404949,5.62095424],[51.55419027,5.62082411],[51.55419826,5.62081673],[51.55427342,5.62076405],[51.55426015,5.62070169],[51.55424638,5.62058219],[51.55424601,5.62057906],[51.55404192,5.61957014],[51.55403719,5.61953542],[51.55401207,5.61935121],[51.55399611,5.61923409],[51.55402859,5.61922007],[51.5541111,5.61918444],[51.55414475,5.61916787],[51.5542878,5.6190973],[51.5542697,5.61897638],[51.55476754,5.61867973],[51.55499958,5.61856613],[51.555064,5.6185346],[51.55584157,5.61819249],[51.55548793,5.61715539],[51.55541176,5.61689922],[51.55522931,5.61628564],[51.55514483,5.61600145],[51.55479695,5.61483114],[51.55479329,5.61481944],[51.55472919,5.61461756],[51.55460467,5.61422532],[51.55468064,5.61413151],[51.55471949,5.61408111],[51.55486597,5.61390997],[51.55514846,5.6135847],[51.55518572,5.61354002],[51.55519028,5.61353455],[51.55519916,5.61352347],[51.55539773,5.61325897],[51.55566553,5.61290226],[51.55571679,5.6133579],[51.55635565,5.61236943],[51.5571679,5.61110717],[51.55726895,5.61096883],[51.55871387,5.60922656],[51.55957917,5.6082763],[51.55964845,5.60775308],[51.55980322,5.60658429],[51.55980651,5.60655734],[51.55984737,5.60609463],[51.55985267,5.60605614],[51.56007391,5.60444686],[51.56009674,5.60444336],[51.56032858,5.60269884],[51.56036614,5.60241622],[51.56051742,5.60127784],[51.56062835,5.60045615],[51.56064034,5.60036736],[51.5606683,5.60016019],[51.56107748,5.59712895],[51.56149413,5.59403733],[51.56154059,5.59369265],[51.56173854,5.59213085],[51.56176478,5.59194766],[51.56176648,5.59193487],[51.56211979,5.58909798],[51.56270927,5.58445968],[51.56273152,5.58434055],[51.56271439,5.58425017],[51.56259753,5.58344664],[51.56240819,5.58214475],[51.56179052,5.57789874],[51.56178966,5.57788548],[51.56178858,5.57787778],[51.56152902,5.57604018],[51.56139084,5.57508594],[51.56137723,5.57499195],[51.56124942,5.57410945],[51.56096724,5.57216161],[51.56072451,5.57048619],[51.56060129,5.56963493],[51.5605952,5.56959287],[51.56058583,5.5695281],[51.56042276,5.56840154],[51.56014607,5.56649124],[51.55984601,5.56442026],[51.55907778,5.55910594],[51.5590404,5.55911306],[51.559018,5.55896059],[51.55891666,5.55825771],[51.55891559,5.55825025],[51.5588405,5.55772577],[51.55884044,5.55772531],[51.55879761,5.55739494],[51.55873143,5.55688449],[51.5586455,5.55625091],[51.55852467,5.5553373],[51.55854222,5.55533169],[51.55851229,5.55509413],[51.55850942,5.55507131],[51.55850616,5.55504543],[51.55847736,5.55477886],[51.55841932,5.55432981],[51.55830459,5.55345417],[51.55828816,5.55229944],[51.5582641,5.55065638],[51.55822633,5.54937289],[51.55821777,5.54921067],[51.55812526,5.54616414],[51.55809644,5.54523973],[51.55808945,5.54501526],[51.55808599,5.54488208],[51.55808518,5.54485095],[51.5579917,5.54125617],[51.55797133,5.54047316],[51.55788666,5.5379908],[51.55788452,5.53789491],[51.55785341,5.53649581],[51.55785253,5.53644796],[51.55784916,5.53626437],[51.55784513,5.53604481],[51.55782464,5.53493031],[51.55782222,5.53446288],[51.55780368,5.53308313],[51.55705986,5.53363895],[51.55662716,5.53396229],[51.55581594,5.53456702],[51.55581262,5.53456949],[51.55505093,5.53514549],[51.5540668,5.53588331],[51.55344477,5.53634985],[51.55332636,5.53643866],[51.55179405,5.53758788],[51.55146114,5.53783943],[51.55111523,5.5381016],[51.5510985,5.53811427],[51.55067327,5.53843655],[51.55047806,5.5385845],[51.54934217,5.53944532],[51.54870341,5.53992938],[51.54774457,5.54065602],[51.54774282,5.54065735],[51.54700409,5.54121713],[51.54565094,5.54224245],[51.54562897,5.54225913],[51.54558674,5.54229119],[51.54555488,5.54231524],[51.54553621,5.54232939],[51.54553088,5.54233342],[51.54542851,5.54241099],[51.54460106,5.54303794],[51.5445876,5.54302761],[51.54404399,5.54343767],[51.54403114,5.54344737],[51.54386252,5.54357696],[51.54368346,5.54371271],[51.54236054,5.54470092],[51.54235739,5.54470413],[51.54227589,5.54476532],[51.541687,5.54520742],[51.54049901,5.54367953],[51.54051073,5.54365809],[51.54001407,5.54301567],[51.54000073,5.54304286],[51.53778982,5.54732555],[51.53773207,5.54743742],[51.53798883,5.54779364],[51.53799694,5.5478049],[51.53807592,5.54791446],[51.53616417,5.54856427],[51.53614718,5.54857005],[51.53611804,5.54857994],[51.53603525,5.54860809],[51.53467738,5.54906959],[51.53367123,5.54941154],[51.53349364,5.5494719],[51.53340571,5.54950178],[51.53262042,5.54976865],[51.53236265,5.54985624],[51.53217807,5.54991897],[51.53190268,5.55001255],[51.53174437,5.55006634],[51.53172221,5.55007387],[51.53104093,5.55030538],[51.53085276,5.55036933],[51.53084156,5.55037314],[51.53024377,5.55057626],[51.5299554,5.55067426],[51.52936436,5.55087508],[51.52927818,5.55090437],[51.52924297,5.55091628],[51.52915398,5.55094639],[51.52840298,5.55120047],[51.52839909,5.55120178],[51.52832209,5.55122783],[51.52831848,5.55122905],[51.52817825,5.55127648],[51.52729149,5.55157646],[51.52728651,5.55157815],[51.52642017,5.55187122],[51.52639953,5.55187821],[51.52597226,5.55202273],[51.52508911,5.55232147],[51.52507137,5.55232747],[51.52499665,5.55235274],[51.52498791,5.5523557],[51.52431855,5.55258211],[51.52388613,5.55272837],[51.52357823,5.55283251],[51.5229529,5.55304402],[51.52242193,5.55322361],[51.52224735,5.55328265],[51.52163365,5.55349021],[51.52133497,5.55359122],[51.52103601,5.55369233],[51.52089874,5.55373876],[51.52089613,5.55373964],[51.52040253,5.55390799],[51.5197649,5.55411892],[51.5189694,5.55438735],[51.51842303,5.55457598],[51.51798009,5.55472564],[51.51741832,5.55491544],[51.51629605,5.55529459],[51.51570192,5.55549742],[51.51540128,5.55559935],[51.51470892,5.55583405],[51.51467139,5.55584678],[51.5145387,5.55589175],[51.51328855,5.55632827],[51.51147556,5.55695711],[51.51099971,5.55709917],[51.51098045,5.55710492],[51.51091423,5.55712743],[51.51082702,5.55715708],[51.50936976,5.55765252],[51.5089964,5.55808125],[51.50862523,5.55850747],[51.50825101,5.55893718],[51.50789455,5.55934648],[51.50752982,5.55976527],[51.50748869,5.55981249],[51.50582136,5.56172685],[51.50490942,5.56277382],[51.50484033,5.5628535],[51.50476212,5.56294469],[51.50442033,5.56333788],[51.50425072,5.56353349],[51.50409204,5.5637165],[51.5037528,5.56410773],[51.50340991,5.56450317],[51.50340308,5.56451105],[51.50323003,5.56471479],[51.50271154,5.5653252],[51.50255783,5.56550616],[51.50204152,5.56611398],[51.50167249,5.56655178],[51.50166416,5.56658993],[51.50164212,5.5666909],[51.50136187,5.56797494],[51.50112311,5.56906881],[51.50108553,5.56924193],[51.50106581,5.56933279],[51.5007709,5.57069128],[51.50071894,5.57093058],[51.50051659,5.57186262],[51.50045598,5.57214178],[51.50018053,5.57339996],[51.500154,5.57352114],[51.5001427,5.57357275],[51.50014054,5.57358264],[51.50001723,5.57414584],[51.50001714,5.57414626],[51.50001673,5.5741481],[51.50000588,5.5741977],[51.49999762,5.57423541],[51.49998487,5.57429366],[51.49996911,5.57436563],[51.49995721,5.57442002],[51.49995387,5.57443523],[51.49990495,5.57465867],[51.49978343,5.57521372],[51.49959788,5.57606119],[51.4994532,5.57672993],[51.49943119,5.5768317],[51.49942666,5.57685262],[51.49939747,5.57698753],[51.49912557,5.57824428],[51.49907581,5.57847425],[51.49897749,5.57892867],[51.49878139,5.57983498],[51.49876012,5.57993328],[51.49938201,5.58166742],[51.49970798,5.58259271],[51.49990512,5.58313683],[51.50017915,5.5839175],[51.50068782,5.58537831],[51.50115378,5.58671112],[51.50148123,5.58764443],[51.50342367,5.59318153],[51.5057331,5.59974666],[51.50576478,5.59991205],[51.50889338,5.60869913],[51.50921738,5.60965392],[51.50919105,5.6096853],[51.50870481,5.61026485],[51.50841981,5.61057509],[51.50837211,5.61071789],[51.50818966,5.61093461],[51.50797521,5.61123787],[51.50796928,5.61133496],[51.50802137,5.61143693],[51.50798055,5.61143649],[51.5078971,5.61156898],[51.50782802,5.61167866],[51.507775,5.61176284],[51.50676284,5.61123616],[51.5064229,5.6110566],[51.50588777,5.61077515],[51.50555676,5.61060012],[51.50544608,5.61054192],[51.50540266,5.61051947],[51.50534369,5.61049266],[51.50529535,5.61047489],[51.50526115,5.61046495],[51.50520589,5.61045135],[51.50516158,5.61044363],[51.50504688,5.61044517],[51.5050024,5.61044907],[51.50493458,5.61046135],[51.50482547,5.61050659],[51.50472586,5.6105617],[51.50469743,5.61058056],[51.5046236,5.61064316],[51.50455957,5.61070497],[51.50429466,5.61096243],[51.50390878,5.61133962],[51.50365047,5.61159088],[51.5034927,5.61174505],[51.50324922,5.61198004],[51.50239037,5.61281412],[51.50230557,5.61290074],[51.50154645,5.61368124],[51.50135887,5.61387257],[51.50097288,5.61426811],[51.50079803,5.61444664],[51.50061568,5.61463337],[51.50053436,5.61472141],[51.50049008,5.61477325],[51.50044768,5.61482854],[51.5003808,5.61492764],[51.5002897,5.61508062],[51.50020238,5.61525471],[51.50003159,5.61560258],[51.49974395,5.61618765],[51.49955902,5.61656413],[51.49921243,5.61727086],[51.49890155,5.61790536],[51.49881695,5.61809389],[51.49875625,5.61826868],[51.49873404,5.61833485],[51.49868381,5.61850424],[51.49863896,5.61873068],[51.49859061,5.61901507],[51.49836058,5.62036427],[51.49811473,5.62178717],[51.49809058,5.62203715],[51.49808414,5.62219723],[51.49808894,5.62234309],[51.49813761,5.62290594],[51.4982494,5.62413552],[51.49831074,5.62477449],[51.49832167,5.62488886]]]]},"id":"054c7a83-69f2-58bf-be08-09c6cc1b0378"},{"type":"Feature","properties":{"begin_lifespan_version":"2025-12-31T23:00:00Z","local_id":"GM0766","name":"Dongen","national_code":"0766","national_level":"3rdOrder","national_level_name":"Gemeente","residence_of_authority":null,"upper_level_unit":"Noord-Brabant"},"geometry":{"type":"MultiPolygon","coordinates":[[[[51.6089555,5.00389483],[51.60974131,5.00360864],[51.61010269,5.00347726],[51.6112236,5.00307036],[51.61302573,5.00241922],[51.61308297,5.00239856],[51.61310011,5.0023923],[51.61649879,5.0011513],[51.6165701,5.00112884],[51.61676194,5.00106825],[51.61804632,5.00059182],[51.61950657,5.00005372],[51.62103081,4.99949331],[51.62204759,4.99911606],[51.62351215,4.99857317],[51.6235364,4.99856418],[51.6235412,4.99856206],[51.6235668,4.99857734],[51.62399976,4.99836593],[51.6245729,4.99814542],[51.62525755,4.99789979],[51.62599994,4.99762493],[51.62722851,4.99717455],[51.62744543,4.99709407],[51.62835762,4.99676881],[51.62941714,4.9963873],[51.63026185,4.99608126],[51.63101873,4.99581305],[51.63137373,4.99567641],[51.63143135,4.995657],[51.63152651,4.99562322],[51.63224702,4.99537296],[51.63256282,4.99526988],[51.63353055,4.99490746],[51.63448096,4.99456498],[51.63520405,4.9943019],[51.63540897,4.99422732],[51.63543192,4.99421898],[51.63546612,4.99420653],[51.63569639,4.99412273],[51.63648268,4.99383422],[51.63727129,4.99354586],[51.6384337,4.99314317],[51.63891681,4.99295993],[51.63956531,4.99271898],[51.64017456,4.99249769],[51.64055157,4.99235773],[51.64098242,4.99219778],[51.64172999,4.99191521],[51.64234239,4.9916883],[51.64311982,4.99140492],[51.64362828,4.99122139],[51.64437244,4.99094632],[51.6447685,4.99080233],[51.64538492,4.99057879],[51.64549657,4.99053709],[51.64618312,4.99028762],[51.64663335,4.99012135],[51.64752433,4.98979994],[51.64775794,4.98970342],[51.64783159,4.98967665],[51.6482226,4.98954977],[51.64848318,4.98946631],[51.64866338,4.98938768],[51.6486601,4.98936946],[51.64870136,4.98935938],[51.64894668,4.98929935],[51.64907907,4.98924896],[51.64940598,4.98912456],[51.64952306,4.98908106],[51.64977588,4.98898706],[51.65035937,4.98875778],[51.65040883,4.9887388],[51.65075696,4.98861458],[51.65107781,4.98850006],[51.65155572,4.98832744],[51.65200139,4.98816641],[51.6526505,4.98792493],[51.65302318,4.9877911],[51.65316551,4.98773997],[51.65317951,4.98773495],[51.6534251,4.98764523],[51.65346544,4.98763068],[51.65363546,4.98756647],[51.65368772,4.98754985],[51.65394786,4.98745798],[51.6545205,4.98726213],[51.65460897,4.98726698],[51.65452282,4.98642037],[51.65450602,4.9862553],[51.65430018,4.98426866],[51.65415301,4.98279365],[51.65409813,4.98224774],[51.65412739,4.98209553],[51.65377669,4.97887334],[51.65372691,4.97832838],[51.65373685,4.97832557],[51.65357115,4.97660237],[51.65355472,4.97660696],[51.65354836,4.97654385],[51.65354817,4.97654202],[51.65352786,4.97635535],[51.65347174,4.97580862],[51.65345709,4.97566581],[51.65345419,4.97563751],[51.65319954,4.97316522],[51.65276017,4.96916474],[51.65259916,4.96770077],[51.65256449,4.96738539],[51.65250212,4.96676692],[51.65246819,4.96646969],[51.65243821,4.96620709],[51.65242087,4.96605525],[51.65232646,4.96522829],[51.65208457,4.96306121],[51.65207715,4.96298707],[51.65197469,4.96196411],[51.6518515,4.96078419],[51.65176655,4.95998722],[51.65174033,4.95974511],[51.65166304,4.95900072],[51.65162951,4.95867139],[51.65159687,4.9584171],[51.65153508,4.95791964],[51.65153192,4.9578968],[51.65155195,4.9578961],[51.65168781,4.95789129],[51.65187498,4.957883],[51.65214991,4.95785791],[51.65236959,4.95784925],[51.65243712,4.95787192],[51.65244301,4.95782208],[51.65257668,4.95782132],[51.65258849,4.95795673],[51.65259229,4.95799994],[51.6526088,4.95799808],[51.65281207,4.95797315],[51.65300048,4.9579387],[51.65300467,4.95793778],[51.65303097,4.95793204],[51.65304269,4.95808951],[51.6530731,4.95808555],[51.65319301,4.95806575],[51.65330083,4.95805259],[51.65328289,4.95787685],[51.65405908,4.95779721],[51.65412257,4.95779514],[51.65424253,4.95779118],[51.6546599,4.95779552],[51.65513298,4.95779595],[51.65590296,4.9577963],[51.6561927,4.95780231],[51.65639248,4.9578071],[51.65657963,4.95780637],[51.6566567,4.95780487],[51.65712487,4.95779578],[51.65720059,4.95781455],[51.6573088,4.95784425],[51.65733825,4.95784892],[51.65735842,4.95838145],[51.65758657,4.95834853],[51.65755459,4.95783858],[51.65774324,4.95781732],[51.65776034,4.9578154],[51.6580292,4.95778279],[51.6582425,4.9577652],[51.65839244,4.95774992],[51.65845732,4.95775295],[51.65898285,4.95773064],[51.65938242,4.95771377],[51.65949455,4.95774086],[51.65956333,4.95776112],[51.65965527,4.95776593],[51.65993536,4.95771075],[51.66063892,4.95755394],[51.66064941,4.9575512],[51.66067837,4.95754361],[51.66075419,4.95752542],[51.66079881,4.9575147],[51.66113094,4.95736412],[51.66119853,4.95734427],[51.6616134,4.95724169],[51.66208585,4.95713403],[51.66249735,4.9570401],[51.66296715,4.95693238],[51.66333327,4.95684527],[51.66348831,4.9567926],[51.66368031,4.95669051],[51.66380098,4.95660359],[51.66414897,4.9563464],[51.6642654,4.95625783],[51.6644633,4.95617402],[51.66480538,4.95604233],[51.66493257,4.95599631],[51.66536183,4.95583221],[51.66541649,4.95581073],[51.66545961,4.95582145],[51.66545216,4.95572278],[51.6654834,4.95571014],[51.66558035,4.95566342],[51.66602272,4.95550339],[51.66661188,4.95528176],[51.66691496,4.95516538],[51.66718678,4.95506418],[51.66776282,4.95484839],[51.66793973,4.95478245],[51.6680326,4.95469769],[51.66834292,4.95441137],[51.66850137,4.95457566],[51.66852879,4.95456352],[51.66890831,4.95441896],[51.66932057,4.95426321],[51.66960517,4.95415443],[51.66991351,4.95403609],[51.67018525,4.95393489],[51.670417,4.95385032],[51.67076918,4.95373208],[51.67103039,4.95328276],[51.67116611,4.95321037],[51.67132448,4.95313193],[51.67155663,4.95308347],[51.67161453,4.95277695],[51.67162231,4.95276554],[51.6719422,4.95257543],[51.67209776,4.95262711],[51.67312518,4.95154346],[51.67337685,4.95127898],[51.67445915,4.95014153],[51.67465729,4.94993138],[51.67467379,4.94991389],[51.67626733,4.94823787],[51.67628085,4.94816614],[51.67628264,4.94815664],[51.67632252,4.94817534],[51.67654765,4.94792187],[51.67661879,4.94784178],[51.67671609,4.94789411],[51.67668916,4.94776959],[51.67670361,4.94775514],[51.67694363,4.94750669],[51.6767517,4.9465071],[51.67715945,4.94627271],[51.67706623,4.94581148],[51.67739639,4.94546929],[51.67772611,4.9452775],[51.67796943,4.94513597],[51.67834343,4.94434831],[51.67863166,4.94429594],[51.67888576,4.94424855],[51.67891576,4.94424376],[51.67891804,4.94357585],[51.67885815,4.94298671],[51.67866429,4.94205886],[51.67866367,4.94205594],[51.67816015,4.93968842],[51.67777273,4.93786971],[51.67716175,4.9350772],[51.67712535,4.93491394],[51.67694815,4.93408912],[51.67687161,4.93370671],[51.67675001,4.93316949],[51.67641479,4.93162054],[51.67633474,4.93124694],[51.67612175,4.93029295],[51.67609154,4.9301725],[51.67605262,4.93001406],[51.676042,4.92979218],[51.67569112,4.92816427],[51.6752495,4.92619016],[51.67519362,4.92606361],[51.6750269,4.92528284],[51.67498034,4.925074],[51.67468469,4.92513337],[51.67443096,4.92513892],[51.6741964,4.92511593],[51.67385387,4.9251557],[51.67324634,4.92510254],[51.67300933,4.92503243],[51.67275266,4.92511845],[51.67246727,4.92520642],[51.67214758,4.92532209],[51.67184604,4.92546658],[51.67107761,4.92586354],[51.67083905,4.92598679],[51.67000422,4.92624318],[51.66978394,4.92641221],[51.66960944,4.92650567],[51.66938694,4.92668196],[51.66908746,4.92677566],[51.66879841,4.92723181],[51.66848844,4.92795254],[51.66821647,4.92873844],[51.66789792,4.92935678],[51.66768077,4.92975054],[51.66757247,4.93030999],[51.66735097,4.93074366],[51.66710167,4.93094299],[51.66681253,4.93079725],[51.66661365,4.93067599],[51.66643324,4.93066331],[51.66607806,4.93077959],[51.66545416,4.93093453],[51.66520466,4.9309909],[51.66516807,4.93099917],[51.66506034,4.93102353],[51.66480578,4.93107686],[51.66427454,4.93128884],[51.66422271,4.93129662],[51.664013,4.93129677],[51.66365809,4.93105019],[51.66355211,4.93104763],[51.66342394,4.9311323],[51.66305059,4.93136809],[51.66279121,4.93155855],[51.66268346,4.93167564],[51.66258685,4.93176362],[51.66250586,4.93180792],[51.66242022,4.93181604],[51.66213852,4.93184788],[51.66196297,4.93192577],[51.66167584,4.93204203],[51.66104857,4.93249061],[51.66104184,4.93249436],[51.66059697,4.93274233],[51.66026168,4.9329052],[51.65988418,4.93312625],[51.65976207,4.93314749],[51.65965606,4.93313406],[51.65952513,4.93309187],[51.65936467,4.93299198],[51.65923373,4.93294616],[51.65910059,4.93291488],[51.65900606,4.9329557],[51.65889351,4.93300033],[51.65879482,4.93313181],[51.65872994,4.93326296],[51.65862581,4.93358631],[51.65856788,4.93376088],[51.65850054,4.93383769],[51.65840361,4.93384227],[51.65830887,4.93382872],[51.65821873,4.93384051],[51.6581132,4.9339503],[51.65798745,4.93408205],[51.65784123,4.93416688],[51.65771515,4.93422089],[51.65755098,4.93432766],[51.65733483,4.9343987],[51.65725371,4.93441038],[51.65719495,4.93437472],[51.65712485,4.93432105],[51.65709517,4.93422347],[51.65702927,4.93409001],[51.65695896,4.93398197],[51.65688426,4.93390297],[51.65682557,4.93388544],[51.6567691,4.93385701],[51.65667871,4.93380355],[51.65657483,4.93371393],[51.65652258,4.93361296],[51.65646122,4.93348671],[51.65636814,4.93332091],[51.65628158,4.93308979],[51.65618131,4.93281532],[51.65608381,4.93267131],[51.65595934,4.93254932],[51.65588543,4.93250068],[51.65582371,4.93246007],[51.65569735,4.9324287],[51.65559589,4.93242972],[51.6554706,4.93247773],[51.65541417,4.93246017],[51.65532848,4.93245378],[51.65522676,4.93238594],[51.65510045,4.9323727],[51.65501243,4.93234822],[51.65489737,4.93232763],[51.65475758,4.93232541],[51.65466294,4.93233722],[51.65455945,4.93239627],[51.65442884,4.93243382],[51.65427783,4.93255957],[51.65414495,4.93259352],[51.65404121,4.93258732],[51.6539262,4.93258122],[51.65381775,4.93252069],[51.65371832,4.93246007],[51.65361216,4.93241039],[51.65349481,4.93238258],[51.65338877,4.9323619],[51.65327394,4.93239929],[51.65310996,4.93250901],[51.65301325,4.9325716],[51.65291877,4.9326233],[51.65281517,4.93265332],[51.65269355,4.93268355],[51.65253134,4.93271418],[51.6521259,4.93280885],[51.65201105,4.93284261],[51.65188832,4.9329326],[51.65168341,4.93293917],[51.65113019,4.93276978],[51.65100611,4.93276908],[51.65088662,4.93281261],[51.65069774,4.9328158],[51.65064527,4.93278198],[51.65061796,4.93274482],[51.65057907,4.93265998],[51.65054161,4.9325748],[51.65050774,4.9324911],[51.65043733,4.93232077],[51.65036869,4.93215264],[51.65032804,4.93207751],[51.65028652,4.93199731],[51.65022623,4.93187775],[51.65017674,4.93176056],[51.65013002,4.93163254],[51.65007497,4.93144436],[51.65003863,4.93131076],[51.65000368,4.93116631],[51.64997661,4.93107333],[51.64993104,4.93099016],[51.64988584,4.93092216],[51.64980067,4.93082891],[51.64972579,4.93074956],[51.64970071,4.93071441],[51.6496797,4.9306808],[51.64964402,4.93059559],[51.64961059,4.93051259],[51.64957579,4.9304317],[51.64956204,4.93038086],[51.64954143,4.93035445],[51.64950907,4.9303358],[51.64944614,4.93030358],[51.64936654,4.93027683],[51.64927341,4.93025419],[51.64921086,4.9302444],[51.64913752,4.9302344],[51.64894482,4.93023457],[51.64876117,4.93023204],[51.64857438,4.93023237],[51.64844391,4.93021851],[51.64831932,4.93020116],[51.64815298,4.93016213],[51.64795481,4.93010596],[51.64794146,4.93010217],[51.64799144,4.93001073],[51.6484594,4.92937916],[51.64853236,4.92928028],[51.64820615,4.92928232],[51.6479601,4.92927802],[51.64756419,4.92923752],[51.64721714,4.92924857],[51.64690795,4.92920453],[51.64687458,4.92920279],[51.64511366,4.92696164],[51.64427624,4.92592545],[51.64361609,4.92510596],[51.64313254,4.9245462],[51.64266589,4.92400143],[51.64259672,4.92391753],[51.64227786,4.92352051],[51.64173593,4.9228393],[51.64128145,4.92225695],[51.64110459,4.92203328],[51.64063386,4.9214503],[51.63998572,4.92064125],[51.63934309,4.91984863],[51.63845468,4.91875516],[51.63797013,4.91814888],[51.63712203,4.91710637],[51.63632511,4.91610334],[51.6358357,4.91547919],[51.63541617,4.91491696],[51.63494519,4.9142954],[51.63478898,4.91411219],[51.63478724,4.91411009],[51.63445984,4.91371231],[51.6340228,4.91319176],[51.63368318,4.91286241],[51.63331076,4.91261341],[51.63276959,4.91222927],[51.63214135,4.91178455],[51.63141028,4.91126317],[51.63135684,4.91122505],[51.63114306,4.91107261],[51.63113049,4.91106343],[51.6309476,4.91099082],[51.63084784,4.91093744],[51.63059036,4.91075702],[51.6302889,4.91054334],[51.62969897,4.91013614],[51.62956414,4.91005753],[51.62951368,4.91003508],[51.62946009,4.91002816],[51.6293792,4.91004438],[51.62802245,4.91034005],[51.62775149,4.9104064],[51.62766774,4.91042793],[51.62761479,4.91045183],[51.62749208,4.91050114],[51.627464,4.910519],[51.62742599,4.91053784],[51.62735944,4.91060251],[51.62731339,4.910679],[51.62725834,4.91079451],[51.62717591,4.91103565],[51.62708742,4.91127772],[51.62682551,4.91211741],[51.62675999,4.91207543],[51.62642795,4.91186286],[51.62636499,4.91182258],[51.62625913,4.91123492],[51.62603728,4.91054729],[51.62560758,4.90900671],[51.62496619,4.90662483],[51.62485358,4.90620794],[51.62471359,4.90568969],[51.62468499,4.90558384],[51.62437688,4.9044432],[51.62434077,4.9043095],[51.62433261,4.90427928],[51.62430656,4.90443928],[51.62389384,4.90697396],[51.62386773,4.90713072],[51.62385784,4.90719014],[51.62358269,4.90884221],[51.6235757,4.90888421],[51.62337061,4.91011552],[51.62336017,4.91010088],[51.62327071,4.91063825],[51.62318638,4.91114483],[51.62317092,4.91112054],[51.62298162,4.91225801],[51.62296207,4.91237549],[51.62271104,4.91388357],[51.62265072,4.91424597],[51.62251418,4.9150662],[51.62246622,4.91534891],[51.62243908,4.91551633],[51.62243289,4.91555451],[51.62241588,4.91554832],[51.62208568,4.9154283],[51.62192642,4.91536252],[51.62192601,4.91536235],[51.62177462,4.91529725],[51.62170887,4.91526898],[51.62169516,4.91526309],[51.6211719,4.91503426],[51.62099767,4.91493217],[51.62079486,4.91480467],[51.62057383,4.91464368],[51.62039636,4.91446069],[51.62031694,4.91438653],[51.61997303,4.91400109],[51.61976768,4.91373026],[51.61963772,4.91355886],[51.61963761,4.91346109],[51.61962201,4.91282761],[51.61960718,4.91274546],[51.61960593,4.91273853],[51.61959881,4.91269908],[51.61955691,4.9124669],[51.61947989,4.91223157],[51.61947549,4.91222832],[51.619391,4.91211795],[51.61932767,4.91199934],[51.61923721,4.9118125],[51.61915816,4.91162691],[51.61910094,4.91147904],[51.61906843,4.91136771],[51.61888572,4.91094731],[51.61880535,4.91078003],[51.61832714,4.90989966],[51.61823135,4.91040105],[51.61806183,4.91132684],[51.61793185,4.911319],[51.61754912,4.91127881],[51.61755476,4.91113589],[51.61720443,4.91117519],[51.61712872,4.91114824],[51.61704847,4.91113159],[51.61696419,4.91111676],[51.61686378,4.91110391],[51.61670059,4.91110162],[51.61661812,4.91110141],[51.61654665,4.91110656],[51.61649419,4.91111066],[51.61639218,4.91112155],[51.61632422,4.91113492],[51.61622803,4.91115306],[51.61615661,4.91116736],[51.61607892,4.91119724],[51.61598742,4.91122996],[51.61590457,4.91126081],[51.61582459,4.91129344],[51.6157498,4.91132329],[51.61572678,4.9113317],[51.61569303,4.91134654],[51.6157122,4.91152379],[51.61572934,4.91160503],[51.61571499,4.91161794],[51.61571352,4.91161867],[51.61571273,4.9116141],[51.6154396,4.91184757],[51.61539929,4.91188174],[51.61541102,4.91196318],[51.61541908,4.91201914],[51.61542681,4.91207288],[51.61546115,4.91231155],[51.61562032,4.91341254],[51.61571043,4.91403635],[51.61575477,4.9143433],[51.61629457,4.91808066],[51.61627457,4.9181203],[51.61609453,4.91847731],[51.61593083,4.91880191],[51.61577347,4.9192281],[51.61560198,4.91969755],[51.61540904,4.92022575],[51.61534797,4.92039293],[51.6152946,4.92053776],[51.6150981,4.92107106],[51.61500529,4.92132291],[51.61459297,4.92244992],[51.61451088,4.92267451],[51.61448622,4.92274198],[51.61445999,4.92281376],[51.61419187,4.9235474],[51.61411145,4.92376531],[51.61406102,4.92390196],[51.61403181,4.92398113],[51.6138598,4.9244361],[51.61364954,4.92496212],[51.6135888,4.92518305],[51.61349711,4.92551649],[51.61343286,4.92575262],[51.61327859,4.92628548],[51.6132342,4.9264377],[51.61317945,4.92666507],[51.61313836,4.9268589],[51.61311293,4.9269788],[51.61307034,4.92723985],[51.61302133,4.92751918],[51.61298178,4.9278349],[51.61297354,4.92812713],[51.61281774,4.92902985],[51.61272272,4.92958043],[51.61256607,4.93049372],[51.61250867,4.93082834],[51.61242237,4.93132646],[51.61242126,4.93133291],[51.61238409,4.93154742],[51.61227952,4.93215203],[51.6122492,4.93232735],[51.61224283,4.93236421],[51.61222139,4.93248813],[51.61221209,4.9325419],[51.61218545,4.93270742],[51.61207761,4.93335042],[51.61197147,4.93396875],[51.61173748,4.93533186],[51.61170061,4.93554663],[51.61152887,4.93654269],[51.61149082,4.93676341],[51.61139666,4.93731445],[51.61102118,4.93704062],[51.61088814,4.9378167],[51.61088629,4.93782751],[51.61055145,4.93903704],[51.61019848,4.94031202],[51.61013696,4.94150434],[51.61002927,4.94359099],[51.61120341,4.94387943],[51.61131298,4.94390633],[51.61147064,4.94394507],[51.61138947,4.94442023],[51.61124538,4.94528824],[51.61115254,4.94584809],[51.61109951,4.94657202],[51.61110619,4.9472709],[51.61112335,4.94761264],[51.61115881,4.94778916],[51.61117033,4.94784646],[51.61117062,4.94784602],[51.61118288,4.94791626],[51.61124801,4.94828958],[51.61144738,4.94893306],[51.61144998,4.94894147],[51.61171307,4.9494565],[51.61197274,4.94985218],[51.61206211,4.94993513],[51.61219889,4.9500644],[51.61223083,4.95009456],[51.61223456,4.95009809],[51.61241191,4.95026571],[51.61259582,4.95043954],[51.61277478,4.95060869],[51.61282905,4.95064694],[51.61300768,4.95077285],[51.61300465,4.9507814],[51.61299343,4.95081313],[51.61301899,4.95083903],[51.61344587,4.95127149],[51.61347636,4.95130399],[51.61351642,4.9513493],[51.61355196,4.95139103],[51.61358243,4.95142778],[51.6136132,4.95146657],[51.61370212,4.95158476],[51.6137307,4.95162225],[51.61375468,4.9516578],[51.61378535,4.95170249],[51.6138608,4.9518195],[51.61388995,4.95186958],[51.61391305,4.951906],[51.61393177,4.95193983],[51.61394528,4.9519677],[51.61396191,4.95199861],[51.61397129,4.95201899],[51.61400963,4.95209701],[51.61403569,4.95215525],[51.61405508,4.95220002],[51.61407313,4.95224267],[51.61408795,4.95227698],[51.61411088,4.95233213],[51.61413286,4.9523898],[51.61415515,4.95244948],[51.61417364,4.95249943],[51.61420406,4.95259625],[51.61426232,4.95276984],[51.6142864,4.95279938],[51.61434697,4.95277787],[51.61441277,4.95273096],[51.61470019,4.95291648],[51.61472319,4.95293132],[51.61472314,4.95319001],[51.61470163,4.95392683],[51.61468622,4.95446218],[51.61457279,4.95483953],[51.61453606,4.95495348],[51.61450298,4.95515458],[51.61440347,4.95551172],[51.61424668,4.9561175],[51.61416365,4.9561946],[51.61415488,4.95620274],[51.61409335,4.95635632],[51.61401283,4.95671242],[51.61400407,4.95675114],[51.61386952,4.95734573],[51.61385619,4.95741634],[51.61375856,4.95786217],[51.61374918,4.95843737],[51.61374903,4.95846072],[51.61374884,4.95849082],[51.61374865,4.95852208],[51.6137473,4.95874725],[51.61374689,4.95876582],[51.61373698,4.95921921],[51.61373416,4.95931456],[51.61373402,4.95931903],[51.61373042,4.95944047],[51.61370226,4.95963987],[51.6136027,4.96015661],[51.61354595,4.9604654],[51.61353539,4.96052098],[51.61348662,4.9607817],[51.61344447,4.96115005],[51.61340293,4.96156748],[51.61335582,4.96171767],[51.61328196,4.96195322],[51.61324277,4.96207324],[51.6132325,4.96210469],[51.61318181,4.9622822],[51.61315915,4.96237215],[51.61315525,4.96238763],[51.61310221,4.96260283],[51.61309745,4.96269695],[51.61310218,4.96285623],[51.61310457,4.96299039],[51.61311324,4.96312347],[51.61312956,4.96325611],[51.61313547,4.96328739],[51.61315896,4.96341188],[51.61319106,4.96359846],[51.61320055,4.96365358],[51.61322328,4.96379166],[51.61322373,4.96391941],[51.61318492,4.96427532],[51.61318778,4.96430767],[51.61319877,4.96442088],[51.61319997,4.96443331],[51.6131339,4.96471349],[51.61311407,4.96477594],[51.61297715,4.96519577],[51.6125325,4.96655534],[51.61237322,4.9670579],[51.61192363,4.96846189],[51.61168845,4.9690557],[51.6111866,4.97032281],[51.61101849,4.97084663],[51.61089044,4.9712685],[51.61050423,4.97258173],[51.61041238,4.97289592],[51.60988871,4.97468704],[51.60948324,4.976079],[51.60927347,4.97679445],[51.6092618,4.97684021],[51.60921242,4.97703393],[51.60913519,4.97733221],[51.60909068,4.97755366],[51.60904969,4.97784149],[51.6090332,4.97802124],[51.60902176,4.97819527],[51.60901619,4.97837005],[51.60901442,4.97856204],[51.60893358,4.97856483],[51.60893629,4.97876621],[51.6089363,4.9787673],[51.60893777,4.97887707],[51.60895811,4.98039389],[51.60896057,4.98057768],[51.60896119,4.9806236],[51.60896125,4.98062823],[51.60875167,4.98185606],[51.60875009,4.98186531],[51.60866565,4.98235997],[51.60837209,4.98274498],[51.60829331,4.98284831],[51.60826342,4.98288752],[51.60820352,4.98292924],[51.60736417,4.98351378],[51.60759742,4.98437765],[51.60763318,4.98451011],[51.60763568,4.98452406],[51.60781671,4.98553524],[51.60783153,4.98574217],[51.60783261,4.98575725],[51.60781454,4.98576058],[51.60786808,4.98629874],[51.60787064,4.9863244],[51.60790941,4.98631528],[51.60790928,4.98633967],[51.60790898,4.98639798],[51.60790897,4.98640147],[51.60790052,4.98806383],[51.60789805,4.98854854],[51.60797391,4.98862626],[51.60802307,4.98867661],[51.60803273,4.9886865],[51.60802809,4.98904901],[51.60800893,4.99054173],[51.60792477,4.99088615],[51.6078879,4.99373008],[51.60785475,4.99628309],[51.60784857,4.99684918],[51.60784776,4.9969238],[51.607825,4.99692352],[51.60782479,4.9969649],[51.60781944,4.99805851],[51.60781616,4.99872681],[51.60777237,4.99944726],[51.60776504,4.99956784],[51.60770111,5.00061952],[51.60765146,5.00143639],[51.60762451,5.00272325],[51.60761003,5.00341461],[51.60755711,5.00394718],[51.60734386,5.00381866],[51.60720919,5.00373748],[51.60709309,5.00421536],[51.60718361,5.00427208],[51.60754207,5.00449667],[51.6078868,5.0044922],[51.60789633,5.00426484],[51.60799389,5.00422875],[51.60808663,5.00420654],[51.60885834,5.00393023],[51.6089555,5.00389483]]]]},"id":"d90d7140-8b8b-5cc7-914f-f943a8a8dcce"},{"type":"Feature","properties":{"begin_lifespan_version":"2025-12-31T23:00:00Z","local_id":"GM0668","name":"West Maas en Waal","national_code":"0668","national_level":"3rdOrder","national_level_name":"Gemeente","residence_of_authority":null,"upper_level_unit":"Gelderland"},"geometry":{"type":"MultiPolygon","coordinates":[[[[51.80991078,5.43699356],[51.80982701,5.43795408],[51.80970952,5.439404],[51.80963696,5.44085396],[51.80958236,5.44230394],[51.8095547,5.44375394],[51.80953607,5.44519948],[51.80953601,5.44520396],[51.80956225,5.44665404],[51.80959746,5.44810413],[51.80967759,5.44955428],[51.8097362,5.45050829],[51.80976669,5.45100445],[51.80986476,5.45245464],[51.80997181,5.45390486],[51.8101058,5.45535511],[51.8102128,5.45680534],[51.81034676,5.45825561],[51.81049867,5.45970593],[51.81068652,5.46115631],[51.81089233,5.46260673],[51.81111609,5.4640572],[51.81128016,5.46504172],[51.81135782,5.46550771],[51.81166244,5.46695835],[51.81187507,5.46775851],[51.81204795,5.46840916],[51.81249635,5.46986011],[51.81301226,5.47116393],[51.81307057,5.47131132],[51.81377062,5.4727628],[51.81464142,5.47421466],[51.81538674,5.47517326],[51.81628484,5.47614669],[51.81718308,5.47693162],[51.81808149,5.47748453],[51.81897996,5.47796495],[51.81944958,5.47814023],[51.81947652,5.47815029],[51.81987853,5.47830035],[51.82077718,5.47854874],[51.82167582,5.47879713],[51.82257446,5.47904554],[51.8234731,5.47929396],[51.82437164,5.47967294],[51.82527005,5.48021148],[51.8261683,5.48095314],[51.82706642,5.48183988],[51.82796432,5.48298777],[51.82886188,5.48454189],[51.82891861,5.48467736],[51.82940908,5.48584869],[51.8299022,5.48730047],[51.83026049,5.48875197],[51.8305109,5.49020326],[51.83068039,5.49165437],[51.830751,5.49310526],[51.8307317,5.49455593],[51.83060452,5.49600635],[51.83046886,5.4969125],[51.83038745,5.49745654],[51.83009845,5.49890653],[51.82972853,5.50035631],[51.82927771,5.50180585],[51.82876394,5.5032552],[51.82794421,5.50505188],[51.8277832,5.50533935],[51.82704375,5.50665969],[51.82614345,5.50807887],[51.82524342,5.50923689],[51.82347633,5.51104096],[51.82344382,5.51107413],[51.822544,5.51199995],[51.82164414,5.51295474],[51.82074394,5.51421407],[51.82039272,5.51483675],[51.81974397,5.51628528],[51.81966171,5.51654582],[51.81928396,5.51773432],[51.81896774,5.51918375],[51.81877734,5.52063353],[51.81870378,5.52208365],[51.81867513,5.5235339],[51.81864647,5.52498415],[51.81860881,5.52643437],[51.81857817,5.5267826],[51.81848124,5.5278843],[51.81825478,5.52933392],[51.81792044,5.53078318],[51.81750519,5.53223215],[51.81709891,5.53368113],[51.81666565,5.53512999],[51.81657441,5.53563395],[51.81657237,5.53564508],[51.81640315,5.53657939],[51.81625748,5.53802917],[51.81621965,5.5394793],[51.81630764,5.54092986],[51.81653943,5.54238092],[51.81688804,5.5438324],[51.81743439,5.5452846],[51.81806322,5.5464836],[51.81807537,5.54650677],[51.81819643,5.5467376],[51.8189052,5.54769734],[51.81980276,5.54862878],[51.82070073,5.54925567],[51.82159892,5.54972304],[51.82249707,5.55021944],[51.82315566,5.55056217],[51.82339526,5.55068685],[51.82345947,5.55073077],[51.82352342,5.55077571],[51.82358709,5.55082163],[51.82365049,5.55086854],[51.8237136,5.55091644],[51.82377642,5.55096534],[51.82383894,5.5510152],[51.82390117,5.55106605],[51.82396308,5.55111785],[51.82402468,5.55117063],[51.82408597,5.55122438],[51.82414692,5.55127907],[51.82420754,5.55133471],[51.82426783,5.5513913],[51.82432778,5.55144883],[51.82438737,5.55150728],[51.82444662,5.55156667],[51.82450551,5.55162698],[51.82456403,5.55168821],[51.82462218,5.55175035],[51.82467996,5.5518134],[51.82473735,5.55187734],[51.82479436,5.55194219],[51.82485097,5.55200792],[51.82490719,5.55207453],[51.82496301,5.55214201],[51.82501842,5.55221036],[51.82507341,5.55227958],[51.82512799,5.55234965],[51.82518215,5.55242058],[51.82523588,5.55249233],[51.82528917,5.55256494],[51.82534104,5.55263529],[51.82539247,5.55270647],[51.82544346,5.55277847],[51.825494,5.55285129],[51.82554409,5.55292492],[51.82559371,5.55299935],[51.82564288,5.55307459],[51.82569158,5.55315062],[51.82573981,5.55322741],[51.82578756,5.55330498],[51.82583482,5.55338332],[51.8258816,5.55346242],[51.8259279,5.55354227],[51.82597369,5.55362286],[51.82601897,5.55370417],[51.82606376,5.55378622],[51.82610804,5.553869],[51.8261518,5.55395247],[51.82619504,5.55403664],[51.82623777,5.55412152],[51.82627995,5.55420707],[51.82632162,5.55429329],[51.82636274,5.55438018],[51.82640333,5.55446775],[51.82644338,5.55455595],[51.82648287,5.55464478],[51.82652181,5.55473427],[51.8265602,5.55482436],[51.82659803,5.55491508],[51.8266353,5.55500639],[51.826672,5.5550983],[51.82670813,5.55519081],[51.82674369,5.55528388],[51.82677866,5.55537753],[51.82681306,5.55547173],[51.82684781,5.55556826],[51.82684816,5.5555692],[51.82688199,5.5556653],[51.82688266,5.55566722],[51.82691559,5.55576288],[51.82691657,5.55576577],[51.8269486,5.55586097],[51.82694989,5.55586485],[51.82698103,5.55595958],[51.82698261,5.55596444],[51.82701286,5.55605869],[51.82701473,5.55606454],[51.82704412,5.55615827],[51.82704625,5.55616514],[51.82707477,5.55625835],[51.82707716,5.55626623],[51.82710482,5.55635889],[51.82710745,5.5563678],[51.82713428,5.55645989],[51.82713715,5.55646985],[51.82716313,5.55656135],[51.82716621,5.55657234],[51.82719137,5.55666325],[51.82719467,5.5566753],[51.82721901,5.55676557],[51.8272225,5.55677869],[51.82724604,5.55686834],[51.82724971,5.55688252],[51.82727245,5.55697152],[51.82727629,5.55698676],[51.82729825,5.55707509],[51.82730225,5.55709142],[51.82732343,5.55717906],[51.82732757,5.55719648],[51.82734652,5.55727711],[51.82735227,5.55730193],[51.82736907,5.55737549],[51.82737633,5.55740776],[51.82739105,5.55747418],[51.82739975,5.55751396],[51.82741249,5.55757321],[51.82742252,5.55762054],[51.82743338,5.55767254],[51.82744466,5.55772745],[51.8274537,5.55777217],[51.82746616,5.55783471],[51.82747347,5.55787208],[51.827487,5.5579423],[51.82749268,5.55797229],[51.8275072,5.55805021],[51.82751133,5.55807277],[51.82752674,5.55815845],[51.82752941,5.55817353],[51.82754564,5.55826697],[51.82754692,5.55827453],[51.82756388,5.55837579],[51.82758001,5.55848189],[51.8275827,5.55849989],[51.82759567,5.55858818],[51.82760086,5.55862423],[51.82761084,5.55869464],[51.82761837,5.55874882],[51.82762553,5.55880129],[51.82763522,5.55887365],[51.82763975,5.55890809],[51.82765141,5.5589987],[51.82765348,5.55901507],[51.82766694,5.55912396],[51.82766882,5.55913946],[51.82768181,5.55924946],[51.8276835,5.55926406],[51.82769603,5.55937514],[51.82769753,5.55938884],[51.82770958,5.559501],[51.82771092,5.55951382],[51.82772246,5.55962705],[51.82772364,5.55963897],[51.82773469,5.55975327],[51.82773572,5.55976429],[51.82774624,5.55987967],[51.82774714,5.55988977],[51.82775714,5.56000621],[51.82775789,5.56001541],[51.82776736,5.56013288],[51.827768,5.56014118],[51.82777692,5.56025971],[51.82777744,5.56026709],[51.8277858,5.56038666],[51.82778623,5.56039311],[51.82779402,5.56051372],[51.82779436,5.56051926],[51.82780157,5.5606409],[51.82780183,5.56064553],[51.82780845,5.56076817],[51.82780863,5.56077187],[51.82781466,5.56089553],[51.82781478,5.5608983],[51.8278202,5.56102298],[51.82782027,5.56102482],[51.82782506,5.56115049],[51.8278251,5.56115141],[51.82782926,5.56127806],[51.82781811,5.56272865],[51.82780694,5.56417924],[51.82779575,5.56562983],[51.82778937,5.56645666],[51.82778455,5.56708042],[51.82778231,5.56853104],[51.82776208,5.56998159],[51.82775082,5.57143217],[51.82780247,5.57288302],[51.82788105,5.57433397],[51.82802254,5.5757852],[51.82814175,5.57671337],[51.82820896,5.57723663],[51.8284313,5.57868822],[51.82868959,5.58013998],[51.82892988,5.58159168],[51.82918812,5.58304347],[51.82943736,5.58449524],[51.82958287,5.58562884],[51.82962367,5.58594675],[51.8297021,5.58739779],[51.82969961,5.58884847],[51.82960722,5.59029875],[51.82943392,5.59174865],[51.82917072,5.59319813],[51.82887155,5.59464743],[51.8285454,5.59609658],[51.8281653,5.59754546],[51.82804948,5.59797669],[51.82819264,5.5981734],[51.82829171,5.59830239],[51.82856982,5.59869297],[51.82860156,5.59874995],[51.82870273,5.59891097],[51.82870535,5.59891512],[51.82911865,5.59954464],[51.82902971,5.59982163],[51.82900791,5.59990415],[51.82898752,5.60002794],[51.82896892,5.600173],[51.82895121,5.60033904],[51.82892082,5.60052823],[51.8289053,5.60064468],[51.82881066,5.60108696],[51.82876735,5.60126578],[51.82870472,5.60150275],[51.82858872,5.6018937],[51.82843243,5.60235447],[51.82834567,5.60259744],[51.82823553,5.60288444],[51.82828146,5.60306986],[51.82833294,5.60325205],[51.82834338,5.60328903],[51.82834486,5.60329429],[51.82834667,5.6033007],[51.82838954,5.60345252],[51.82839495,5.60347164],[51.82842565,5.60358267],[51.82842725,5.60358847],[51.8284302,5.60359916],[51.82848123,5.60378434],[51.8284854,5.60379952],[51.82848577,5.60380085],[51.82850238,5.60386198],[51.82860819,5.60425122],[51.82864118,5.60434023],[51.82876037,5.60459054],[51.82876144,5.60459279],[51.82879732,5.60466841],[51.82879801,5.60466997],[51.82880141,5.60467766],[51.82882935,5.60474091],[51.82883327,5.60474978],[51.82885745,5.60480492],[51.82886219,5.60481574],[51.82898921,5.60507196],[51.8292036,5.60550443],[51.82923552,5.60556883],[51.82934151,5.60576467],[51.82979969,5.60672219],[51.83013561,5.60739065],[51.83043049,5.60795672],[51.830537,5.60814929],[51.83094579,5.60888457],[51.83098389,5.60895305],[51.83098886,5.60896198],[51.83142417,5.60849456],[51.83196558,5.60793094],[51.83212533,5.60835194],[51.83213942,5.60838911],[51.83224684,5.60868617],[51.83310371,5.60780827],[51.83311196,5.60783171],[51.83312081,5.60785358],[51.83320064,5.60808726],[51.83332644,5.6084424],[51.83343108,5.60873447],[51.83349351,5.60890761],[51.83350186,5.60893073],[51.83352055,5.60898025],[51.8335579,5.60905347],[51.8337474,5.6094422],[51.83393996,5.60985761],[51.83397478,5.60979219],[51.83398403,5.60977913],[51.834017,5.60973262],[51.83441696,5.60899691],[51.83451786,5.60873713],[51.83468078,5.60843659],[51.83499439,5.6078698],[51.83538595,5.60716488],[51.83543899,5.60707498],[51.835513,5.60694952],[51.83568931,5.60663136],[51.83586477,5.60762953],[51.83610158,5.60905974],[51.83615163,5.60932383],[51.83625852,5.60977815],[51.83627388,5.60983536],[51.8362882,5.6098235],[51.83635321,5.60976963],[51.83634048,5.60972603],[51.83634273,5.60970832],[51.83635213,5.60967101],[51.83639288,5.60946833],[51.83648237,5.60901564],[51.83672533,5.60776034],[51.83681974,5.60725604],[51.83691587,5.60675272],[51.83693536,5.60663327],[51.83697342,5.60643243],[51.83698461,5.60637134],[51.83698007,5.60636855],[51.83697672,5.60636649],[51.83695534,5.60634829],[51.8369428,5.60632262],[51.83694333,5.60629733],[51.83694522,5.60625558],[51.8370478,5.60550557],[51.83711138,5.6050225],[51.83711974,5.60495902],[51.83713514,5.60484205],[51.83721992,5.60422092],[51.83736107,5.60315647],[51.83739201,5.60293799],[51.83739879,5.60289013],[51.83740587,5.6028401],[51.83741145,5.60278634],[51.83741383,5.60274523],[51.83741423,5.60273836],[51.83741892,5.60265717],[51.83749442,5.60193322],[51.83756552,5.6012152],[51.83762706,5.60063962],[51.8377306,5.59961821],[51.83773076,5.59961655],[51.83773109,5.59960805],[51.83773228,5.5995767],[51.83772995,5.59953167],[51.83772561,5.59949828],[51.83772653,5.59947044],[51.83784426,5.5985365],[51.83784646,5.59852303],[51.83785124,5.59849372],[51.83857642,5.59838908],[51.83898627,5.59833416],[51.8390223,5.59832933],[51.83951541,5.59827192],[51.83954425,5.59826948],[51.83955161,5.59806339],[51.83955466,5.59797825],[51.8395758,5.59738675],[51.83958476,5.5970204],[51.8395932,5.59660777],[51.83960539,5.5962872],[51.83961686,5.59550301],[51.83961855,5.59500739],[51.83961928,5.59489165],[51.83961931,5.59488807],[51.83961987,5.5947988],[51.83958528,5.59422916],[51.83953923,5.59344266],[51.83951711,5.59302826],[51.83948123,5.59243908],[51.83944285,5.59178072],[51.83937522,5.59058789],[51.83932789,5.58981874],[51.83930302,5.58933301],[51.83930078,5.58926242],[51.83929969,5.58920922],[51.83927757,5.58888347],[51.83926057,5.58872801],[51.83922251,5.58825322],[51.83921619,5.58814764],[51.83919897,5.58794829],[51.83919311,5.58788048],[51.83918853,5.5877384],[51.83915168,5.58696463],[51.8391275,5.58654107],[51.83912434,5.58639337],[51.83912468,5.58617933],[51.83912773,5.58583971],[51.83912788,5.58565062],[51.83912411,5.5853825],[51.83911508,5.58518173],[51.83910662,5.58501336],[51.83974963,5.58489319],[51.83999866,5.58483907],[51.84073141,5.58470144],[51.84107348,5.58463466],[51.84153503,5.58454614],[51.84156006,5.5845496],[51.84166468,5.58452837],[51.8417812,5.58450472],[51.84199973,5.58446332],[51.84303564,5.58426705],[51.84312434,5.58425316],[51.84338328,5.58421489],[51.84359014,5.58413984],[51.84408368,5.58395628],[51.84424549,5.58390617],[51.84430334,5.58388596],[51.84460187,5.58378165],[51.84505168,5.58362027],[51.84515684,5.58358558],[51.84530315,5.58353326],[51.84539924,5.5834989],[51.84569463,5.58339326],[51.84615366,5.58321841],[51.84619821,5.58320134],[51.84624993,5.58316684],[51.84625363,5.58316508],[51.84635021,5.58311919],[51.84643104,5.58308078],[51.84689464,5.58283706],[51.84696303,5.58280243],[51.84704427,5.58276128],[51.84720579,5.5826731],[51.84722361,5.58266337],[51.8472416,5.58265474],[51.84768092,5.58242347],[51.84799877,5.58227858],[51.84803202,5.58226342],[51.84822311,5.582144],[51.84823957,5.58213371],[51.84862642,5.58192785],[51.8491653,5.58163749],[51.84930474,5.58156747],[51.84941448,5.5815232],[51.84952899,5.58147701],[51.84977576,5.5813697],[51.85019059,5.58123618],[51.85028748,5.58119582],[51.85044966,5.58114087],[51.85057346,5.58110512],[51.85070564,5.58107716],[51.85084828,5.58105696],[51.85097863,5.58104156],[51.85114703,5.58103697],[51.85126655,5.58105441],[51.8512817,5.5810552],[51.8512968,5.58105599],[51.85134384,5.58105716],[51.85142292,5.58106621],[51.85151038,5.5810811],[51.85158235,5.58109741],[51.85162359,5.58110674],[51.85172453,5.58112702],[51.85185599,5.5811692],[51.85200657,5.58124097],[51.85213652,5.58129426],[51.85224638,5.58134891],[51.85236013,5.58141424],[51.85247836,5.58148635],[51.85259926,5.58157058],[51.85272309,5.58168188],[51.85275653,5.58170503],[51.85292213,5.58181969],[51.85304721,5.58191215],[51.85323602,5.58206101],[51.85373992,5.58245219],[51.85385662,5.58253736],[51.85400484,5.5826509],[51.8540683,5.58269951],[51.85443593,5.58298113],[51.85500593,5.58343262],[51.85503885,5.58345985],[51.85512025,5.5835216],[51.85535125,5.58369685],[51.85548385,5.58379724],[51.85567651,5.58394309],[51.85607119,5.58424528],[51.85608437,5.58425335],[51.85609663,5.58426088],[51.85640603,5.58450077],[51.85673697,5.58475867],[51.85679171,5.58480874],[51.85702256,5.5849748],[51.85707182,5.58501023],[51.85711318,5.58503071],[51.85712959,5.58503945],[51.85718275,5.58485442],[51.85722813,5.58469648],[51.85762152,5.58344839],[51.85827775,5.58142237],[51.85829341,5.58137211],[51.85840364,5.58102892],[51.85847531,5.58080581],[51.85867123,5.580197],[51.85868947,5.5801403],[51.8587846,5.57984471],[51.85901884,5.57914408],[51.8590547,5.57902084],[51.8590842,5.57892951],[51.85911369,5.57885755],[51.85915363,5.57879385],[51.859205,5.57871083],[51.85932263,5.578601],[51.85988706,5.57807307],[51.85991227,5.57805043],[51.86004849,5.57792811],[51.860113,5.57787272],[51.86013128,5.57785538],[51.86013429,5.57785371],[51.86014082,5.57785008],[51.86019776,5.5778184],[51.86027155,5.57777735],[51.86030867,5.57775671],[51.86033121,5.57774416],[51.86035141,5.57773292],[51.86038857,5.5777297],[51.86048686,5.57772238],[51.86103614,5.57766324],[51.86164657,5.5775884],[51.86222611,5.57752843],[51.86291056,5.5774476],[51.86381464,5.57734884],[51.86443335,5.57727661],[51.86444275,5.57727551],[51.86446035,5.57727524],[51.86446731,5.57727514],[51.86458494,5.57727334],[51.86456387,5.57719795],[51.86449146,5.57698396],[51.86443442,5.57682877],[51.86439185,5.5766935],[51.86434709,5.57651709],[51.86431199,5.57631505],[51.86422537,5.57582838],[51.86409645,5.57506815],[51.86405799,5.57480983],[51.8640106,5.57451451],[51.86399331,5.57439082],[51.86397705,5.57417857],[51.86396299,5.57400745],[51.86395536,5.57385813],[51.86394914,5.57324215],[51.8639364,5.57261084],[51.86391924,5.57178494],[51.86390748,5.57141511],[51.86390199,5.57128684],[51.8638959,5.57114467],[51.86384367,5.57045813],[51.86377529,5.56954854],[51.8637027,5.56865612],[51.86364112,5.56796713],[51.86361003,5.56764857],[51.86349731,5.56617586],[51.8633918,5.56477252],[51.8632679,5.56299053],[51.86326753,5.56298531],[51.86314112,5.56122357],[51.86306883,5.56017092],[51.86302083,5.55947194],[51.86289999,5.55788237],[51.86275838,5.55600265],[51.86262276,5.55418145],[51.86253643,5.55303805],[51.86254375,5.55304075],[51.86256331,5.55304795],[51.86256581,5.55304887],[51.8625912,5.55305826],[51.86259386,5.55305924],[51.86281656,5.55314163],[51.86311546,5.55320695],[51.86354733,5.55330131],[51.86360727,5.55331505],[51.86427042,5.55345904],[51.86463874,5.55352079],[51.86506755,5.55359284],[51.86510658,5.55359962],[51.86520678,5.55361708],[51.86536812,5.55364518],[51.86571912,5.55371208],[51.86610703,5.55377651],[51.86619299,5.5537908],[51.86622908,5.5537968],[51.86628862,5.55380808],[51.86689505,5.55392301],[51.86752223,5.5540502],[51.86756099,5.55405683],[51.86761434,5.55406597],[51.86765174,5.55406205],[51.86823568,5.55400069],[51.86938586,5.55389104],[51.86998611,5.55382505],[51.8703738,5.55378242],[51.87037395,5.55379196],[51.87037433,5.55381431],[51.8703763,5.55393322],[51.87037749,5.55397969],[51.87040246,5.55495415],[51.87044756,5.55683384],[51.87044862,5.55695531],[51.87044866,5.55695974],[51.87045155,5.55699803],[51.87046132,5.55747991],[51.87047183,5.55799121],[51.87048252,5.55836027],[51.87049234,5.55878768],[51.87050399,5.55944084],[51.87050424,5.55945314],[51.87050426,5.55945411],[51.87050461,5.55948254],[51.87050601,5.55954584],[51.87050724,5.55960134],[51.87061742,5.55959427],[51.87067295,5.55959053],[51.87070265,5.55958854],[51.87081333,5.55960741],[51.87085053,5.55961907],[51.87103492,5.55964986],[51.87105621,5.5596525],[51.87107259,5.55965453],[51.8715275,5.55971092],[51.87196145,5.55976826],[51.87240373,5.55982388],[51.87265357,5.55985721],[51.87291548,5.55990117],[51.8729147,5.55988133],[51.87297175,5.55989942],[51.87302517,5.55991636],[51.87305671,5.55992577],[51.87306593,5.55992663],[51.87323084,5.55994196],[51.87353884,5.55998616],[51.87377669,5.56002921],[51.87424164,5.56011624],[51.87486577,5.56022099],[51.87497361,5.56023876],[51.875029,5.56025166],[51.87504791,5.56025593],[51.8751437,5.56079119],[51.87523007,5.56125019],[51.8752494,5.56135524],[51.87532494,5.5617579],[51.87542651,5.56232562],[51.87544505,5.5624259],[51.87561075,5.56333695],[51.87588567,5.56481237],[51.87590401,5.56492249],[51.8760301,5.56560565],[51.8760402,5.56566084],[51.87606756,5.56580971],[51.87608864,5.56592463],[51.87619474,5.56650495],[51.87629279,5.5670482],[51.87631925,5.56719749],[51.87633946,5.56728679],[51.87635942,5.56739926],[51.87640168,5.56762815],[51.87647869,5.56804525],[51.87649054,5.56811493],[51.87654184,5.56841415],[51.87654551,5.56843554],[51.8772253,5.56859537],[51.87746849,5.56864514],[51.87750454,5.56865617],[51.87755022,5.56866554],[51.877585,5.56867309],[51.87777156,5.56872387],[51.87804888,5.5688041],[51.87847561,5.56893783],[51.87873018,5.56902463],[51.87905674,5.56915309],[51.87928242,5.56926023],[51.87950334,5.56937871],[51.87956536,5.56939599],[51.87957833,5.56939674],[51.87966566,5.56939387],[51.87972619,5.56937826],[51.879756,5.5693584],[51.87978976,5.56932767],[51.87980844,5.56930731],[51.87983593,5.56927338],[51.88009373,5.56886103],[51.88029874,5.5685089],[51.88030865,5.56849187],[51.88030989,5.56848984],[51.88031431,5.5684827],[51.88031565,5.56848053],[51.8803386,5.56844331],[51.88033871,5.56844314],[51.88034094,5.56843951],[51.88037221,5.56838881],[51.88039747,5.56834727],[51.88039817,5.56834614],[51.88044565,5.56826805],[51.88044738,5.56826521],[51.88045479,5.568253],[51.88049245,5.56819946],[51.88050072,5.56818596],[51.88092265,5.5674896],[51.88104915,5.56727656],[51.88122754,5.56699633],[51.88123654,5.56698033],[51.88125468,5.56694803],[51.88127731,5.56694418],[51.88190188,5.56694771],[51.88228916,5.56694486],[51.88232973,5.56692662],[51.88234203,5.56691077],[51.88236251,5.56678495],[51.88238589,5.56677575],[51.88270754,5.5667087],[51.88303286,5.56664421],[51.88327691,5.56659788],[51.88347121,5.56655557],[51.88375942,5.56649334],[51.88391474,5.56644748],[51.88393075,5.56644275],[51.88394838,5.56643755],[51.88399201,5.5667029],[51.88418191,5.56773774],[51.88426263,5.56810713],[51.88434061,5.5684268],[51.88443599,5.56873561],[51.88443643,5.56873646],[51.88446739,5.56879623],[51.88452436,5.56876124],[51.88458453,5.56871779],[51.88460326,5.56871125],[51.88461667,5.56872633],[51.88463813,5.5687695],[51.88466229,5.56883426],[51.88467843,5.56890772],[51.88466642,5.56895511],[51.88472153,5.56914752],[51.88477523,5.56929002],[51.88485169,5.56944325],[51.88492412,5.5695847],[51.88482524,5.56972438],[51.88470737,5.56989537],[51.88461634,5.57002742],[51.88448316,5.57022064],[51.88438146,5.57040087],[51.88435359,5.57045024],[51.88434844,5.5704605],[51.8842601,5.57063648],[51.88406113,5.57104142],[51.88412553,5.57117955],[51.88402931,5.5713096],[51.88391192,5.5714599],[51.88401861,5.57156667],[51.88412668,5.57167483],[51.88414429,5.57168119],[51.88431968,5.57183632],[51.88435733,5.57186962],[51.88455374,5.57204603],[51.88463617,5.57211922],[51.88475067,5.57222092],[51.8848731,5.57231105],[51.88509587,5.57242063],[51.88529956,5.5725205],[51.88531093,5.57252607],[51.88552636,5.57262974],[51.88565493,5.57268587],[51.88566347,5.57268747],[51.88567642,5.5726495],[51.88571586,5.57249279],[51.88576935,5.57226299],[51.88577172,5.57225799],[51.88577459,5.57225372],[51.88577786,5.5722503],[51.88578146,5.57224786],[51.88578526,5.57224646],[51.88578916,5.57224612],[51.88579302,5.57224688],[51.88579676,5.57224871],[51.88583309,5.57229103],[51.88588524,5.57235385],[51.88601868,5.57250916],[51.88616203,5.57267467],[51.88616299,5.57267578],[51.88622132,5.5727461],[51.88639747,5.57295849],[51.88647744,5.57305097],[51.88653482,5.57311381],[51.88670338,5.57331837],[51.88672042,5.57334008],[51.88678558,5.57341581],[51.88687101,5.57351511],[51.88691969,5.57356737],[51.88698295,5.5736285],[51.88720627,5.57381734],[51.88780604,5.57431539],[51.88838194,5.57478731],[51.8884376,5.57483046],[51.88847411,5.57485283],[51.88847472,5.57485334],[51.88854491,5.57490283],[51.88882296,5.57508108],[51.88928526,5.5753727],[51.88970608,5.57564089],[51.890498,5.57612129],[51.8906831,5.57622791],[51.8910247,5.57640456],[51.89139026,5.57657497],[51.8917441,5.57672214],[51.89200452,5.57682995],[51.89217958,5.57689064],[51.89239514,5.57697991],[51.89242754,5.57699008],[51.89243666,5.57699294],[51.89244185,5.57691651],[51.89244769,5.57684019],[51.89245417,5.57676401],[51.8924613,5.57668797],[51.89246907,5.57661212],[51.89247748,5.57653642],[51.89248654,5.57646093],[51.89250899,5.57628035],[51.892512,5.57624255],[51.89251459,5.57620466],[51.89251675,5.57616671],[51.8925185,5.5761287],[51.89251976,5.57609229],[51.89252064,5.57605584],[51.89252115,5.5760161],[51.8925212,5.57597634],[51.89252077,5.57594034],[51.89251979,5.57590438],[51.89251829,5.57586846],[51.89251649,5.57583545],[51.89251433,5.57580247],[51.89251183,5.57576957],[51.89250982,5.57574599],[51.89250623,5.57570858],[51.89250215,5.5756713],[51.8924976,5.57563417],[51.89249257,5.57559719],[51.89248704,5.5755604],[51.89248103,5.57552381],[51.8923595,5.57470831],[51.89227372,5.57421381],[51.89225788,5.57412956],[51.8922414,5.57404563],[51.89222428,5.57396203],[51.89220653,5.57387878],[51.89218814,5.57379589],[51.89216912,5.57371337],[51.8920783,5.57330025],[51.89206144,5.57321456],[51.89204511,5.57312858],[51.89202933,5.57304235],[51.89201408,5.57295587],[51.89199937,5.57286914],[51.89198346,5.57277109],[51.89196823,5.57267276],[51.89195369,5.57257415],[51.89193985,5.57247528],[51.89185564,5.57197038],[51.89181994,5.57176725],[51.89174011,5.57132201],[51.89172776,5.57125288],[51.89160523,5.57061933],[51.89154865,5.57032674],[51.89154595,5.57031377],[51.89154416,5.57030522],[51.8914,5.569613],[51.89128025,5.56899512],[51.89119062,5.56849917],[51.89109132,5.5678946],[51.89107698,5.56780734],[51.8910465,5.56762175],[51.89102093,5.56746616],[51.8909119,5.56684626],[51.89085733,5.56654608],[51.89081624,5.56622655],[51.89077465,5.56575075],[51.8907564,5.56549723],[51.89074478,5.56533588],[51.89071221,5.56517269],[51.89071193,5.56516983],[51.89069574,5.56500105],[51.89069331,5.56495685],[51.89068234,5.56475783],[51.89053044,5.56389433],[51.89034791,5.56300226],[51.89021229,5.56234514],[51.89011953,5.56192729],[51.89006087,5.5616401],[51.88996241,5.56103773],[51.88990151,5.56066586],[51.88982214,5.56024819],[51.88967774,5.55972553],[51.88955731,5.55931012],[51.8895306,5.55921803],[51.88948172,5.55905213],[51.88944781,5.55893704],[51.88936604,5.55871463],[51.88918454,5.55825688],[51.8890723,5.55794064],[51.88903966,5.55783548],[51.88895194,5.55741564],[51.88878346,5.5565391],[51.8887286,5.55626845],[51.88867728,5.55591203],[51.88864339,5.55562391],[51.88862924,5.55537752],[51.88862121,5.55503326],[51.8886217,5.55498139],[51.88862291,5.55485236],[51.88862149,5.5547801],[51.88861721,5.55467068],[51.88859712,5.55435208],[51.88857785,5.55407452],[51.88856615,5.55392252],[51.88855194,5.55373771],[51.88853534,5.55355921],[51.88851835,5.5534197],[51.88851278,5.553388],[51.88849778,5.55331887],[51.88847995,5.55324246],[51.88842582,5.55306096],[51.88832842,5.55275634],[51.88828814,5.5526201],[51.88825134,5.55246194],[51.88821501,5.55222401],[51.88819857,5.55209134],[51.88818417,5.5519704],[51.88815769,5.55174803],[51.88812783,5.55149436],[51.88810472,5.55127808],[51.8880756,5.55103049],[51.88805973,5.55082461],[51.88804795,5.55066225],[51.8880414,5.55046757],[51.88803744,5.55028458],[51.88803726,5.55010042],[51.88804392,5.54990882],[51.88804969,5.54973154],[51.88805572,5.54963578],[51.88807193,5.54939857],[51.88809346,5.54923027],[51.88810298,5.54916027],[51.88812413,5.54904116],[51.88814392,5.54892183],[51.88821023,5.54858667],[51.88824516,5.5483815],[51.88827248,5.54822105],[51.88827329,5.54821626],[51.88827832,5.54815981],[51.8882982,5.54801209],[51.88830643,5.54781188],[51.88826169,5.54736675],[51.88823091,5.54701988],[51.88813594,5.54649323],[51.88804217,5.54598403],[51.88800445,5.5456697],[51.88799074,5.54553878],[51.88796318,5.54529433],[51.88796715,5.54512454],[51.88799075,5.54483967],[51.8879965,5.54478752],[51.88804102,5.5445662],[51.8881186,5.54433271],[51.88812753,5.54430581],[51.88827961,5.54381708],[51.88837404,5.54337019],[51.88840405,5.54312027],[51.88843692,5.54312565],[51.88843933,5.54312603],[51.88843949,5.54312606],[51.88850268,5.54313639],[51.88865114,5.54316066],[51.88869105,5.54316719],[51.88869299,5.5431675],[51.8886985,5.5431684],[51.88870476,5.54316943],[51.8887159,5.543113],[51.88875334,5.54301595],[51.88876556,5.54298429],[51.8888081,5.54287401],[51.88881759,5.5428494],[51.88882585,5.54282802],[51.88883604,5.54280162],[51.88891776,5.54257028],[51.88893999,5.54250735],[51.88902127,5.5422606],[51.88913179,5.54192504],[51.88923308,5.54162854],[51.88927693,5.54149433],[51.88935685,5.54136731],[51.88944316,5.5412796],[51.88960575,5.54115496],[51.88968427,5.54108537],[51.88980967,5.54099631],[51.88986346,5.54096126],[51.8900584,5.54079444],[51.89009809,5.54076249],[51.89028057,5.54061561],[51.89062939,5.54032151],[51.89096201,5.5400467],[51.8911787,5.539883],[51.89136448,5.53991258],[51.89176361,5.53951486],[51.89176505,5.53949962],[51.89187534,5.53937759],[51.89186662,5.53930358],[51.8918489,5.53915283],[51.89184681,5.53913507],[51.89183531,5.5388975],[51.89183303,5.53885961],[51.89181919,5.53863021],[51.89179748,5.5382995],[51.89177734,5.53794965],[51.89174882,5.53754623],[51.89172806,5.53710405],[51.89168455,5.53650542],[51.89163172,5.53548703],[51.89159706,5.53503265],[51.89154972,5.53440088],[51.89154264,5.53427865],[51.89155241,5.53419334],[51.89150604,5.53326773],[51.89146666,5.53246113],[51.89141668,5.53146265],[51.89139355,5.53098305],[51.891423,5.53098141],[51.89142835,5.53098203],[51.89145994,5.53098566],[51.89216769,5.53106693],[51.89235802,5.53108861],[51.89264633,5.53112145],[51.89281151,5.53114063],[51.89303437,5.53116651],[51.89336148,5.5312045],[51.89355948,5.53122749],[51.89475341,5.53136264],[51.89460098,5.53101951],[51.8943553,5.53026027],[51.89406207,5.52934536],[51.8939748,5.52906114],[51.89329892,5.52666635],[51.89321141,5.52634223],[51.8930549,5.52575384],[51.89292399,5.52525127],[51.8927962,5.52475803],[51.8926922,5.52436151],[51.89247457,5.52349199],[51.89235668,5.52302955],[51.8922385,5.52253405],[51.89211256,5.52200367],[51.89194732,5.52128599],[51.89182292,5.52075103],[51.89170392,5.52024589],[51.891532,5.51947042],[51.89140284,5.5188436],[51.89128724,5.51830988],[51.89120254,5.51784632],[51.89110042,5.51730539],[51.89101683,5.51685057],[51.89095063,5.51648624],[51.89084252,5.51587024],[51.89071337,5.51505935],[51.89053021,5.51390941],[51.89020889,5.51174802],[51.89012111,5.51114808],[51.8899232,5.50961879],[51.88984491,5.50903123],[51.88968131,5.50766773],[51.88951401,5.50602607],[51.8894124,5.50483811],[51.88937362,5.50431097],[51.88935782,5.50408586],[51.88934835,5.5039618],[51.88930732,5.50342444],[51.88919907,5.50195044],[51.8891716,5.5015222],[51.88915117,5.50111374],[51.8891415,5.50091116],[51.8891234,5.50031052],[51.8891035,5.49967981],[51.88905879,5.49799073],[51.88905008,5.49765003],[51.8890372,5.49722318],[51.8890381,5.49711292],[51.88903453,5.4966003],[51.88903647,5.4959048],[51.88903915,5.49487325],[51.88904288,5.49461696],[51.88905581,5.49377068],[51.88908154,5.49285472],[51.88911096,5.49200194],[51.88913316,5.49135609],[51.88919384,5.49037126],[51.88930099,5.48866839],[51.88934788,5.48774767],[51.88940631,5.486713],[51.88948752,5.48495509],[51.88950111,5.4844192],[51.88956899,5.48213169],[51.88957332,5.481627],[51.88958429,5.48034498],[51.88960489,5.47865422],[51.88961265,5.47747559],[51.88962487,5.47615662],[51.88961447,5.47406493],[51.88958108,5.473147],[51.88954628,5.47215952],[51.88942775,5.46986639],[51.88928005,5.46751232],[51.88909669,5.46526521],[51.88900899,5.46391682],[51.88889094,5.46267636],[51.88865305,5.46060529],[51.88848832,5.45910332],[51.88836954,5.45811143],[51.88832642,5.4578398],[51.88821557,5.45714166],[51.88811277,5.45652541],[51.88789244,5.45539408],[51.88768004,5.45440985],[51.88743753,5.45343462],[51.8871617,5.45245362],[51.88679532,5.45123486],[51.88679408,5.45123075],[51.88657687,5.45059727],[51.88620563,5.44958404],[51.8859934,5.449032],[51.88571402,5.44828407],[51.88542109,5.44757966],[51.88513262,5.44687927],[51.88464608,5.44583673],[51.88438805,5.44534365],[51.88415808,5.44489543],[51.88384659,5.44428856],[51.88337032,5.44335788],[51.88289855,5.44243536],[51.88247869,5.4416122],[51.88224448,5.44115051],[51.88217508,5.44102125],[51.88209664,5.44086751],[51.88200966,5.44070503],[51.88188444,5.44050902],[51.88149562,5.43989568],[51.88102571,5.4391498],[51.88070791,5.43863345],[51.88038941,5.43812355],[51.88002032,5.43752687],[51.8795458,5.43682042],[51.8790864,5.4361423],[51.87889911,5.43587492],[51.87806457,5.43469167],[51.87802618,5.43463723],[51.87763954,5.43409396],[51.87722608,5.43353819],[51.87658811,5.43281095],[51.87603985,5.43217803],[51.875606,5.43167256],[51.87501836,5.43098653],[51.87450335,5.43039867],[51.87424685,5.43013264],[51.87364893,5.42950615],[51.87319914,5.42905029],[51.87011514,5.42602317],[51.86866538,5.42483996],[51.86776533,5.42407385],[51.86680371,5.42325538],[51.8664242,5.42297834],[51.86622966,5.42283916],[51.8659913,5.42266384],[51.86574526,5.42248239],[51.8654938,5.42229558],[51.86521833,5.42209545],[51.86495054,5.42190001],[51.86480706,5.42180308],[51.86461396,5.42165878],[51.8643959,5.4215026],[51.86420818,5.42136512],[51.86406434,5.42126081],[51.86383634,5.42109619],[51.86375892,5.42104496],[51.86352104,5.42086821],[51.86338737,5.42079008],[51.86313238,5.42063124],[51.86292989,5.42050807],[51.86243252,5.42020485],[51.86234551,5.42015406],[51.86213427,5.420038],[51.86196964,5.41995371],[51.86167049,5.41978683],[51.86130644,5.41958982],[51.86119986,5.41953545],[51.86095012,5.41939599],[51.86077738,5.41930332],[51.86051325,5.4191457],[51.86024899,5.41899841],[51.8599444,5.41882841],[51.85965969,5.41867382],[51.85955188,5.41860835],[51.85929795,5.41847542],[51.85883273,5.4182294],[51.85809193,5.41782501],[51.85798691,5.41777422],[51.85776868,5.41768322],[51.85770079,5.41765491],[51.85732365,5.41750282],[51.85722536,5.41746692],[51.85713986,5.41742908],[51.85706884,5.41740627],[51.85702248,5.41738322],[51.85697284,5.4173697],[51.85689022,5.41735678],[51.85544941,5.41693633],[51.85484854,5.41668515],[51.85329715,5.41601758],[51.85322741,5.4159789],[51.85180106,5.41523425],[51.85162822,5.41512742],[51.8506511,5.41456599],[51.85003931,5.41420937],[51.84973506,5.41402221],[51.84907442,5.41354345],[51.84879178,5.41333926],[51.84827648,5.41296481],[51.84760243,5.41239637],[51.84693458,5.41183525],[51.84616567,5.41118924],[51.84576795,5.4108526],[51.84539954,5.41053278],[51.84495098,5.41011121],[51.84488727,5.41005233],[51.84411232,5.40933626],[51.84392397,5.40914905],[51.84369777,5.40889662],[51.84327733,5.40842124],[51.84242913,5.40742835],[51.84175519,5.40662498],[51.84115654,5.40589667],[51.84090074,5.40555609],[51.84082492,5.4054414],[51.83948711,5.40351124],[51.83893073,5.40270013],[51.8379303,5.40108791],[51.83767675,5.4006668],[51.83765881,5.40063329],[51.83758408,5.40076821],[51.83708471,5.40162634],[51.83699633,5.40178015],[51.83697027,5.40184449],[51.83693027,5.4019085],[51.83691434,5.40193399],[51.83540363,5.40457791],[51.83538893,5.40460884],[51.8353888,5.40461025],[51.83535485,5.40491841],[51.83534595,5.40498834],[51.83534372,5.40500556],[51.83503566,5.40538262],[51.83499166,5.4053232],[51.83497221,5.40530705],[51.83483264,5.40514545],[51.8347233,5.40522051],[51.83470626,5.40525177],[51.83465417,5.40533771],[51.83454084,5.40549421],[51.83453907,5.40549666],[51.83453156,5.40550704],[51.83450326,5.40553586],[51.83449766,5.40554154],[51.8344657,5.40557409],[51.83440394,5.40555262],[51.83421685,5.40556379],[51.83420299,5.40556461],[51.8341522,5.40556763],[51.83402163,5.40557589],[51.83402049,5.40557598],[51.83401617,5.4055763],[51.83376869,5.40559662],[51.83376748,5.40559672],[51.83336656,5.40562967],[51.83323211,5.40564071],[51.83292173,5.40566622],[51.83272999,5.40585735],[51.83270567,5.40584336],[51.83270874,5.40591416],[51.83271688,5.40610267],[51.83271785,5.40612512],[51.83271877,5.40614645],[51.83275752,5.40616029],[51.83276781,5.40618603],[51.83276959,5.40619047],[51.83277027,5.4062241],[51.83277994,5.40669602],[51.83279322,5.40670122],[51.83280058,5.40697072],[51.83264248,5.40698336],[51.83251656,5.40699343],[51.83251476,5.40699359],[51.83250264,5.40699452],[51.83160494,5.40706453],[51.83138668,5.40704347],[51.83137788,5.40704413],[51.83135251,5.40704601],[51.83129187,5.4070603],[51.83125986,5.40706784],[51.8309966,5.40715776],[51.83070954,5.40729779],[51.83061662,5.40733364],[51.83047358,5.40738809],[51.83043289,5.40741048],[51.8301884,5.40754915],[51.83018258,5.4075525],[51.83016426,5.40756305],[51.82984401,5.40779259],[51.82962019,5.40801012],[51.8295204,5.4081055],[51.82948046,5.40814368],[51.82946044,5.40816267],[51.82936496,5.40825311],[51.82935751,5.40826001],[51.82933003,5.40828556],[51.82932587,5.40828943],[51.82928707,5.40832549],[51.82928066,5.40833145],[51.82912039,5.40849318],[51.82893203,5.40868588],[51.82892708,5.40869089],[51.82873459,5.40888573],[51.82866478,5.40895542],[51.82865088,5.40896934],[51.82855787,5.40906548],[51.82852603,5.40909843],[51.82838809,5.4092577],[51.82840568,5.40930641],[51.82844861,5.40942558],[51.8281033,5.40983964],[51.8277802,5.41022797],[51.82777901,5.41022941],[51.82715336,5.41097693],[51.8271662,5.41101372],[51.8271566,5.41102778],[51.82696428,5.41130867],[51.82585098,5.41299853],[51.82585038,5.41299989],[51.82584607,5.41300968],[51.82580853,5.41313097],[51.82501749,5.41501553],[51.82493784,5.41496505],[51.82489488,5.41496776],[51.82476289,5.41499294],[51.82469748,5.41500169],[51.82456477,5.41502823],[51.82451864,5.41504396],[51.82440076,5.41511834],[51.82435359,5.4151433],[51.82418218,5.41525621],[51.8240666,5.41534998],[51.82398791,5.41543451],[51.82386004,5.41558907],[51.8237905,5.41565876],[51.82373533,5.41572122],[51.82368744,5.41577],[51.82360859,5.41583539],[51.82357247,5.4158646],[51.82348775,5.41592466],[51.82336821,5.41600052],[51.82328259,5.41605643],[51.82314142,5.41612486],[51.82304103,5.41614858],[51.82263985,5.416223],[51.82256315,5.41619712],[51.82246931,5.41616545],[51.82214881,5.41592594],[51.82192624,5.41574034],[51.82178762,5.41555041],[51.82129022,5.41488552],[51.82080934,5.41577531],[51.81991021,5.41694954],[51.81901113,5.41787717],[51.81872905,5.4181227],[51.81811209,5.41865972],[51.81751269,5.41918144],[51.81721304,5.41944225],[51.81631397,5.42028275],[51.81541485,5.42123924],[51.81474949,5.42200735],[51.81446478,5.42243225],[51.8137783,5.42345677],[51.81299586,5.42490629],[51.81234822,5.42635588],[51.81179943,5.42780551],[51.81136748,5.42925522],[51.81098214,5.43070363],[51.81062935,5.43215468],[51.81039735,5.43332174],[51.81034116,5.43360446],[51.81012485,5.4350543],[51.80995347,5.43650417],[51.80995322,5.43650696],[51.80991078,5.43699356]]]]},"id":"47868d35-d47c-555a-8097-50064638cf9c"},{"type":"Feature","properties":{"begin_lifespan_version":"2025-12-31T23:00:00Z","local_id":"GM0848","name":"Son en Breugel","national_code":"0848","national_level":"3rdOrder","national_level_name":"Gemeente","residence_of_authority":null,"upper_level_unit":"Noord-Brabant"},"geometry":{"type":"MultiPolygon","coordinates":[[[[51.49415682,5.44245383],[51.49392725,5.44257065],[51.49406528,5.44319936],[51.49434919,5.4445808],[51.4946159,5.44597102],[51.49486507,5.44736944],[51.49509679,5.44877563],[51.49521306,5.44954349],[51.49521404,5.44954994],[51.49531086,5.45018901],[51.49536834,5.45060468],[51.49539834,5.4508215],[51.49548159,5.45142323],[51.49550729,5.451609],[51.49568591,5.45303502],[51.49584662,5.45446636],[51.49598942,5.45590272],[51.49611431,5.45734338],[51.49619155,5.4583877],[51.49619644,5.45843147],[51.49620353,5.45849502],[51.49636862,5.45972373],[51.49641735,5.46006495],[51.49643895,5.46019155],[51.49646055,5.46031814],[51.49653158,5.46069991],[51.49656362,5.46086178],[51.49662741,5.46118407],[51.49671178,5.46161035],[51.49672324,5.46166823],[51.49677406,5.46203649],[51.49682019,5.46245293],[51.49683764,5.46275804],[51.49686688,5.46276496],[51.49689204,5.46342914],[51.49697854,5.46389522],[51.4969798,5.46461389],[51.49695945,5.46492573],[51.49695522,5.4649785],[51.49696068,5.46513688],[51.49695048,5.46526433],[51.49692367,5.46559961],[51.49686112,5.46628249],[51.49686003,5.46629447],[51.49684434,5.46646573],[51.49684429,5.46800861],[51.49684398,5.46825006],[51.49650678,5.46825904],[51.4965038,5.46825912],[51.49581551,5.468277],[51.49578945,5.46879103],[51.49569986,5.46986484],[51.49559234,5.46985274],[51.4955912,5.46988682],[51.4955912,5.46988699],[51.49558724,5.47014762],[51.49558677,5.4702586],[51.49558905,5.4704484],[51.4955941,5.47063754],[51.49560224,5.47082693],[51.49561336,5.47101571],[51.49562762,5.47120376],[51.49564474,5.47139159],[51.49566471,5.47157832],[51.49568785,5.47176439],[51.49571358,5.47194941],[51.49574227,5.47213325],[51.49577424,5.47231602],[51.49580857,5.47249726],[51.4958462,5.47267719],[51.49588622,5.47285553],[51.49592916,5.47303227],[51.49597514,5.47320685],[51.49602375,5.47338009],[51.49607499,5.4735507],[51.49612904,5.47371971],[51.49618558,5.47388663],[51.49624448,5.47405092],[51.49628992,5.47416932],[51.49633906,5.47429199],[51.49640424,5.47444764],[51.49647017,5.47460039],[51.49653694,5.47475024],[51.49657103,5.47482581],[51.49660385,5.47489787],[51.49665742,5.47501455],[51.49665756,5.47501485],[51.49669368,5.47509251],[51.49673431,5.47518553],[51.4967854,5.47530428],[51.49682372,5.47539669],[51.49685069,5.47546588],[51.49687592,5.47553439],[51.49689326,5.47558394],[51.49691352,5.4756437],[51.49693378,5.47570783],[51.4969541,5.47577785],[51.49697303,5.47584922],[51.49699016,5.47592148],[51.49700623,5.47599443],[51.49702038,5.47606872],[51.49703313,5.47614321],[51.49704424,5.47621865],[51.49705362,5.47629456],[51.49706173,5.47637075],[51.49706838,5.47644768],[51.49707301,5.47652475],[51.49707614,5.4766022],[51.49707794,5.47667968],[51.4970776,5.47675739],[51.497076,5.47683448],[51.49707239,5.47691208],[51.49706723,5.47698972],[51.49706073,5.47706605],[51.49705234,5.4771428],[51.49704277,5.47721874],[51.49703108,5.47729438],[51.4970181,5.47736928],[51.49700337,5.4774431],[51.49698736,5.47751638],[51.49696948,5.47758861],[51.49695046,5.47766011],[51.4969296,5.47773042],[51.4969074,5.47779969],[51.49688373,5.47786758],[51.49685871,5.47793408],[51.49684246,5.47797363],[51.49684215,5.47797438],[51.49683198,5.47799933],[51.49680404,5.47806275],[51.49677469,5.47812476],[51.49674483,5.47818406],[51.49671486,5.47823931],[51.49667827,5.47830442],[51.49664357,5.47836163],[51.49660605,5.47842164],[51.49660953,5.47877981],[51.49661312,5.4791479],[51.49661914,5.4797685],[51.49662,5.4798562],[51.49665906,5.48388656],[51.49666072,5.48405806],[51.49666639,5.4846471],[51.4966841,5.48648598],[51.49668496,5.48656651],[51.49668604,5.48667846],[51.49669882,5.4880053],[51.49671938,5.49014005],[51.49671974,5.49017797],[51.49671985,5.49018959],[51.4967245,5.49067313],[51.49672456,5.49067895],[51.4967246,5.49068279],[51.49672608,5.4908371],[51.49672613,5.49084244],[51.49673136,5.49138707],[51.49675555,5.49390565],[51.49675584,5.49403175],[51.49675586,5.49403388],[51.49676264,5.49476779],[51.4967735,5.4959431],[51.4967736,5.49595428],[51.4967745,5.49605182],[51.49677709,5.49628412],[51.4967772,5.49629364],[51.49677722,5.49629571],[51.4967799,5.4965366],[51.49678011,5.49655497],[51.49678272,5.49678935],[51.49678586,5.49707162],[51.49678709,5.49721133],[51.49679334,5.49785449],[51.49680577,5.49915623],[51.49681471,5.50009302],[51.49682533,5.50120797],[51.4968268,5.50136197],[51.49684077,5.50283053],[51.49684219,5.50297939],[51.49685433,5.50425706],[51.49686842,5.50574143],[51.49687295,5.50621872],[51.49687348,5.5062742],[51.49687532,5.50646845],[51.49689315,5.50835136],[51.49690468,5.50956994],[51.49691513,5.51067545],[51.49691958,5.51114699],[51.4969222,5.51142422],[51.49695317,5.51134811],[51.49699806,5.51116448],[51.49702131,5.51094218],[51.49704717,5.51068985],[51.49708625,5.51048087],[51.49713046,5.51036544],[51.49720528,5.51028666],[51.49728707,5.51024048],[51.4974115,5.51017888],[51.49757851,5.51009461],[51.49768003,5.51005439],[51.49783885,5.51000666],[51.49800996,5.50994686],[51.49837238,5.50981775],[51.4986611,5.50978369],[51.49867359,5.509894],[51.49868622,5.5100043],[51.49869994,5.51010009],[51.498718,5.51014903],[51.49878277,5.51026079],[51.49888735,5.51043349],[51.49898051,5.51059702],[51.49900978,5.51068849],[51.49901323,5.51077243],[51.49899058,5.51089212],[51.49894579,5.51109011],[51.49893403,5.5111374],[51.49888411,5.51133819],[51.4988804,5.51137692],[51.4988836,5.51149874],[51.49889846,5.51159544],[51.49892891,5.51168153],[51.49896949,5.51171541],[51.49898967,5.51169957],[51.49899664,5.5116941],[51.49900945,5.51166991],[51.49902207,5.51158979],[51.49904079,5.51145651],[51.4990513,5.51143229],[51.49906287,5.51142162],[51.49918516,5.51160988],[51.49919077,5.5116314],[51.49919827,5.5116721],[51.49921852,5.5117821],[51.49923707,5.51184367],[51.49926499,5.51187829],[51.49927556,5.51188561],[51.49929016,5.51189575],[51.49935361,5.51193344],[51.49937429,5.51194912],[51.49939708,5.51197918],[51.49940374,5.51201444],[51.499401,5.51202981],[51.49939717,5.51205135],[51.49938166,5.51209855],[51.49937634,5.51211477],[51.49935116,5.51214458],[51.49934741,5.51214904],[51.49933783,5.51217107],[51.49936826,5.51233964],[51.4993618,5.51235038],[51.49935224,5.51236885],[51.49934136,5.51239792],[51.49934918,5.5124314],[51.49937414,5.51247952],[51.4994255,5.51253429],[51.499462,5.51257535],[51.49950845,5.51267802],[51.49954101,5.5128415],[51.49965263,5.51354045],[51.49979539,5.51442569],[51.49983341,5.51462278],[51.49991074,5.51482298],[51.49998165,5.51493959],[51.50026397,5.51530361],[51.50057486,5.51569129],[51.50070777,5.51590105],[51.50092275,5.51624642],[51.50101599,5.51639828],[51.50119327,5.5166896],[51.50124155,5.51676891],[51.50136764,5.51699837],[51.50146571,5.51721048],[51.50163843,5.51759132],[51.5017666,5.51786483],[51.50182828,5.51804421],[51.50189198,5.5182829],[51.50190852,5.51836481],[51.50193913,5.51843967],[51.50195411,5.51847566],[51.50197366,5.51852267],[51.50199584,5.51859925],[51.50199332,5.51866928],[51.50198254,5.5186997],[51.50197349,5.51871436],[51.50196163,5.51873361],[51.50195744,5.51874085],[51.50191922,5.51880681],[51.50189417,5.51885353],[51.50186943,5.51889969],[51.50183596,5.51898736],[51.50179437,5.5191396],[51.50176342,5.51930543],[51.50175624,5.51942032],[51.50175843,5.51946202],[51.50176043,5.51950029],[51.50177651,5.51957352],[51.50177921,5.51958583],[51.50179174,5.51969015],[51.50179036,5.5197566],[51.50177268,5.51982736],[51.50172458,5.51991757],[51.50170947,5.51994169],[51.5016709,5.52000322],[51.50165647,5.52010544],[51.50165898,5.52018452],[51.50168357,5.5203671],[51.50175206,5.52049516],[51.50179903,5.52058299],[51.50191064,5.52077998],[51.50193834,5.52082749],[51.50200496,5.52094175],[51.50203782,5.52101485],[51.50205214,5.52109136],[51.50205424,5.52117596],[51.50205507,5.52120905],[51.50203213,5.52162645],[51.50202257,5.5218428],[51.50201734,5.52198571],[51.5020273,5.52212425],[51.50204289,5.52226194],[51.50204495,5.52229801],[51.5020506,5.52239686],[51.50204356,5.52263149],[51.50203711,5.52284992],[51.50199136,5.52345831],[51.50194627,5.52398306],[51.50192017,5.52415911],[51.50187208,5.52438445],[51.50167467,5.52523359],[51.50144638,5.52611661],[51.5014577,5.52612255],[51.50150068,5.5261463],[51.50159795,5.52616393],[51.50172709,5.52614605],[51.50229278,5.52597407],[51.50229114,5.52615811],[51.50228402,5.52695457],[51.50228412,5.52695696],[51.50231906,5.52783452],[51.50305387,5.52830148],[51.50308168,5.52831915],[51.50376843,5.52903119],[51.50386791,5.52916562],[51.50387257,5.52917191],[51.50411446,5.52949875],[51.50466561,5.53024349],[51.50489531,5.53055388],[51.50512765,5.53086784],[51.50524668,5.5310287],[51.50555159,5.53160216],[51.50555497,5.53160852],[51.50556079,5.53161947],[51.50527557,5.5319041],[51.50522239,5.53196395],[51.50518221,5.53202374],[51.5051691,5.53207216],[51.50515805,5.5321227],[51.50514186,5.53221357],[51.50514979,5.53222149],[51.50515742,5.53222911],[51.50516166,5.53233785],[51.5051733,5.53263579],[51.50515366,5.53270265],[51.50551129,5.53326348],[51.50585233,5.5338026],[51.5059019,5.53390655],[51.50593429,5.53401592],[51.50596252,5.53414257],[51.50598714,5.53432465],[51.50614282,5.53553739],[51.5062913,5.5356752],[51.50650064,5.53585008],[51.50667037,5.53598911],[51.50670839,5.53603383],[51.50674786,5.53609499],[51.50690747,5.5364551],[51.50706515,5.53684291],[51.50723414,5.53729715],[51.50730707,5.53752741],[51.50735662,5.53773178],[51.50740613,5.53795257],[51.50745274,5.53815693],[51.50751726,5.53838454],[51.50759598,5.53867585],[51.50766606,5.53885681],[51.50783798,5.53916187],[51.50815207,5.53965822],[51.50817726,5.53969594],[51.50832303,5.53991425],[51.50833869,5.53992678],[51.5083839,5.53994725],[51.50845954,5.54000118],[51.50847499,5.54002062],[51.50874092,5.54047715],[51.50877606,5.54053508],[51.50879676,5.5405412],[51.50881414,5.5405436],[51.50919776,5.54042602],[51.50927511,5.54041212],[51.50928393,5.54041154],[51.50931994,5.54039794],[51.50934944,5.54042146],[51.5093726,5.54043994],[51.50943181,5.5405097],[51.509648,5.54076445],[51.51001372,5.54134264],[51.51022829,5.5416679],[51.51062708,5.54227242],[51.51094444,5.54276611],[51.51151302,5.54370402],[51.51171469,5.54407226],[51.51213189,5.54503431],[51.51265678,5.54618734],[51.51269571,5.54627286],[51.51356409,5.54565947],[51.51517855,5.5446718],[51.51568444,5.54436358],[51.51580323,5.54427946],[51.51587367,5.54419515],[51.51591776,5.54408965],[51.51594428,5.54398407],[51.515962,5.54387845],[51.51596219,5.54373756],[51.51596225,5.54369529],[51.51640249,5.54317548],[51.51668418,5.5428876],[51.51688661,5.54270512],[51.51755105,5.54215788],[51.51807463,5.54175809],[51.51841338,5.54153381],[51.51871255,5.54132347],[51.51887532,5.54121834],[51.51897647,5.54116936],[51.51907324,5.54112037],[51.51917878,5.54107846],[51.5193239,5.54102963],[51.51945581,5.54098781],[51.52037917,5.54075139],[51.52056773,5.54070089],[51.52058323,5.54069673],[51.52066496,5.54067485],[51.52057638,5.54119593],[51.52003438,5.54431074],[51.51998886,5.54471849],[51.51996598,5.54502576],[51.51994975,5.54563432],[51.51997109,5.54562405],[51.52004279,5.54558955],[51.52089811,5.54517801],[51.5210473,5.54510623],[51.52154724,5.54434936],[51.52175805,5.54403019],[51.52215024,5.54440618],[51.52243705,5.5446481],[51.52260202,5.54473939],[51.52275001,5.54476397],[51.52353741,5.54474793],[51.52359658,5.54408095],[51.52362326,5.54385557],[51.52363662,5.54372174],[51.52364577,5.54345402],[51.52365924,5.54324268],[51.52399361,5.54300426],[51.52434592,5.54249815],[51.52453442,5.54223755],[51.52463699,5.54209575],[51.52539954,5.54104151],[51.52601181,5.54019502],[51.52601203,5.54012317],[51.52566631,5.53900483],[51.52564879,5.53886795],[51.52559707,5.53846403],[51.52567445,5.53850033],[51.52574216,5.53849923],[51.52599995,5.53849506],[51.52600119,5.53816529],[51.52600164,5.53804278],[51.52600483,5.53718909],[51.52600488,5.53717465],[51.52600583,5.53692019],[51.52600584,5.53691619],[51.52600623,5.53681163],[51.52505201,5.5367335],[51.52505016,5.53670502],[51.52504541,5.53663137],[51.52482599,5.53323754],[51.52504871,5.53086367],[51.52473465,5.53018576],[51.52433805,5.52932974],[51.5239204,5.52842827],[51.52355944,5.52764921],[51.52294036,5.52631308],[51.52294003,5.52631237],[51.52186904,5.5250479],[51.522025,5.52480627],[51.52207093,5.52473465],[51.52236332,5.52427864],[51.52242904,5.52417615],[51.52343085,5.52261365],[51.52244862,5.52160339],[51.52286315,5.52113845],[51.52284031,5.52106013],[51.52281828,5.52098975],[51.52249184,5.51994775],[51.52251136,5.51993225],[51.52232656,5.5193359],[51.52230812,5.51921303],[51.52226897,5.51895209],[51.52231469,5.51874042],[51.52234439,5.51860293],[51.52256705,5.51757202],[51.52258852,5.51747256],[51.52267036,5.51709359],[51.52267538,5.51707038],[51.52275014,5.51669203],[51.52277254,5.51657785],[51.52286104,5.5161618],[51.52293157,5.51583858],[51.52302485,5.51546151],[51.52312139,5.5150712],[51.5232009,5.51476822],[51.52324914,5.51455143],[51.52331895,5.51440508],[51.52335139,5.5143429],[51.52336281,5.51432101],[51.52347746,5.51411674],[51.52356983,5.51391299],[51.52362632,5.51382971],[51.52370564,5.51371705],[51.52394755,5.51338686],[51.52403944,5.51328201],[51.52407332,5.51325339],[51.5241141,5.51321892],[51.52420734,5.51312256],[51.52429641,5.51303053],[51.52431101,5.51301544],[51.52426001,5.51292101],[51.52422719,5.51286025],[51.52417817,5.51273881],[51.52414193,5.51267228],[51.52396966,5.5123517],[51.52338764,5.51126865],[51.52329145,5.51113436],[51.52325244,5.51105111],[51.52307721,5.51042908],[51.522886,5.50975029],[51.5228853,5.50974742],[51.52283746,5.50955049],[51.52272483,5.50908689],[51.52268759,5.50893361],[51.52268707,5.50893149],[51.522779,5.50887887],[51.52289506,5.50881244],[51.52289669,5.5088115],[51.52298986,5.50875817],[51.52299211,5.50875683],[51.52312872,5.5086824],[51.52325265,5.50860149],[51.52325828,5.50859894],[51.52382776,5.50834116],[51.52344731,5.50744566],[51.52344561,5.50744163],[51.52329449,5.50711764],[51.52303674,5.50656502],[51.52301959,5.50652823],[51.52299942,5.50653291],[51.52247246,5.50665493],[51.52245467,5.50665905],[51.52224221,5.50594826],[51.52223904,5.50593766],[51.52223014,5.50593752],[51.52214909,5.50593621],[51.52204798,5.50532201],[51.52179956,5.50540181],[51.52173741,5.50542607],[51.52166732,5.50545342],[51.52160193,5.50508305],[51.52158018,5.50485753],[51.52154524,5.50463198],[51.52152349,5.50440646],[51.52147103,5.50412449],[51.52143165,5.50394826],[51.52138355,5.50370154],[51.5213355,5.50339845],[51.52130898,5.50324532],[51.52130825,5.50324111],[51.52129628,5.50306016],[51.5212965,5.50283469],[51.5213012,5.5025247],[51.52129703,5.50229922],[51.52130608,5.50203151],[51.52132389,5.50180609],[51.52135529,5.50115796],[51.52139744,5.50026112],[51.52133949,5.5002324],[51.52137051,5.50013068],[51.52138586,5.50008035],[51.52160343,5.50023208],[51.52171327,5.50028167],[51.52181437,5.50028192],[51.52190231,5.50024691],[51.5219815,5.50016961],[51.52205628,5.50011343],[51.52225414,5.50004346],[51.52239487,5.49996631],[51.52275541,5.49984038],[51.52285652,5.49982653],[51.52296638,5.49985501],[51.52302788,5.49989037],[51.52309814,5.49995398],[51.52319041,5.49999647],[51.52325631,5.50002483],[51.52336177,5.50005326],[51.52348041,5.50009583],[51.52365617,5.50015968],[51.52384071,5.50022356],[51.52399891,5.50025918],[51.52412199,5.50025244],[51.52428463,5.50023876],[51.5244385,5.50020391],[51.52458802,5.50013382],[51.5247639,5.50006379],[51.52493544,5.49993739],[51.52503219,5.49989535],[51.52520358,5.49992396],[51.52528708,5.49993826],[51.52534405,5.50011456],[51.52534401,5.50015684],[51.5253351,5.5002766],[51.52531302,5.50038224],[51.52527767,5.50057945],[51.52528177,5.50087541],[51.5252991,5.50113617],[51.52534711,5.5014886],[51.52539947,5.50187628],[51.52550885,5.50239094],[51.52557013,5.50265181],[51.52560517,5.50277872],[51.52570593,5.50311721],[51.52578921,5.5033429],[51.52585505,5.50344172],[51.52592965,5.5035617],[51.526057,5.50366773],[51.52618439,5.50375261],[51.52626789,5.50376692],[51.52639535,5.50376724],[51.52649649,5.50372523],[51.52656249,5.50366198],[51.52665059,5.5034649],[51.52685317,5.50307786],[51.52693243,5.50293008],[51.52705127,5.50276831],[51.52729321,5.50257164],[51.52721831,5.50245384],[51.52709572,5.50226108],[51.52690682,5.50216195],[51.5267269,5.5018585],[51.52676707,5.50171598],[51.5268063,5.50157684],[51.52695139,5.50153492],[51.5271051,5.50166215],[51.52741247,5.50198707],[51.52743717,5.50189832],[51.52773005,5.50084631],[51.52784467,5.5005013],[51.52791189,5.5002902],[51.52800317,5.5000036],[51.52800412,5.50000062],[51.52800474,5.49999859],[51.52802845,5.49992057],[51.52852968,5.49827161],[51.52765447,5.49719658],[51.5273598,5.49683463],[51.52704875,5.4964526],[51.52711097,5.49596842],[51.52712856,5.49579723],[51.52715405,5.49554933],[51.527217,5.49493294],[51.52723485,5.49464407],[51.52722185,5.49443968],[51.52720883,5.49426349],[51.52720641,5.49425377],[51.52719131,5.49419298],[51.5271519,5.49403786],[51.52709488,5.49390384],[51.5269939,5.49376974],[51.5267291,5.49351283],[51.52671724,5.49350132],[51.52669088,5.49348012],[51.52668559,5.49344915],[51.52774619,5.49276153],[51.52784837,5.49269529],[51.52889911,5.49201403],[51.53024784,5.49113949],[51.53025874,5.49113241],[51.53032311,5.49109068],[51.53033616,5.49108391],[51.53037987,5.49106186],[51.53039586,5.49105081],[51.530856,5.49073318],[51.53142239,5.49032582],[51.53180297,5.49003489],[51.53246705,5.4895054],[51.53274491,5.48928385],[51.5327551,5.48927573],[51.53301796,5.48906187],[51.53306561,5.48903231],[51.53319487,5.48895882],[51.53326588,5.48884622],[51.53328525,5.48881549],[51.53335328,5.48880433],[51.53392239,5.48871096],[51.53392248,5.48871092],[51.53392265,5.48871089],[51.53447433,5.48862047],[51.53472995,5.48857853],[51.53744207,5.48847866],[51.53808362,5.48827934],[51.53815138,5.48825829],[51.53897868,5.48800126],[51.53937011,5.48811727],[51.53962101,5.48819163],[51.53972038,5.4882374],[51.54032794,5.4882426],[51.54036951,5.48823063],[51.54067889,5.48814154],[51.54136266,5.48794467],[51.54134319,5.48770162],[51.54166466,5.48740114],[51.54175275,5.48731879],[51.54184841,5.4871458],[51.54180175,5.48642774],[51.54179134,5.48626766],[51.54177838,5.48606811],[51.54170464,5.48493493],[51.54171995,5.48492743],[51.54170965,5.48483783],[51.54170372,5.48473518],[51.54169363,5.48456071],[51.54169359,5.48455991],[51.54168142,5.48434945],[51.54165102,5.48392026],[51.54163335,5.48367073],[51.54159949,5.48309941],[51.54159868,5.48308571],[51.54159866,5.48308553],[51.54159864,5.48308532],[51.54153811,5.4823455],[51.54153164,5.48226644],[51.54126154,5.47896646],[51.54093665,5.4749987],[51.54092948,5.47489973],[51.54091712,5.47472911],[51.5408652,5.47401272],[51.54082847,5.47350571],[51.54081653,5.47349152],[51.54077096,5.47275856],[51.54076813,5.47270563],[51.54076229,5.47259643],[51.54075824,5.47211701],[51.54075024,5.47103149],[51.54074932,5.47095155],[51.54073245,5.46947997],[51.54072954,5.469227],[51.54071662,5.46888218],[51.54069048,5.46861474],[51.54068581,5.46857935],[51.54066484,5.46842041],[51.54064683,5.46828393],[51.54061192,5.46810831],[51.54056127,5.46790458],[51.54055919,5.46789623],[51.54052004,5.46773526],[51.54046756,5.46759465],[51.54040155,5.46741272],[51.54037545,5.46734079],[51.54002899,5.46646663],[51.53993225,5.46621216],[51.5398238,5.46590306],[51.53983903,5.46588852],[51.53725348,5.45332659],[51.53722424,5.45318456],[51.53708763,5.4524915],[51.53703502,5.45224474],[51.53676762,5.4509475],[51.53671063,5.45066552],[51.53667556,5.45048926],[51.53645195,5.44945289],[51.53639061,5.44908631],[51.53632485,5.44876906],[51.53614947,5.44793715],[51.5360004,5.44723217],[51.53587324,5.44661883],[51.53585175,5.44651323],[51.53581188,5.44631733],[51.53579432,5.44623109],[51.53564963,5.44551906],[51.53550588,5.4448125],[51.53549617,5.44476475],[51.53542161,5.44441931],[51.53532916,5.44396554],[51.53500503,5.44237492],[51.53499248,5.44230245],[51.53490484,5.44187355],[51.5348093,5.44140593],[51.53467012,5.44072478],[51.53460819,5.44055444],[51.53445225,5.43979487],[51.53429712,5.43902754],[51.53428507,5.43896798],[51.53423988,5.4387558],[51.53398132,5.43745503],[51.53397284,5.43741238],[51.53405204,5.43562037],[51.53407949,5.43554126],[51.53427185,5.43498707],[51.53433097,5.43483175],[51.5344104,5.43459688],[51.53432809,5.43442444],[51.53384979,5.43342234],[51.53373182,5.43298844],[51.53373088,5.43298492],[51.53355732,5.43234642],[51.53355727,5.43234627],[51.53334693,5.43157273],[51.5348463,5.42991002],[51.53497018,5.42983486],[51.53494955,5.42974102],[51.53486931,5.42934459],[51.53483306,5.42912357],[51.53480736,5.42895592],[51.53479784,5.42890931],[51.53480413,5.42890356],[51.53482981,5.42888016],[51.53486707,5.42884621],[51.53467501,5.42713555],[51.53454789,5.42612762],[51.53448646,5.42578928],[51.53442439,5.42545511],[51.53442138,5.42545685],[51.53423191,5.42460653],[51.53405514,5.42384289],[51.53400835,5.42388719],[51.53400692,5.42388855],[51.53398745,5.42380138],[51.53398642,5.42379629],[51.53331923,5.42442453],[51.53285417,5.42486241],[51.53247438,5.42522],[51.532382,5.42530365],[51.53252801,5.42574202],[51.53274474,5.42642064],[51.53273282,5.42643386],[51.53250413,5.42666617],[51.53189474,5.42728914],[51.53189325,5.42729067],[51.53182074,5.42735919],[51.53166634,5.42750512],[51.53162062,5.42740164],[51.53130295,5.42643909],[51.53047853,5.42720755],[51.52937376,5.42823724],[51.52935207,5.42825985],[51.52845084,5.42919901],[51.52844371,5.42920642],[51.52655854,5.43117081],[51.52653688,5.43119285],[51.52635074,5.43138229],[51.52621326,5.4315222],[51.52585512,5.43188667],[51.52583084,5.43191138],[51.5258306,5.43191162],[51.52439708,5.43337044],[51.5243903,5.43337734],[51.52431965,5.43344923],[51.52414096,5.43363116],[51.52412154,5.43365083],[51.52354976,5.43423163],[51.52354151,5.43424135],[51.5227973,5.43511759],[51.52279134,5.4351246],[51.52227383,5.43573391],[51.52204056,5.43600857],[51.5211984,5.43700006],[51.52119172,5.43700958],[51.52109103,5.43715297],[51.52107707,5.43711805],[51.52062443,5.43766827],[51.5170149,5.44183189],[51.5149318,5.44425384],[51.51490405,5.4442861],[51.51484481,5.44435496],[51.5148159,5.44438859],[51.51469732,5.44452644],[51.51397366,5.44536765],[51.51251801,5.44705973],[51.51239172,5.44718575],[51.51206899,5.44750777],[51.51115573,5.44711438],[51.51099404,5.44704473],[51.5096684,5.44647375],[51.50871011,5.44606099],[51.50809883,5.44579297],[51.50763273,5.44559385],[51.5057142,5.44478228],[51.50500267,5.44448132],[51.50494439,5.44445882],[51.50484466,5.44441733],[51.50418694,5.4441382],[51.50415817,5.44412603],[51.50410939,5.4441054],[51.50402673,5.44407044],[51.50353061,5.44386059],[51.50347346,5.44383642],[51.50330992,5.44376726],[51.5021162,5.44326236],[51.50206184,5.44323938],[51.50166362,5.44307098],[51.50162364,5.44305406],[51.50121183,5.44287989],[51.50100684,5.4427932],[51.5007222,5.44267283],[51.49980965,5.44228692],[51.49959878,5.44219773],[51.49956208,5.44218222],[51.49874049,5.44183479],[51.49812482,5.44157445],[51.49617873,5.44075158],[51.49616675,5.44074651],[51.49615186,5.44074075],[51.49606837,5.4407084],[51.49605932,5.44070489],[51.49549039,5.44140663],[51.49510474,5.44174908],[51.49444867,5.44230532],[51.49438168,5.44233941],[51.49425234,5.44240522],[51.49415682,5.44245383]]]]},"id":"b20072a9-91d7-5b36-94f2-df4805ebf775"}],"numberReturned":10}